id	title	description	link	image_link	price	availability	condition	brand	identifier_exists	google_product_category	product_type
CW-9057	1792 Bourbon	Produced by 1792 Bourbon Distillery in Kentucky, USA, 1792 Bourbon is built around Baking Spice, Caramel and Citrus Peel. At $25.99, it's an easy, versatile bottle for everyday drinking or gifting, with same-day delivery available in 33 U.S. states and 7 Canadian provinces.	https://caskworth.com/products/1792-bourbon	https://caskworth.com/assets/images/products/1792-bourbon.webp?v=20260915b	25.99 USD	in_stock	new	1792 Bourbon Distillery	no	Food, Beverages & Tobacco > Beverages > Alcoholic Beverages > Liquor & Spirits	Bourbon
4804	A. de Fussigny X.O Cognac	A. de Fussigny's A. de Fussigny X.O Cognac draws on Cognac, France's classic profile — Floral, Light Fruit and a touch of Creamy. Bottled at 40% ABV and priced at $179.99, it rewards drinkers looking to move beyond entry-level bottles, with same-day delivery available where in stock.	https://caskworth.com/products/a-de-fussigny-xo-cognac	https://caskworth.com/assets/images/products/a-de-fussigny-xo-cognac.webp?v=20260915b	179.99 USD	in_stock	new	A. de Fussigny	no	Food, Beverages & Tobacco > Beverages > Alcoholic Beverages > Liquor & Spirits	Bourbon
3606	Aberfeldy 12 Year	Aberfeldy 12 Year comes from Aberfeldy Distillery in Highland, Scotland, showcasing Honey and Soft Fruit character typical of the region. At $44.99, it's an easy, versatile bottle for everyday drinking or gifting, with same-day delivery available in 33 U.S. states and 7 Canadian provinces.	https://caskworth.com/products/aberfeldy-12-year	https://caskworth.com/assets/images/products/aberfeldy-12-year.webp?v=20260915b	44.99 USD	in_stock	new	Aberfeldy Distillery	no	Food, Beverages & Tobacco > Beverages > Alcoholic Beverages > Liquor & Spirits	Bourbon
3607	Aberfeldy 16 Year	Aberfeldy 16 Year comes from Aberfeldy Distillery in Highland, Scotland, showcasing Rich Honey and Dried Fruit character typical of the region. Priced at $74.99, it's a reliable everyday pour, bottled at 40% ABV, with same-day delivery available in 33 U.S. states and 7 Canadian provinces.	https://caskworth.com/products/aberfeldy-16-year	https://caskworth.com/assets/images/products/aberfeldy-16-year.webp?v=20260915b	74.99 USD	in_stock	new	Aberfeldy Distillery	no	Food, Beverages & Tobacco > Beverages > Alcoholic Beverages > Liquor & Spirits	Bourbon
3101	Aberlour 12 Year Double Cask	From Aberlour Distillery in Speyside, Scotland, Aberlour 12 Year Double Cask layers Sherry and Honey into a distinctive character. Priced at $44.99, it's a reliable everyday pour, bottled at 40% ABV, with same-day delivery available in 33 U.S. states and 7 Canadian provinces.	https://caskworth.com/products/aberlour-12-year-double-cask	https://caskworth.com/assets/images/products/aberlour-12-year-double-cask.webp?v=20260915b	44.99 USD	in_stock	new	Aberlour Distillery	no	Food, Beverages & Tobacco > Beverages > Alcoholic Beverages > Liquor & Spirits	Bourbon
3102	Aberlour 16 Year Double Cask	From Aberlour Distillery in Speyside, Scotland, Aberlour 16 Year Double Cask layers Rich Fruit and Toffee into a distinctive character. At $89.99, it's an easy, versatile bottle for everyday drinking or gifting, with same-day delivery available in 33 U.S. states and 7 Canadian provinces.	https://caskworth.com/products/aberlour-16-year-double-cask	https://caskworth.com/assets/images/products/aberlour-16-year-double-cask.webp?v=20260915b	89.99 USD	in_stock	new	Aberlour Distillery	no	Food, Beverages & Tobacco > Beverages > Alcoholic Beverages > Liquor & Spirits	Bourbon
3104	Aberlour 18 Year	Aberlour 18 Year comes from Aberlour Distillery in Speyside, Scotland, showcasing Rich Sherry and Christmas Cake character typical of the region. Bottled at 43% ABV and priced at $149.99, it rewards drinkers looking to move beyond entry-level bottles, with same-day delivery available where in stock.	https://caskworth.com/products/aberlour-18-year	https://caskworth.com/assets/images/products/aberlour-18-year.webp?v=20260915b	149.99 USD	in_stock	new	Aberlour Distillery	no	Food, Beverages & Tobacco > Beverages > Alcoholic Beverages > Liquor & Spirits	Bourbon
3103	Aberlour A'bunadh Cask Strength	From Aberlour Distillery in Speyside, Scotland, Aberlour A'bunadh Cask Strength layers Intense Sherry and Dark Fruit into a distinctive character. Priced at $69.99, it's a reliable everyday pour, bottled at 61.2% ABV, with same-day delivery available in 33 U.S. states and 7 Canadian provinces.	https://caskworth.com/products/aberlour-abunadh-cask-strength	https://caskworth.com/assets/images/products/aberlour-abunadh-cask-strength.webp?v=20260915b	69.99 USD	in_stock	new	Aberlour Distillery	no	Food, Beverages & Tobacco > Beverages > Alcoholic Beverages > Liquor & Spirits	Bourbon
CW-9147	ABK6	ABK6's ABK6 draws on Cognac, France's classic profile — Dried Fruit, Vanilla and a touch of Oak. Priced at $54.99, it's a reliable everyday pour, bottled at 40% ABV, with same-day delivery available in 33 U.S. states and 7 Canadian provinces.	https://caskworth.com/products/abk6-cognac	https://caskworth.com/assets/images/products/abk6-cognac.webp?v=20260915b	54.99 USD	in_stock	new	ABK6	no	Food, Beverages & Tobacco > Beverages > Alcoholic Beverages > Liquor & Spirits	Bourbon
CW-9154	A.E. Dor VSOP Fine Champagne	Produced by A.E. Dor in Cognac, France, A.E. Dor VSOP Fine Champagne is built around Dried Fruit, Vanilla and Oak. At $269.99, it's a genuine step up for a special occasion, with same-day delivery available in 33 U.S. states and 7 Canadian provinces.	https://caskworth.com/products/ae-dor-vsop-fine-champagne	https://caskworth.com/assets/images/products/ae-dor-vsop-fine-champagne.webp?v=20260915b	269.99 USD	in_stock	new	A.E. Dor	no	Food, Beverages & Tobacco > Beverages > Alcoholic Beverages > Liquor & Spirits	Bourbon
CW-9094	A.H. Hirsch Reserve	A.H. Hirsch Reserve Distillery's A.H. Hirsch Reserve draws on Kentucky, USA's classic profile — Toffee, Oak and a touch of Dried Fruit. Priced at $7078.00, it's aimed squarely at collectors rather than everyday drinking, with delivery arranged directly where in stock.	https://caskworth.com/products/ah-hirsch-reserve-bourbon	https://caskworth.com/assets/images/products/ah-hirsch-reserve-bourbon.webp?v=20260915b	7078.00 USD	in_stock	new	A.H. Hirsch Reserve Distillery	no	Food, Beverages & Tobacco > Beverages > Alcoholic Beverages > Liquor & Spirits	Bourbon
CW-9213	Akashi White Oak	Produced by Akashi Distillery in Japan, Akashi White Oak is built around Honey, Light Smoke and Orchard Fruit. At $45.99, it's an easy, versatile bottle for everyday drinking or gifting, with same-day delivery available in 33 U.S. states and 7 Canadian provinces.	https://caskworth.com/products/akashi-whisky	https://caskworth.com/assets/images/products/akashi-whisky.webp?v=20260915b	45.99 USD	in_stock	new	Akashi Distillery	no	Food, Beverages & Tobacco > Beverages > Alcoholic Beverages > Liquor & Spirits	Bourbon
ca_can117	Alberta Premium 25 Year	Produced by Various in Canada, Alberta Premium 25 Year is built around Vanilla, Oak and Smooth. Priced at $1,800, it's aimed squarely at collectors rather than everyday drinking, with delivery arranged directly where in stock.	https://caskworth.com/products/alberta-premium-25-year	https://caskworth.com/assets/images/products/alberta-premium-25-year.webp?v=20260915b	1799.99 USD	in_stock	new	Alberta Distillers	no	Food, Beverages & Tobacco > Beverages > Alcoholic Beverages > Liquor & Spirits	Bourbon
ca_can118	Alberta Premium 30 Year Dark Horse	Alberta Premium 30 Year Dark Horse comes from Various in Canada, showcasing Vanilla and Oak character typical of the region. At $2,500, this is a serious collector's bottle — allocated and rare, with delivery arranged directly where in stock.	https://caskworth.com/products/alberta-premium-30-year-dark-horse	https://caskworth.com/assets/images/products/alberta-premium-30-year-dark-horse.webp?v=20260915b	2499.99 USD	in_stock	new	Alberta Distillers	no	Food, Beverages & Tobacco > Beverages > Alcoholic Beverages > Liquor & Spirits	Bourbon
ca_can116	Alberta Premium Cask Strength Rye	From Various in Canada, Alberta Premium Cask Strength Rye layers Vanilla and Oak into a distinctive character. Bottled at 40% ABV and priced at $499.99, it rewards drinkers looking to move beyond entry-level bottles, with same-day delivery available where in stock.	https://caskworth.com/products/alberta-premium-cask-strength-rye	https://caskworth.com/assets/images/products/alberta-premium-cask-strength-rye.webp?v=20260915b	499.99 USD	in_stock	new	Alberta Distillers	no	Food, Beverages & Tobacco > Beverages > Alcoholic Beverages > Liquor & Spirits	Bourbon
CW-9059	Ancient Age	Ancient Age comes from Ancient Age Distillery in Kentucky, USA, showcasing Caramel and Vanilla character typical of the region. Priced at $16.49, it's a reliable everyday pour, bottled at 45% ABV, with same-day delivery available in 33 U.S. states and 7 Canadian provinces.	https://caskworth.com/products/ancient-age-bourbon	https://caskworth.com/assets/images/products/ancient-age-bourbon.webp?v=20260915b	16.49 USD	in_stock	new	Ancient Age Distillery	no	Food, Beverages & Tobacco > Beverages > Alcoholic Beverages > Liquor & Spirits	Bourbon
3608	AnCnoc 12 Year	AnCnoc 12 Year comes from Knockdhu Distillery in Speyside, Scotland, showcasing Fresh Citrus and Honey character typical of the region. At $39.99, it's an easy, versatile bottle for everyday drinking or gifting, with same-day delivery available in 33 U.S. states and 7 Canadian provinces.	https://caskworth.com/products/ancnoc-12-year	https://caskworth.com/assets/images/products/ancnoc-12-year.webp?v=20260915b	39.99 USD	in_stock	new	Knockdhu Distillery	no	Food, Beverages & Tobacco > Beverages > Alcoholic Beverages > Liquor & Spirits	Bourbon
3609	AnCnoc 18 Year	Knockdhu Distillery's AnCnoc 18 Year draws on Speyside, Scotland's classic profile — Rich Fruit, Honey and a touch of Complex Spice. At $79.99, it's an easy, versatile bottle for everyday drinking or gifting, with same-day delivery available in 33 U.S. states and 7 Canadian provinces.	https://caskworth.com/products/ancnoc-18-year	https://caskworth.com/assets/images/products/ancnoc-18-year.webp?v=20260915b	79.99 USD	in_stock	new	Knockdhu Distillery	no	Food, Beverages & Tobacco > Beverages > Alcoholic Beverages > Liquor & Spirits	Bourbon
939	Angel's Envy Cask Strength Port Finish	Angel's Envy Cask Strength Port Finish comes from Angel's Envy Distillery in Louisville, USA, showcasing Port Wine and Dark Fruit character typical of the region. Bottled at 60% ABV and priced at $249.99, it rewards drinkers looking to move beyond entry-level bottles, with same-day delivery available where in stock.	https://caskworth.com/products/angels-envy-cask-strength-port-finish	https://caskworth.com/assets/images/products/angels-envy-cask-strength-port-finish.webp?v=20260915b	249.99 USD	in_stock	new	Angel's Envy Distillery	no	Food, Beverages & Tobacco > Beverages > Alcoholic Beverages > Liquor & Spirits	Bourbon
2903	Angel's Envy Finished in Tawny Port Barrels	Angel's Envy Finished in Tawny Port Barrels comes from Angel's Envy Distillery in Louisville, USA, showcasing Tawny Port and Nutty character typical of the region. Priced at $54.99, it's a reliable everyday pour, bottled at 43.3% ABV, with same-day delivery available in 33 U.S. states and 7 Canadian provinces.	https://caskworth.com/products/angels-envy-finished-in-tawny-port-barrels	https://caskworth.com/assets/images/products/angels-envy-finished-in-tawny-port-barrels.webp?v=20260915b	54.99 USD	in_stock	new	Angel's Envy Distillery	no	Food, Beverages & Tobacco > Beverages > Alcoholic Beverages > Liquor & Spirits	Bourbon
2901	Angel's Envy Kentucky Straight Bourbon	From Angel's Envy Distillery in Louisville, USA, Angel's Envy Kentucky Straight Bourbon layers Port Wine and Dark Fruit into a distinctive character. Priced at $44.99, it's a reliable everyday pour, bottled at 43.3% ABV, with same-day delivery available in 33 U.S. states and 7 Canadian provinces.	https://caskworth.com/products/angels-envy-kentucky-straight-bourbon	https://caskworth.com/assets/images/products/angels-envy-kentucky-straight-bourbon.webp?v=20260915b	44.99 USD	in_stock	new	Angel's Envy Distillery	no	Food, Beverages & Tobacco > Beverages > Alcoholic Beverages > Liquor & Spirits	Bourbon
2902	Angel's Envy Rye Whiskey	From Angel's Envy Distillery in Louisville, USA, Angel's Envy Rye Whiskey layers Tropical Rum and Rye Spice into a distinctive character. Priced at $79.99, it's a reliable everyday pour, bottled at 50% ABV, with same-day delivery available in 33 U.S. states and 7 Canadian provinces.	https://caskworth.com/products/angels-envy-rye-whiskey	https://caskworth.com/assets/images/products/angels-envy-rye-whiskey.webp?v=20260915b	79.99 USD	in_stock	new	Angel's Envy Distillery	no	Food, Beverages & Tobacco > Beverages > Alcoholic Beverages > Liquor & Spirits	Bourbon
CW-9204	Ararat Erebuni 30 Year Old Armenian Brandy	Produced by Ararat in Armenia, Ararat Erebuni 30 Year Old Armenian Brandy is built around Dried Fruit, Toffee and Oak. At $1099.99, this is a serious collector's bottle — allocated and rare, with delivery arranged directly where in stock.	https://caskworth.com/products/ararat-erebuni-30-year-old-armenian-brandy	https://caskworth.com/assets/images/products/ararat-erebuni-30-year-old-armenian-brandy.webp?v=20260915b	1099.99 USD	in_stock	new	Ararat	no	Food, Beverages & Tobacco > Beverages > Alcoholic Beverages > Liquor & Spirits	Bourbon
922	Ardbeg 25 Year Timeless	Ardbeg 25 Year Timeless comes from Ardbeg Distillery in Islay, Scotland, showcasing Intense Peat and Dark Fruit character typical of the region. At $499.99, it's a genuine step up for a special occasion, with same-day delivery available in 33 U.S. states and 7 Canadian provinces.	https://caskworth.com/products/ardbeg-25-year-timeless	https://caskworth.com/assets/images/products/ardbeg-25-year-timeless.webp?v=20260915b	499.99 USD	in_stock	new	Ardbeg Distillery	no	Food, Beverages & Tobacco > Beverages > Alcoholic Beverages > Liquor & Spirits	Bourbon
5205	Argonaut Fat Thumb California Brandy	Argonaut Brandy's Argonaut Fat Thumb California Brandy draws on California, USA's classic profile — Rich Stone Fruit, Vanilla and a touch of Toasted Oak. At $49.99, it's an easy, versatile bottle for everyday drinking or gifting, with same-day delivery available in 33 U.S. states and 7 Canadian provinces.	https://caskworth.com/products/argonaut-fat-thumb-california-brandy	https://caskworth.com/assets/images/products/argonaut-fat-thumb-california-brandy.webp?v=20260915b	49.99 USD	in_stock	new	Argonaut Brandy	no	Food, Beverages & Tobacco > Beverages > Alcoholic Beverages > Liquor & Spirits	Bourbon
1109	Around the World Whisky Experience	From Caskworth Curated in International, Around the World Whisky Experience layers Global and Variety into a distinctive character. Priced at $999.99, it rewards drinkers looking to move beyond entry-level bottles, with same-day delivery available where in stock.	https://caskworth.com/products/around-the-world-whisky-experience	https://caskworth.com/assets/images/products/around-the-world-whisky-experience.webp?v=20260915b	999.99 USD	in_stock	new	Caskworth Curated	no	Food, Beverages & Tobacco > Beverages > Alcoholic Beverages > Liquor & Spirits	Bourbon
CW-9019	Isle of Arran	Produced by Isle of Arran Distillery in Scottish Islands, Isle of Arran is built around Sea Spray, Peat and Citrus. Priced at $74.99, it's a reliable everyday pour, bottled at 40% ABV, with same-day delivery available in 33 U.S. states and 7 Canadian provinces.	https://caskworth.com/products/arran-single-malt-scotch	https://caskworth.com/assets/images/products/arran-single-malt-scotch.webp?v=20260915b	74.99 USD	in_stock	new	Isle of Arran Distillery	no	Food, Beverages & Tobacco > Beverages > Alcoholic Beverages > Liquor & Spirits	Bourbon
CW-9187	Asbach Uralt	Produced by Asbach Uralt in Germany, Asbach Uralt is built around Dried Fruit, Toffee and Oak. At $59.99, it's an easy, versatile bottle for everyday drinking or gifting, with same-day delivery available in 33 U.S. states and 7 Canadian provinces.	https://caskworth.com/products/asbach-brandy	https://caskworth.com/assets/images/products/asbach-brandy.webp?v=20260915b	59.99 USD	in_stock	new	Asbach Uralt	no	Food, Beverages & Tobacco > Beverages > Alcoholic Beverages > Liquor & Spirits	Bourbon
3704	Auchentoshan American Oak	Auchentoshan Distillery's Auchentoshan American Oak draws on Lowland, Scotland's classic profile — Vanilla, Coconut and a touch of Light Fruit. At $39.99, it's an easy, versatile bottle for everyday drinking or gifting, with same-day delivery available in 33 U.S. states and 7 Canadian provinces.	https://caskworth.com/products/auchentoshan-american-oak	https://caskworth.com/assets/images/products/auchentoshan-american-oak.webp?v=20260915b	39.99 USD	in_stock	new	Auchentoshan Distillery	no	Food, Beverages & Tobacco > Beverages > Alcoholic Beverages > Liquor & Spirits	Bourbon
3703	Auchentoshan Three Wood	Auchentoshan Distillery's Auchentoshan Three Wood draws on Lowland, Scotland's classic profile — Dark Fruit, Sherry and a touch of Rich Toffee. At $74.99, it's an easy, versatile bottle for everyday drinking or gifting, with same-day delivery available in 33 U.S. states and 7 Canadian provinces.	https://caskworth.com/products/auchentoshan-three-wood	https://caskworth.com/assets/images/products/auchentoshan-three-wood.webp?v=20260915b	74.99 USD	in_stock	new	Auchentoshan Distillery	no	Food, Beverages & Tobacco > Beverages > Alcoholic Beverages > Liquor & Spirits	Bourbon
CW-9156	Bache-Gabrielsen VSOP Pure & Rustic	Produced by Bache-Gabrielsen in Cognac, France, Bache-Gabrielsen VSOP Pure & Rustic is built around Dried Fruit, Vanilla and Oak. Priced at $67.99, it's a reliable everyday pour, bottled at 40% ABV, with same-day delivery available in 33 U.S. states and 7 Canadian provinces.	https://caskworth.com/products/bache-gabrielsen-vsop-pure-and-rustic	https://caskworth.com/assets/images/products/bache-gabrielsen-vsop-pure-and-rustic.webp?v=20260915b	67.99 USD	in_stock	new	Bache-Gabrielsen	no	Food, Beverages & Tobacco > Beverages > Alcoholic Beverages > Liquor & Spirits	Bourbon
CW-9052	Baker's Bourbon	Baker's Bourbon comes from Baker's Bourbon Distillery in Kentucky, USA, showcasing Caramel and Vanilla character typical of the region. Priced at $72.99, it's a reliable everyday pour, bottled at 45% ABV, with same-day delivery available in 33 U.S. states and 7 Canadian provinces.	https://caskworth.com/products/bakers-bourbon	https://caskworth.com/assets/images/products/bakers-bourbon.webp?v=20260915b	72.99 USD	in_stock	new	Baker's Bourbon Distillery	no	Food, Beverages & Tobacco > Beverages > Alcoholic Beverages > Liquor & Spirits	Bourbon
CW-9029	Balblair 12 Year	From Balblair Distillery in Highland, Scotland, Balblair 12 Year layers Heather and Malt into a distinctive character. Priced at $73.99, it's a reliable everyday pour, bottled at 40% ABV, with same-day delivery available in 33 U.S. states and 7 Canadian provinces.	https://caskworth.com/products/balblair-12-year	https://caskworth.com/assets/images/products/balblair-12-year.webp?v=20260915b	73.99 USD	in_stock	new	Balblair Distillery	no	Food, Beverages & Tobacco > Beverages > Alcoholic Beverages > Liquor & Spirits	Bourbon
CW-9068	Balcones	Balcones Distillery's Balcones draws on Texas, USA's classic profile — Caramel, Vanilla and a touch of Oak. At $33.99, it's an easy, versatile bottle for everyday drinking or gifting, with same-day delivery available in 33 U.S. states and 7 Canadian provinces.	https://caskworth.com/products/balcones-whiskey	https://caskworth.com/assets/images/products/balcones-whiskey.webp?v=20260915b	33.99 USD	in_stock	new	Balcones Distillery	no	Food, Beverages & Tobacco > Beverages > Alcoholic Beverages > Liquor & Spirits	Bourbon
CW-9000	Ballantine's Finest	Ballantine's Distillery's Ballantine's Finest draws on Scotland's classic profile — Honey, Malt and a touch of Soft Smoke. At $17.99, it's an easy, versatile bottle for everyday drinking or gifting, with same-day delivery available in 33 U.S. states and 7 Canadian provinces.	https://caskworth.com/products/ballantines-scotch-whisky	https://caskworth.com/assets/images/products/ballantines-scotch-whisky.webp?v=20260915b	17.99 USD	in_stock	new	Ballantine's Distillery	no	Food, Beverages & Tobacco > Beverages > Alcoholic Beverages > Liquor & Spirits	Bourbon
915	Balvenie 21 Year PortWood	From The Balvenie Distillery in Speyside, Scotland, Balvenie 21 Year PortWood layers Dried Fruit and Honey into a distinctive character. Bottled at 40% ABV and priced at $299.99, it rewards drinkers looking to move beyond entry-level bottles, with same-day delivery available where in stock.	https://caskworth.com/products/balvenie-21-year-portwood	https://caskworth.com/assets/images/products/balvenie-21-year-portwood.webp?v=20260915b	299.99 USD	in_stock	new	The Balvenie Distillery	no	Food, Beverages & Tobacco > Beverages > Alcoholic Beverages > Liquor & Spirits	Bourbon
CW-9045	Balvenie 25 Year Old	Balvenie Distillery's Balvenie 25 Year Old draws on Speyside, Scotland's classic profile — Honey, Orchard Fruit and a touch of Vanilla. At $901.00, it's a genuine step up for a special occasion, with same-day delivery available in 33 U.S. states and 7 Canadian provinces.	https://caskworth.com/products/balvenie-25-year-old	https://caskworth.com/assets/images/products/balvenie-25-year-old.webp?v=20260915b	901.00 USD	in_stock	new	Balvenie Distillery	no	Food, Beverages & Tobacco > Beverages > Alcoholic Beverages > Liquor & Spirits	Bourbon
916	Balvenie 30 Year	The Balvenie Distillery's Balvenie 30 Year draws on Speyside, Scotland's classic profile — Honey, Dried Fruit and a touch of Layered Oak. Priced at $1,500, it's aimed squarely at collectors rather than everyday drinking, with delivery arranged directly where in stock.	https://caskworth.com/products/balvenie-30-year	https://caskworth.com/assets/images/products/balvenie-30-year.webp?v=20260915b	1499.99 USD	in_stock	new	The Balvenie Distillery	no	Food, Beverages & Tobacco > Beverages > Alcoholic Beverages > Liquor & Spirits	Bourbon
1015	Balvenie 50 Year	Balvenie 50 Year comes from The Balvenie Distillery in Speyside, Scotland, showcasing Dried Rose and Ancient Honey character typical of the region. At $45,000, this is a serious collector's bottle — allocated and rare, with delivery arranged directly where in stock.	https://caskworth.com/products/balvenie-50-year	https://caskworth.com/assets/images/products/balvenie-50-year.webp?v=20260915b	45000.0 USD	in_stock	new	The Balvenie Distillery	no	Food, Beverages & Tobacco > Beverages > Alcoholic Beverages > Liquor & Spirits	Bourbon
CW-9076	Bardstown Bourbon Co. Origin Series	Bardstown Bourbon Co. Origin Series comes from Bardstown Bourbon Co. Distillery in Kentucky, USA, showcasing Caramel and Vanilla character typical of the region. Priced at $46.99, it's a reliable everyday pour, bottled at 45% ABV, with same-day delivery available in 33 U.S. states and 7 Canadian provinces.	https://caskworth.com/products/bardstown-bourbon-co-origin-series	https://caskworth.com/assets/images/products/bardstown-bourbon-co-origin-series.webp?v=20260915b	46.99 USD	in_stock	new	Bardstown Bourbon Co. Distillery	no	Food, Beverages & Tobacco > Beverages > Alcoholic Beverages > Liquor & Spirits	Bourbon
CW-9063	Bardstown Bourbon Company	Bardstown Bourbon Company Distillery's Bardstown Bourbon Company draws on Kentucky, USA's classic profile — Caramel, Vanilla and a touch of Oak. Bottled at 45% ABV and priced at $139.99, it rewards drinkers looking to move beyond entry-level bottles, with same-day delivery available where in stock.	https://caskworth.com/products/bardstown-bourbon-company	https://caskworth.com/assets/images/products/bardstown-bourbon-company.webp?v=20260915b	139.99 USD	in_stock	new	Bardstown Bourbon Company Distillery	no	Food, Beverages & Tobacco > Beverages > Alcoholic Beverages > Liquor & Spirits	Bourbon
CW-9206	Baron de Lustrac Bas-Armagnac 40 Year Old	Baron de Lustrac's Baron de Lustrac Bas-Armagnac 40 Year Old draws on Armagnac, France's classic profile — Prune, Fig and a touch of Oak. Bottled at 40% ABV and priced at $999.97, it rewards drinkers looking to move beyond entry-level bottles, with same-day delivery available where in stock.	https://caskworth.com/products/baron-de-lustrac-bas-armagnac-40-year-old	https://caskworth.com/assets/images/products/baron-de-lustrac-bas-armagnac-40-year-old.webp?v=20260915b	999.97 USD	in_stock	new	Baron de Lustrac	no	Food, Beverages & Tobacco > Beverages > Alcoholic Beverages > Liquor & Spirits	Bourbon
CW-9190	Baron de Sigognac	From Baron de Sigognac in Armagnac, France, Baron de Sigognac layers Prune and Fig into a distinctive character. At $229.99, it's a genuine step up for a special occasion, with same-day delivery available in 33 U.S. states and 7 Canadian provinces.	https://caskworth.com/products/baron-de-sigognac-armagnac	https://caskworth.com/assets/images/products/baron-de-sigognac-armagnac.webp?v=20260915b	229.99 USD	in_stock	new	Baron de Sigognac	no	Food, Beverages & Tobacco > Beverages > Alcoholic Beverages > Liquor & Spirits	Bourbon
CW-9074	Barrell Bourbon	Barrell Bourbon comes from Barrell Bourbon Distillery in Kentucky, USA, showcasing Caramel and Vanilla character typical of the region. At $59.99, it's an easy, versatile bottle for everyday drinking or gifting, with same-day delivery available in 33 U.S. states and 7 Canadian provinces.	https://caskworth.com/products/barrell-bourbon	https://caskworth.com/assets/images/products/barrell-bourbon.webp?v=20260915b	59.99 USD	in_stock	new	Barrell Bourbon Distillery	no	Food, Beverages & Tobacco > Beverages > Alcoholic Beverages > Liquor & Spirits	Bourbon
CW-9180	Barrell Craft Spirits Seagrass Gold Label 20 Year Old Canadian Rye	Barrell Craft Spirits Distillery's Barrell Craft Spirits Seagrass Gold Label 20 Year Old Canadian Rye draws on Canada's classic profile — Rye Spice, Vanilla and a touch of Caramel. At $509.99, it's a genuine step up for a special occasion, with same-day delivery available in 33 U.S. states and 7 Canadian provinces.	https://caskworth.com/products/barrell-craft-spirits-seagrass-gold-label-20-year-old-canadian-rye	https://caskworth.com/assets/images/products/barrell-craft-spirits-seagrass-gold-label-20-year-old-canadian-rye.webp?v=20260915b	509.99 USD	in_stock	new	Barrell Craft Spirits Distillery	no	Food, Beverages & Tobacco > Beverages > Alcoholic Beverages > Liquor & Spirits	Bourbon
5502	Barsol Quebranta Pisco	Barsol Quebranta Pisco comes from Barsol in Ica, Peru, showcasing Banana and Grape character typical of the region. Priced at $29.99, it's a reliable everyday pour, bottled at 41.3% ABV, with same-day delivery available in 33 U.S. states and 7 Canadian provinces.	https://caskworth.com/products/barsol-quebranta-pisco	https://caskworth.com/assets/images/products/barsol-quebranta-pisco.webp?v=20260915b	29.99 USD	in_stock	new	Barsol	no	Food, Beverages & Tobacco > Beverages > Alcoholic Beverages > Liquor & Spirits	Bourbon
2503	Basil Hayden's 10 Year	Beam Suntory's Basil Hayden's 10 Year draws on Kentucky, USA's classic profile — Caramel, Toasted Nut and a touch of Warm Spice. Priced at $69.99, it's a reliable everyday pour, bottled at 40% ABV, with same-day delivery available in 33 U.S. states and 7 Canadian provinces.	https://caskworth.com/products/basil-haydens-10-year	https://caskworth.com/assets/images/products/basil-haydens-10-year.webp?v=20260915b	69.99 USD	in_stock	new	Beam Suntory	no	Food, Beverages & Tobacco > Beverages > Alcoholic Beverages > Liquor & Spirits	Bourbon
2502	Basil Hayden's Dark Rye	Basil Hayden's Dark Rye comes from Beam Suntory in Kentucky, USA, showcasing Dark Fruit and Spice character typical of the region. Priced at $44.99, it's a reliable everyday pour, bottled at 40% ABV, with same-day delivery available in 33 U.S. states and 7 Canadian provinces.	https://caskworth.com/products/basil-haydens-dark-rye	https://caskworth.com/assets/images/products/basil-haydens-dark-rye.webp?v=20260915b	44.99 USD	in_stock	new	Beam Suntory	no	Food, Beverages & Tobacco > Beverages > Alcoholic Beverages > Liquor & Spirits	Bourbon
2501	Basil Hayden's Kentucky Straight Bourbon	Basil Hayden's Kentucky Straight Bourbon comes from Beam Suntory in Kentucky, USA, showcasing Honey and Light Rye Spice character typical of the region. At $39.99, it's an easy, versatile bottle for everyday drinking or gifting, with same-day delivery available in 33 U.S. states and 7 Canadian provinces.	https://caskworth.com/products/basil-haydens-kentucky-straight-bourbon	https://caskworth.com/assets/images/products/basil-haydens-kentucky-straight-bourbon.webp?v=20260915b	39.99 USD	in_stock	new	Beam Suntory	no	Food, Beverages & Tobacco > Beverages > Alcoholic Beverages > Liquor & Spirits	Bourbon
2504	Basil Hayden's Toast	Beam Suntory's Basil Hayden's Toast draws on Kentucky, USA's classic profile — Toasted Maple, Light Caramel and a touch of Vanilla. At $49.99, it's an easy, versatile bottle for everyday drinking or gifting, with same-day delivery available in 33 U.S. states and 7 Canadian provinces.	https://caskworth.com/products/basil-haydens-toast	https://caskworth.com/assets/images/products/basil-haydens-toast.webp?v=20260915b	49.99 USD	in_stock	new	Beam Suntory	no	Food, Beverages & Tobacco > Beverages > Alcoholic Beverages > Liquor & Spirits	Bourbon
CW-9055	Belle Meade Bourbon	Produced by Belle Meade Bourbon Distillery in Kentucky, USA, Belle Meade Bourbon is built around Baking Spice, Caramel and Citrus Peel. At $42.99, it's an easy, versatile bottle for everyday drinking or gifting, with same-day delivery available in 33 U.S. states and 7 Canadian provinces.	https://caskworth.com/products/belle-meade-bourbon	https://caskworth.com/assets/images/products/belle-meade-bourbon.webp?v=20260915b	42.99 USD	in_stock	new	Belle Meade Bourbon Distillery	no	Food, Beverages & Tobacco > Beverages > Alcoholic Beverages > Liquor & Spirits	Bourbon
CW-9044	BenRiach 10 Year	BenRiach Distillery's BenRiach 10 Year draws on Speyside, Scotland's classic profile — Honey, Orchard Fruit and a touch of Vanilla. At $52.99, it's an easy, versatile bottle for everyday drinking or gifting, with same-day delivery available in 33 U.S. states and 7 Canadian provinces.	https://caskworth.com/products/benriach-10-year	https://caskworth.com/assets/images/products/benriach-10-year.webp?v=20260915b	52.99 USD	in_stock	new	BenRiach Distillery	no	Food, Beverages & Tobacco > Beverages > Alcoholic Beverages > Liquor & Spirits	Bourbon
1013	Benriach 50 Year	BenRiach Distillery's Benriach 50 Year draws on Speyside, Scotland's classic profile — Tropical Malt, Vanilla and a touch of Rich Fruit. Priced at $23,000, it's aimed squarely at collectors rather than everyday drinking, with delivery arranged directly where in stock.	https://caskworth.com/products/benriach-50-year	https://caskworth.com/assets/images/products/benriach-50-year.webp?v=20260915b	22999.99 USD	in_stock	new	BenRiach Distillery	no	Food, Beverages & Tobacco > Beverages > Alcoholic Beverages > Liquor & Spirits	Bourbon
3604	Benromach 10 Year	From Gordon & MacPhail in Speyside, Scotland, Benromach 10 Year layers Vanilla and Light Peat into a distinctive character. Priced at $49.99, it's a reliable everyday pour, bottled at 43% ABV, with same-day delivery available in 33 U.S. states and 7 Canadian provinces.	https://caskworth.com/products/benromach-10-year	https://caskworth.com/assets/images/products/benromach-10-year.webp?v=20260915b	49.99 USD	in_stock	new	Gordon & MacPhail	no	Food, Beverages & Tobacco > Beverages > Alcoholic Beverages > Liquor & Spirits	Bourbon
3605	Benromach 15 Year	Gordon & MacPhail's Benromach 15 Year draws on Speyside, Scotland's classic profile — Sherry, Fruit Cake and a touch of Gentle Smoke. At $79.99, it's an easy, versatile bottle for everyday drinking or gifting, with same-day delivery available in 33 U.S. states and 7 Canadian provinces.	https://caskworth.com/products/benromach-15-year	https://caskworth.com/assets/images/products/benromach-15-year.webp?v=20260915b	79.99 USD	in_stock	new	Gordon & MacPhail	no	Food, Beverages & Tobacco > Beverages > Alcoholic Beverages > Liquor & Spirits	Bourbon
CW-9205	BHAKTA 1962 Single-Vintage Armagnac	Produced by BHAKTA in Armagnac, France, BHAKTA 1962 Single-Vintage Armagnac is built around Prune, Fig and Oak. At $790.00, it's a genuine step up for a special occasion, with same-day delivery available in 33 U.S. states and 7 Canadian provinces.	https://caskworth.com/products/bhakta-1962-single-vintage-armagnac	https://caskworth.com/assets/images/products/bhakta-1962-single-vintage-armagnac.webp?v=20260915b	790.00 USD	in_stock	new	BHAKTA	no	Food, Beverages & Tobacco > Beverages > Alcoholic Beverages > Liquor & Spirits	Bourbon
CW-9084	Bib & Tucker 6 Year	From Bib & Tucker Distillery in Kentucky, USA, Bib & Tucker 6 Year layers Caramel and Vanilla into a distinctive character. At $44.97, it's an easy, versatile bottle for everyday drinking or gifting, with same-day delivery available in 33 U.S. states and 7 Canadian provinces.	https://caskworth.com/products/bib-and-tucker-6-year	https://caskworth.com/assets/images/products/bib-and-tucker-6-year.webp?v=20260915b	44.97 USD	in_stock	new	Bib & Tucker Distillery	no	Food, Beverages & Tobacco > Beverages > Alcoholic Beverages > Liquor & Spirits	Bourbon
4504	Bisquit & Dubouché Caractère	Bisquit & Dubouché Caractère comes from Bisquit & Dubouché in Cognac, France, showcasing Bold Fruit and Toasted Nut character typical of the region. At $69.99, it's an easy, versatile bottle for everyday drinking or gifting, with same-day delivery available in 33 U.S. states and 7 Canadian provinces.	https://caskworth.com/products/bisquit-dubouche-caractere	https://caskworth.com/assets/images/products/bisquit-dubouche-caractere.webp?v=20260915b	69.99 USD	in_stock	new	Bisquit & Dubouché	no	Food, Beverages & Tobacco > Beverages > Alcoholic Beverages > Liquor & Spirits	Bourbon
4505	Bisquit & Dubouché Extra	Bisquit & Dubouché's Bisquit & Dubouché Extra draws on Cognac, France's classic profile — Extraordinary Complexity, Ancient Fruit and a touch of Profound Depth. Bottled at 40% ABV and priced at $499.99, it rewards drinkers looking to move beyond entry-level bottles, with same-day delivery available where in stock.	https://caskworth.com/products/bisquit-dubouche-extra	https://caskworth.com/assets/images/products/bisquit-dubouche-extra.webp?v=20260915b	499.99 USD	in_stock	new	Bisquit & Dubouché	no	Food, Beverages & Tobacco > Beverages > Alcoholic Beverages > Liquor & Spirits	Bourbon
4501	Bisquit & Dubouché V.S	From Bisquit & Dubouché in Cognac, France, Bisquit & Dubouché V.S layers Fresh Fruit and Floral into a distinctive character. Priced at $34.99, it's a reliable everyday pour, bottled at 40% ABV, with same-day delivery available in 33 U.S. states and 7 Canadian provinces.	https://caskworth.com/products/bisquit-dubouche-vs	https://caskworth.com/assets/images/products/bisquit-dubouche-vs.webp?v=20260915b	34.99 USD	in_stock	new	Bisquit & Dubouché	no	Food, Beverages & Tobacco > Beverages > Alcoholic Beverages > Liquor & Spirits	Bourbon
4502	Bisquit & Dubouché V.S.O.P	Bisquit & Dubouché V.S.O.P comes from Bisquit & Dubouché in Cognac, France, showcasing Ripe Fruit and Honey character typical of the region. At $54.99, it's an easy, versatile bottle for everyday drinking or gifting, with same-day delivery available in 33 U.S. states and 7 Canadian provinces.	https://caskworth.com/products/bisquit-dubouche-vsop	https://caskworth.com/assets/images/products/bisquit-dubouche-vsop.webp?v=20260915b	54.99 USD	in_stock	new	Bisquit & Dubouché	no	Food, Beverages & Tobacco > Beverages > Alcoholic Beverages > Liquor & Spirits	Bourbon
4503	Bisquit & Dubouché X.O	Produced by Bisquit & Dubouché in Cognac, France, Bisquit & Dubouché X.O is built around Dark Fruit, Complex Spice and Rich Oak. At $149.99, it's a genuine step up for a special occasion, with same-day delivery available in 33 U.S. states and 7 Canadian provinces.	https://caskworth.com/products/bisquit-dubouche-xo	https://caskworth.com/assets/images/products/bisquit-dubouche-xo.webp?v=20260915b	149.99 USD	in_stock	new	Bisquit & Dubouché	no	Food, Beverages & Tobacco > Beverages > Alcoholic Beverages > Liquor & Spirits	Bourbon
CW-9003	Black & White	Black & White comes from Black & White Distillery in Scotland, showcasing Honey and Malt character typical of the region. Priced at $29.99, it's a reliable everyday pour, bottled at 40% ABV, with same-day delivery available in 33 U.S. states and 7 Canadian provinces.	https://caskworth.com/products/black-and-white-scotch-whisky	https://caskworth.com/assets/images/products/black-and-white-scotch-whisky.webp?v=20260915b	29.99 USD	in_stock	new	Black & White Distillery	no	Food, Beverages & Tobacco > Beverages > Alcoholic Beverages > Liquor & Spirits	Bourbon
CW-9090	Black Maple Hill 16 Year Old Premium Small Batch	Black Maple Hill Distillery's Black Maple Hill 16 Year Old Premium Small Batch draws on Kentucky, USA's classic profile — Caramel, Vanilla and a touch of Oak. At $3192.00, this is a serious collector's bottle — allocated and rare, with delivery arranged directly where in stock.	https://caskworth.com/products/black-maple-hill-16-year-old-premium-small-batch	https://caskworth.com/assets/images/products/black-maple-hill-16-year-old-premium-small-batch.webp?v=20260915b	3192.00 USD	in_stock	new	Black Maple Hill Distillery	no	Food, Beverages & Tobacco > Beverages > Alcoholic Beverages > Liquor & Spirits	Bourbon
CW-9113	Black Maple Hill Premium Small Batch	Black Maple Hill Premium Small Batch comes from Black Maple Hill Distillery in Kentucky, USA, showcasing Toffee and Oak character typical of the region. At $1681.00, this is a serious collector's bottle — allocated and rare, with delivery arranged directly where in stock.	https://caskworth.com/products/black-maple-hill-premium-small-batch	https://caskworth.com/assets/images/products/black-maple-hill-premium-small-batch.webp?v=20260915b	1681.00 USD	in_stock	new	Black Maple Hill Distillery	no	Food, Beverages & Tobacco > Beverages > Alcoholic Beverages > Liquor & Spirits	Bourbon
CW-9168	Black Velvet	Black Velvet comes from Black Velvet Distillery in Canada, showcasing Caramel and Vanilla character typical of the region. Priced at $12.49, it's a reliable everyday pour, bottled at 40% ABV, with same-day delivery available in 33 U.S. states and 7 Canadian provinces.	https://caskworth.com/products/black-velvet-canadian-whisky	https://caskworth.com/assets/images/products/black-velvet-canadian-whisky.webp?v=20260915b	12.49 USD	in_stock	new	Black Velvet Distillery	no	Food, Beverages & Tobacco > Beverages > Alcoholic Beverages > Liquor & Spirits	Bourbon
CW-9078	Blade and Bow Bourbon	Produced by Blade and Bow Bourbon Distillery in Kentucky, USA, Blade and Bow Bourbon is built around Caramel, Vanilla and Oak. At $64.99, it's an easy, versatile bottle for everyday drinking or gifting, with same-day delivery available in 33 U.S. states and 7 Canadian provinces.	https://caskworth.com/products/blade-and-bow-bourbon	https://caskworth.com/assets/images/products/blade-and-bow-bourbon.webp?v=20260915b	64.99 USD	in_stock	new	Blade and Bow Bourbon Distillery	no	Food, Beverages & Tobacco > Beverages > Alcoholic Beverages > Liquor & Spirits	Bourbon
702	Blanton's Gold Edition	From Buffalo Trace Distillery in Kentucky, USA, Blanton's Gold Edition layers Honey and Citrus into a distinctive character. Priced at $84.99, it's a reliable everyday pour, bottled at 51.5% ABV, with same-day delivery available in 33 U.S. states and 7 Canadian provinces.	https://caskworth.com/products/blantons-gold-edition	https://caskworth.com/assets/images/products/blantons-original-single-barrel.webp?v=20260915b	84.99 USD	in_stock	new	Buffalo Trace Distillery	no	Food, Beverages & Tobacco > Beverages > Alcoholic Beverages > Liquor & Spirits	Bourbon
101	Blanton's Original Single Barrel	Produced by Buffalo Trace Distillery in Kentucky, USA, Blanton's Original Single Barrel is built around Vanilla, Orange Peel and Caramel. Priced at $64.99, it's a reliable everyday pour, bottled at 46.5% ABV, with same-day delivery available in 33 U.S. states and 7 Canadian provinces.	https://caskworth.com/products/blantons-original-single-barrel	https://caskworth.com/assets/images/products/blantons-original-single-barrel.webp?v=20260915b	64.99 USD	in_stock	new	Buffalo Trace Distillery	no	Food, Beverages & Tobacco > Beverages > Alcoholic Beverages > Liquor & Spirits	Bourbon
938	Blanton's Straight from the Barrel	Blanton's Straight from the Barrel comes from Buffalo Trace Distillery in Kentucky, USA, showcasing Intense Caramel and Spice character typical of the region. At $299.99, it's a genuine step up for a special occasion, with same-day delivery available in 33 U.S. states and 7 Canadian provinces.	https://caskworth.com/products/blantons-straight-from-the-barrel	https://caskworth.com/assets/images/products/blantons-straight-from-the-barrel.webp?v=20260915b	299.99 USD	in_stock	new	Buffalo Trace Distillery	no	Food, Beverages & Tobacco > Beverages > Alcoholic Beverages > Liquor & Spirits	Bourbon
CW-9093	Blue Run Single Barrel Cask Strength 13.5 Year	From Blue Run Distillery in Kentucky, USA, Blue Run Single Barrel Cask Strength 13.5 Year layers Dark Caramel and Oak into a distinctive character. At $1243.00, this is a serious collector's bottle — allocated and rare, with delivery arranged directly where in stock.	https://caskworth.com/products/blue-run-single-barrel-cask-strength-135-year	https://caskworth.com/assets/images/products/blue-run-single-barrel-cask-strength-135-year.webp?v=20260915b	1243.00 USD	in_stock	new	Blue Run Distillery	no	Food, Beverages & Tobacco > Beverages > Alcoholic Beverages > Liquor & Spirits	Bourbon
CW-9105	Booker's Annual Batch 2026-01	From Booker's Distillery in Kentucky, USA, Booker's Annual Batch 2026-01 layers Toffee and Oak into a distinctive character. At $98.00, it's an easy, versatile bottle for everyday drinking or gifting, with same-day delivery available in 33 U.S. states and 7 Canadian provinces.	https://caskworth.com/products/bookers-annual-batch-2026-01	https://caskworth.com/assets/images/products/bookers-annual-batch-2026-01.webp?v=20260915b	98.00 USD	in_stock	new	Booker's Distillery	no	Food, Beverages & Tobacco > Beverages > Alcoholic Beverages > Liquor & Spirits	Bourbon
CW-9051	Booker's Bourbon	From Booker's Bourbon Distillery in Kentucky, USA, Booker's Bourbon layers Dark Caramel and Oak into a distinctive character. Bottled at 60% ABV and priced at $104.99, it rewards drinkers looking to move beyond entry-level bottles, with same-day delivery available where in stock.	https://caskworth.com/products/bookers-bourbon	https://caskworth.com/assets/images/products/bookers-bourbon.webp?v=20260915b	104.99 USD	in_stock	new	Booker's Bourbon Distillery	no	Food, Beverages & Tobacco > Beverages > Alcoholic Beverages > Liquor & Spirits	Bourbon
CW-9110	Boone County 1833 12 Year Single Barrel Bourbon	Boone County Distilling Distillery's Boone County 1833 12 Year Single Barrel Bourbon draws on Kentucky, USA's classic profile — Toffee, Oak and a touch of Dried Fruit. At $647.00, it's a genuine step up for a special occasion, with same-day delivery available in 33 U.S. states and 7 Canadian provinces.	https://caskworth.com/products/boone-county-1833-12-year-single-barrel-bourbon	https://caskworth.com/assets/images/products/boone-county-1833-12-year-single-barrel-bourbon.webp?v=20260915b	647.00 USD	in_stock	new	Boone County Distilling Distillery	no	Food, Beverages & Tobacco > Beverages > Alcoholic Beverages > Liquor & Spirits	Bourbon
CW-9188	Boulard Calvados	Produced by Boulard Calvados in Normandy, France, Boulard Calvados is built around Baked Apple, Orchard Fruit and Oak. Bottled at 40% ABV and priced at $209.99, it rewards drinkers looking to move beyond entry-level bottles, with same-day delivery available where in stock.	https://caskworth.com/products/boulard-calvados	https://caskworth.com/assets/images/products/boulard-calvados.webp?v=20260915b	209.99 USD	in_stock	new	Boulard Calvados	no	Food, Beverages & Tobacco > Beverages > Alcoholic Beverages > Liquor & Spirits	Bourbon
920	Bowmore 25 Year	Produced by Bowmore Distillery in Islay, Scotland, Bowmore 25 Year is built around Dark Chocolate, Dried Fruit and Gentle Peat. At $799.99, it's a genuine step up for a special occasion, with same-day delivery available in 33 U.S. states and 7 Canadian provinces.	https://caskworth.com/products/bowmore-25-year	https://caskworth.com/assets/images/products/bowmore-25-year.webp?v=20260915b	799.99 USD	in_stock	new	Bowmore Distillery	no	Food, Beverages & Tobacco > Beverages > Alcoholic Beverages > Liquor & Spirits	Bourbon
1011	Bowmore 50 Year	Produced by Bowmore Distillery in Islay, Scotland, Bowmore 50 Year is built around Ancient Peat, Dark Chocolate and Profound Fruit. At $39,000, this is a serious collector's bottle — allocated and rare, with delivery arranged directly where in stock.	https://caskworth.com/products/bowmore-50-year	https://caskworth.com/assets/images/products/bowmore-50-year.webp?v=20260915b	38999.99 USD	in_stock	new	Bowmore Distillery	no	Food, Beverages & Tobacco > Beverages > Alcoholic Beverages > Liquor & Spirits	Bourbon
1008	Brora 40 Year Annual Release	From Brora Distillery in Highland, Scotland, Brora 40 Year Annual Release layers Waxed Fruit and Light Peat into a distinctive character. Priced at $11,000, it's aimed squarely at collectors rather than everyday drinking, with delivery arranged directly where in stock.	https://caskworth.com/products/brora-40-year-annual-release	https://caskworth.com/assets/images/products/brora-40-year-annual-release.webp?v=20260915b	10999.99 USD	in_stock	new	Brora Distillery	no	Food, Beverages & Tobacco > Beverages > Alcoholic Beverages > Liquor & Spirits	Bourbon
CW-9012	Bruichladdich	From Bruichladdich Distillery in Islay, Scotland, Bruichladdich layers Peat and Smoke into a distinctive character. At $44.99, it's an easy, versatile bottle for everyday drinking or gifting, with same-day delivery available in 33 U.S. states and 7 Canadian provinces.	https://caskworth.com/products/bruichladdich-single-malt-scotch	https://caskworth.com/assets/images/products/bruichladdich-single-malt-scotch.webp?v=20260915b	44.99 USD	in_stock	new	Bruichladdich Distillery	no	Food, Beverages & Tobacco > Beverages > Alcoholic Beverages > Liquor & Spirits	Bourbon
CW-9040	Buchanan's DeLuxe 12 Year	From Buchanan's DeLuxe Distillery in Scotland, Buchanan's DeLuxe 12 Year layers Honey and Malt into a distinctive character. Priced at $31.99, it's a reliable everyday pour, bottled at 40% ABV, with same-day delivery available in 33 U.S. states and 7 Canadian provinces.	https://caskworth.com/products/buchanans-deluxe-12-year	https://caskworth.com/assets/images/products/buchanans-deluxe-12-year.webp?v=20260915b	31.99 USD	in_stock	new	Buchanan's DeLuxe Distillery	no	Food, Beverages & Tobacco > Beverages > Alcoholic Beverages > Liquor & Spirits	Bourbon
102	Buffalo Trace Bourbon	From Buffalo Trace Distillery in Kentucky, USA, Buffalo Trace Bourbon layers Toffee and Vanilla into a distinctive character. At $28.99, it's an easy, versatile bottle for everyday drinking or gifting, with same-day delivery available in 33 U.S. states and 7 Canadian provinces.	https://caskworth.com/products/buffalo-trace-bourbon	https://caskworth.com/assets/images/products/buffalo-trace-bourbon.webp?v=20260915b	28.99 USD	in_stock	new	Buffalo Trace Distillery	no	Food, Beverages & Tobacco > Beverages > Alcoholic Beverages > Liquor & Spirits	Bourbon
111	Bulleit Bourbon	From Bulleit Distilling Co. in Kentucky, USA, Bulleit Bourbon layers Maple and Vanilla into a distinctive character. Priced at $27.99, it's a reliable everyday pour, bottled at 45% ABV, with same-day delivery available in 33 U.S. states and 7 Canadian provinces.	https://caskworth.com/products/bulleit-bourbon	https://caskworth.com/assets/images/products/bulleit-bourbon.webp?v=20260915b	27.99 USD	in_stock	new	Bulleit Distilling Co.	no	Food, Beverages & Tobacco > Beverages > Alcoholic Beverages > Liquor & Spirits	Bourbon
501	Bulleit Rye	Bulleit Distilling Co.'s Bulleit Rye draws on Indiana, USA's classic profile — Vanilla, Honey and a touch of Spice. Priced at $29.99, it's a reliable everyday pour, bottled at 45% ABV, with same-day delivery available in 33 U.S. states and 7 Canadian provinces.	https://caskworth.com/products/bulleit-rye	https://caskworth.com/assets/images/products/bulleit-rye.webp?v=20260915b	29.99 USD	in_stock	new	Bulleit Distilling Co.	no	Food, Beverages & Tobacco > Beverages > Alcoholic Beverages > Liquor & Spirits	Bourbon
CW-9013	Bunnahabhain	Bunnahabhain Distillery's Bunnahabhain draws on Islay, Scotland's classic profile — Peat, Smoke and a touch of Sea Salt. At $57.99, it's an easy, versatile bottle for everyday drinking or gifting, with same-day delivery available in 33 U.S. states and 7 Canadian provinces.	https://caskworth.com/products/bunnahabhain-single-malt-scotch	https://caskworth.com/assets/images/products/bunnahabhain-single-malt-scotch.webp?v=20260915b	57.99 USD	in_stock	new	Bunnahabhain Distillery	no	Food, Beverages & Tobacco > Beverages > Alcoholic Beverages > Liquor & Spirits	Bourbon
CW-9232	Bushmills Original Black Bush 10 Year 21 Year	Bushmills Original Black Bush Distillery's Bushmills Original Black Bush 10 Year 21 Year draws on Ireland's classic profile — Honey, Malt and a touch of Orchard Fruit. Priced at $34.99, it's a reliable everyday pour, bottled at 40% ABV, with same-day delivery available in 33 U.S. states and 7 Canadian provinces.	https://caskworth.com/products/bushmills-irish-whiskey	https://caskworth.com/assets/images/products/bushmills-irish-whiskey.webp?v=20260915b	34.99 USD	in_stock	new	Bushmills Original Black Bush Distillery	no	Food, Beverages & Tobacco > Beverages > Alcoholic Beverages > Liquor & Spirits	Bourbon
5401	Busnel V.S.O.P Calvados	Busnel's Busnel V.S.O.P Calvados draws on Normandy, France's classic profile — Fresh Apple, Floral and a touch of Light Oak. Priced at $39.99, it's a reliable everyday pour, bottled at 40% ABV, with same-day delivery available in 33 U.S. states and 7 Canadian provinces.	https://caskworth.com/products/busnel-vsop-calvados	https://caskworth.com/assets/images/products/busnel-vsop-calvados.webp?v=20260915b	39.99 USD	in_stock	new	Busnel	no	Food, Beverages & Tobacco > Beverages > Alcoholic Beverages > Liquor & Spirits	Bourbon
CW-9079	Calumet Farm 12 Year	Calumet Farm Distillery's Calumet Farm 12 Year draws on Kentucky, USA's classic profile — Caramel, Vanilla and a touch of Oak. At $64.99, it's an easy, versatile bottle for everyday drinking or gifting, with same-day delivery available in 33 U.S. states and 7 Canadian provinces.	https://caskworth.com/products/calumet-farm-12-year	https://caskworth.com/assets/images/products/calumet-farm-12-year.webp?v=20260915b	64.99 USD	in_stock	new	Calumet Farm Distillery	no	Food, Beverages & Tobacco > Beverages > Alcoholic Beverages > Liquor & Spirits	Bourbon
ur_br105	Calvados Pere Magloire 1901 Vintage	Pere Magloire's Calvados Pere Magloire 1901 Vintage draws on Normandy, France's classic profile — Ancient Apple, Norman Oak and a touch of Victorian Heritage. At $72,000, this is a serious collector's bottle — allocated and rare, with delivery arranged directly where in stock.	https://caskworth.com/products/calvados-pere-magloire-1901-vintage	https://caskworth.com/assets/images/products/calvados-pere-magloire-1901-vintage.webp?v=20260915b	72000.0 USD	in_stock	new	Pere Magloire	no	Food, Beverages & Tobacco > Beverages > Alcoholic Beverages > Liquor & Spirits	Bourbon
ur_c105	Camus Cuvee 5.150 Grande Champagne	Produced by Camus in Cognac, France, Camus Cuvee 5.150 Grande Champagne is built around Ancient Bordeaux Fruit, Jasmine and Profound Oak. Priced at $72,000, it's aimed squarely at collectors rather than everyday drinking, with delivery arranged directly where in stock.	https://caskworth.com/products/camus-cuvee-5150-grande-champagne	https://caskworth.com/assets/images/products/camus-xo-elegance.webp?v=20260915b	72000.0 USD	in_stock	new	Camus	no	Food, Beverages & Tobacco > Beverages > Alcoholic Beverages > Liquor & Spirits	Bourbon
4605	Camus Extra Elegance	Produced by Camus in Cognac, France, Camus Extra Elegance is built around Extraordinary Floral, Ancient Fruit and Timeless Depth. Bottled at 40% ABV and priced at $499.99, it rewards drinkers looking to move beyond entry-level bottles, with same-day delivery available where in stock.	https://caskworth.com/products/camus-extra-elegance	https://caskworth.com/assets/images/products/camus-extra-elegance.webp?v=20260915b	499.99 USD	in_stock	new	Camus	no	Food, Beverages & Tobacco > Beverages > Alcoholic Beverages > Liquor & Spirits	Bourbon
4601	Camus V.S Elegance	Camus V.S Elegance comes from Camus in Cognac, France, showcasing Fresh Flower and Light Fruit character typical of the region. At $39.99, it's an easy, versatile bottle for everyday drinking or gifting, with same-day delivery available in 33 U.S. states and 7 Canadian provinces.	https://caskworth.com/products/camus-vs-elegance	https://caskworth.com/assets/images/products/camus-vs-elegance.webp?v=20260915b	39.99 USD	in_stock	new	Camus	no	Food, Beverages & Tobacco > Beverages > Alcoholic Beverages > Liquor & Spirits	Bourbon
4602	Camus V.S.O.P Elegance	From Camus in Cognac, France, Camus V.S.O.P Elegance layers Ripe Fruit and Honey into a distinctive character. Priced at $59.99, it's a reliable everyday pour, bottled at 40% ABV, with same-day delivery available in 33 U.S. states and 7 Canadian provinces.	https://caskworth.com/products/camus-vsop-elegance	https://caskworth.com/assets/images/products/camus-vsop-elegance.webp?v=20260915b	59.99 USD	in_stock	new	Camus	no	Food, Beverages & Tobacco > Beverages > Alcoholic Beverages > Liquor & Spirits	Bourbon
4604	Camus X.O Borderies	Produced by Camus in Cognac, France, Camus X.O Borderies is built around Violets, Rich Fruit and Nutty Spice. Bottled at 40% ABV and priced at $249.99, it rewards drinkers looking to move beyond entry-level bottles, with same-day delivery available where in stock.	https://caskworth.com/products/camus-xo-borderies	https://caskworth.com/assets/images/products/camus-xo-borderies.webp?v=20260915b	249.99 USD	in_stock	new	Camus	no	Food, Beverages & Tobacco > Beverages > Alcoholic Beverages > Liquor & Spirits	Bourbon
4603	Camus X.O Elegance	Camus's Camus X.O Elegance draws on Cognac, France's classic profile — Dried Fruit, Floral and a touch of Rich Spice. Bottled at 40% ABV and priced at $189.99, it rewards drinkers looking to move beyond entry-level bottles, with same-day delivery available where in stock.	https://caskworth.com/products/camus-xo-elegance	https://caskworth.com/assets/images/products/camus-xo-elegance.webp?v=20260915b	189.99 USD	in_stock	new	Camus	no	Food, Beverages & Tobacco > Beverages > Alcoholic Beverages > Liquor & Spirits	Bourbon
ca_can113	Canadian Club 100% Rye Aged 8 Year	Various's Canadian Club 100% Rye Aged 8 Year draws on Canada's classic profile — Vanilla, Oak and a touch of Smooth. At $479.99, it's a genuine step up for a special occasion, with same-day delivery available in 33 U.S. states and 7 Canadian provinces.	https://caskworth.com/products/canadian-club-100-rye-aged-8-year	https://caskworth.com/assets/images/products/canadian-club-100-rye-aged-8-year.webp?v=20260915b	479.99 USD	in_stock	new	Canadian Club Distillery	no	Food, Beverages & Tobacco > Beverages > Alcoholic Beverages > Liquor & Spirits	Bourbon
ca_can111	Canadian Club 30 Year	Canadian Club 30 Year comes from Various in Canada, showcasing Vanilla and Oak character typical of the region. At $649.99, it's a genuine step up for a special occasion, with same-day delivery available in 33 U.S. states and 7 Canadian provinces.	https://caskworth.com/products/canadian-club-30-year	https://caskworth.com/assets/images/products/canadian-club-30-year.webp?v=20260915b	649.99 USD	in_stock	new	Canadian Club Distillery	no	Food, Beverages & Tobacco > Beverages > Alcoholic Beverages > Liquor & Spirits	Bourbon
ca_can112	Canadian Club 40 Year	Produced by Various in Canada, Canadian Club 40 Year is built around Vanilla, Oak and Smooth. At $1,500, this is a serious collector's bottle — allocated and rare, with delivery arranged directly where in stock.	https://caskworth.com/products/canadian-club-40-year	https://caskworth.com/assets/images/products/canadian-club-40-year.webp?v=20260915b	1499.99 USD	in_stock	new	Canadian Club Distillery	no	Food, Beverages & Tobacco > Beverages > Alcoholic Beverages > Liquor & Spirits	Bourbon
ca_can114	Canadian Club Chronicles Issue No.5	Canadian Club Chronicles Issue No.5 comes from Various in Canada, showcasing Vanilla and Oak character typical of the region. Bottled at 40% ABV and priced at $599.99, it rewards drinkers looking to move beyond entry-level bottles, with same-day delivery available where in stock.	https://caskworth.com/products/canadian-club-chronicles-issue-no5	https://caskworth.com/assets/images/products/canadian-club-chronicles-issue-no5.webp?v=20260915b	599.99 USD	in_stock	new	Canadian Club Distillery	no	Food, Beverages & Tobacco > Beverages > Alcoholic Beverages > Liquor & Spirits	Bourbon
ca_can115	Canadian Club Classic 12 Year Limited Edition	From Canadian Club Distillery in Ontario, Canadian Club Classic 12 Year Limited Edition layers Vanilla and Fruit into a distinctive character. Bottled at 40% ABV and priced at $549.99, it rewards drinkers looking to move beyond entry-level bottles, with same-day delivery available where in stock.	https://caskworth.com/products/canadian-club-classic-12-year-limited-edition	https://caskworth.com/assets/images/products/canadian-club-classic-12-year-limited-edition.webp?v=20260915b	549.99 USD	in_stock	new	Canadian Club Distillery	no	Food, Beverages & Tobacco > Beverages > Alcoholic Beverages > Liquor & Spirits	Bourbon
CW-9167	Canadian Mist	From Canadian Mist Distillery in Canada, Canadian Mist layers Caramel and Vanilla into a distinctive character. Priced at $8.99, it's a reliable everyday pour, bottled at 40% ABV, with same-day delivery available in 33 U.S. states and 7 Canadian provinces.	https://caskworth.com/products/canadian-mist-whisky	https://caskworth.com/assets/images/products/canadian-mist-whisky.webp?v=20260915b	8.99 USD	in_stock	new	Canadian Mist Distillery	no	Food, Beverages & Tobacco > Beverages > Alcoholic Beverages > Liquor & Spirits	Bourbon
5503	Capel Premium Pisco	Capel Premium Pisco comes from Cooperativa Capel in Elqui Valley, Chile, showcasing Fresh Grape and Floral character typical of the region. Priced at $24.99, it's a reliable everyday pour, bottled at 40% ABV, with same-day delivery available in 33 U.S. states and 7 Canadian provinces.	https://caskworth.com/products/capel-premium-pisco	https://caskworth.com/assets/images/products/capel-premium-pisco.webp?v=20260915b	24.99 USD	in_stock	new	Cooperativa Capel	no	Food, Beverages & Tobacco > Beverages > Alcoholic Beverages > Liquor & Spirits	Bourbon
5104	Cardenal Mendoza Brandy	Cardenal Mendoza Brandy comes from Sánchez Romate in Jerez, Spain, showcasing Rich Sherry and Dark Fruit character typical of the region. At $39.99, it's an easy, versatile bottle for everyday drinking or gifting, with same-day delivery available in 33 U.S. states and 7 Canadian provinces.	https://caskworth.com/products/cardenal-mendoza-brandy	https://caskworth.com/assets/images/products/torres-20-year-brandy.webp?v=20260915b	39.99 USD	in_stock	new	Sánchez Romate	no	Food, Beverages & Tobacco > Beverages > Alcoholic Beverages > Liquor & Spirits	Bourbon
CW-9010	Cardhu	Cardhu Distillery's Cardhu draws on Speyside, Scotland's classic profile — Honey, Orchard Fruit and a touch of Vanilla. Priced at $75.99, it's a reliable everyday pour, bottled at 40% ABV, with same-day delivery available in 33 U.S. states and 7 Canadian provinces.	https://caskworth.com/products/cardhu-single-malt-scotch	https://caskworth.com/assets/images/products/cardhu-single-malt-scotch.webp?v=20260915b	75.99 USD	in_stock	new	Cardhu Distillery	no	Food, Beverages & Tobacco > Beverages > Alcoholic Beverages > Liquor & Spirits	Bourbon
CW-9165	Caribou Crossing	Caribou Crossing Distillery's Caribou Crossing draws on Canada's classic profile — Caramel, Vanilla and a touch of Toffee. At $56.99, it's an easy, versatile bottle for everyday drinking or gifting, with same-day delivery available in 33 U.S. states and 7 Canadian provinces.	https://caskworth.com/products/caribou-crossing-canadian-whisky	https://caskworth.com/assets/images/products/caribou-crossing-canadian-whisky.webp?v=20260915b	56.99 USD	in_stock	new	Caribou Crossing Distillery	no	Food, Beverages & Tobacco > Beverages > Alcoholic Beverages > Liquor & Spirits	Bourbon
CW-9197	Carlos I Brandy de Jerez	Carlos I Brandy de Jerez's Carlos I Brandy de Jerez draws on Jerez, Spain's classic profile — Dried Fruit, Toffee and a touch of Oak. Bottled at 40% ABV and priced at $149.99, it rewards drinkers looking to move beyond entry-level bottles, with same-day delivery available where in stock.	https://caskworth.com/products/carlos-i-brandy-de-jerez	https://caskworth.com/assets/images/products/carlos-i-brandy-de-jerez.webp?v=20260915b	149.99 USD	in_stock	new	Carlos I Brandy de Jerez	no	Food, Beverages & Tobacco > Beverages > Alcoholic Beverages > Liquor & Spirits	Bourbon
CW-9128	Catoctin Creek Roundstone Rye	From Catoctin Creek Roundstone Rye Distillery in Virginia, USA, Catoctin Creek Roundstone Rye layers Black Pepper and Rye Spice into a distinctive character. Priced at $44.99, it's a reliable everyday pour, bottled at 45% ABV, with same-day delivery available in 33 U.S. states and 7 Canadian provinces.	https://caskworth.com/products/catoctin-creek-roundstone-rye	https://caskworth.com/assets/images/products/catoctin-creek-roundstone-rye.webp?v=20260915b	44.99 USD	in_stock	new	Catoctin Creek Roundstone Rye Distillery	no	Food, Beverages & Tobacco > Beverages > Alcoholic Beverages > Liquor & Spirits	Bourbon
CW-9208	Château de Lacaze 1982 Hallmark Collection Bas-Armagnac	From Château de Lacaze in Armagnac, France, Château de Lacaze 1982 Hallmark Collection Bas-Armagnac layers Prune and Fig into a distinctive character. At $1199.97, this is a serious collector's bottle — allocated and rare, with delivery arranged directly where in stock.	https://caskworth.com/products/chateau-de-lacaze-1982-hallmark-collection-bas-armagnac	https://caskworth.com/assets/images/products/chateau-de-lacaze-1982-hallmark-collection-bas-armagnac.webp?v=20260915b	1199.97 USD	in_stock	new	Château de Lacaze	no	Food, Beverages & Tobacco > Beverages > Alcoholic Beverages > Liquor & Spirits	Bourbon
ur_br103	Chateau de Laubade 1888 Vintage Armagnac	Chateau de Laubade's Chateau de Laubade 1888 Vintage Armagnac draws on Bas-Armagnac, France's classic profile — Ancient Plum, Complex Rancio and a touch of Victorian Heritage. Priced at $98,000, it's aimed squarely at collectors rather than everyday drinking, with delivery arranged directly where in stock.	https://caskworth.com/products/chateau-de-laubade-1888-vintage-armagnac	https://caskworth.com/assets/images/products/chateau-de-laubade-xo-armagnac.webp?v=20260915b	98000.0 USD	in_stock	new	Chateau de Laubade	no	Food, Beverages & Tobacco > Beverages > Alcoholic Beverages > Liquor & Spirits	Bourbon
5001	Chateau de Laubade V.S.O.P Armagnac	Chateau de Laubade V.S.O.P Armagnac comes from Château de Laubade in Armagnac, France, showcasing Prune and Vanilla character typical of the region. At $54.99, it's an easy, versatile bottle for everyday drinking or gifting, with same-day delivery available in 33 U.S. states and 7 Canadian provinces.	https://caskworth.com/products/chateau-de-laubade-vsop-armagnac	https://caskworth.com/assets/images/products/chateau-de-laubade-vsop-armagnac.webp?v=20260915b	54.99 USD	in_stock	new	Château de Laubade	no	Food, Beverages & Tobacco > Beverages > Alcoholic Beverages > Liquor & Spirits	Bourbon
5002	Chateau de Laubade X.O Armagnac	From Château de Laubade in Armagnac, France, Chateau de Laubade X.O Armagnac layers Rich Prune and Dark Fruit into a distinctive character. Bottled at 40% ABV and priced at $149.99, it rewards drinkers looking to move beyond entry-level bottles, with same-day delivery available where in stock.	https://caskworth.com/products/chateau-de-laubade-xo-armagnac	https://caskworth.com/assets/images/products/chateau-de-laubade-xo-armagnac.webp?v=20260915b	149.99 USD	in_stock	new	Château de Laubade	no	Food, Beverages & Tobacco > Beverages > Alcoholic Beverages > Liquor & Spirits	Bourbon
5403	Château du Breuil X.O Calvados	From Chateau du Breuil in Normandy, France, Chateau du Breuil X.O Calvados layers Rich Apple and Spice into a distinctive character. At $99.99, it's an easy, versatile bottle for everyday drinking or gifting, with same-day delivery available in 33 U.S. states and 7 Canadian provinces.	https://caskworth.com/products/chateau-du-breuil-xo-calvados	https://caskworth.com/assets/images/products/chateau-du-breuil-xo-calvados.webp?v=20260915b	99.99 USD	in_stock	new	Château du Breuil	no	Food, Beverages & Tobacco > Beverages > Alcoholic Beverages > Liquor & Spirits	Bourbon
CW-9209	Chichibu Ichiro's Malt	From Chichibu Distillery in Japan, Chichibu Ichiro's Malt layers Honey and Light Smoke into a distinctive character. At $82.99, it's an easy, versatile bottle for everyday drinking or gifting, with same-day delivery available in 33 U.S. states and 7 Canadian provinces.	https://caskworth.com/products/chichibu-whisky	https://caskworth.com/assets/images/products/chichibu-whisky.webp?v=20260915b	82.99 USD	in_stock	new	Chichibu Distillery	no	Food, Beverages & Tobacco > Beverages > Alcoholic Beverages > Liquor & Spirits	Bourbon
CW-9181	Chicken Cock Cotton Club 20 Year Old Canadian Rye Whiskey	Chicken Cock Cotton Club 20 Year Old Canadian Rye Whiskey comes from Chicken Cock Distillery in Canada, showcasing Rye Spice and Vanilla character typical of the region. At $515.84, it's a genuine step up for a special occasion, with same-day delivery available in 33 U.S. states and 7 Canadian provinces.	https://caskworth.com/products/chicken-cock-cotton-club-20-year-old-canadian-rye-whiskey	https://caskworth.com/assets/images/products/chicken-cock-cotton-club-20-year-old-canadian-rye-whiskey.webp?v=20260915b	515.84 USD	in_stock	new	Chicken Cock Distillery	no	Food, Beverages & Tobacco > Beverages > Alcoholic Beverages > Liquor & Spirits	Bourbon
CW-9137	Chicken Cock Cotton Club 20 Year Rye	From Chicken Cock Distillery in Kentucky, USA, Chicken Cock Cotton Club 20 Year Rye layers Black Pepper and Rye Spice into a distinctive character. Bottled at 45% ABV and priced at $549.00, it rewards drinkers looking to move beyond entry-level bottles, with same-day delivery available where in stock.	https://caskworth.com/products/chicken-cock-cotton-club-20-year-rye	https://caskworth.com/assets/images/products/chicken-cock-cotton-club-20-year-rye.webp?v=20260915b	549.00 USD	in_stock	new	Chicken Cock Distillery	no	Food, Beverages & Tobacco > Beverages > Alcoholic Beverages > Liquor & Spirits	Bourbon
2112	Chivas Brothers Blend	Chivas Brothers Blend comes from Chivas Brothers in Scotland, showcasing Fruit and Cream character typical of the region. At $39.99, it's an easy, versatile bottle for everyday drinking or gifting, with same-day delivery available in 33 U.S. states and 7 Canadian provinces.	https://caskworth.com/products/chivas-brothers-blend	https://caskworth.com/assets/images/products/chivas-brothers-blend.webp?v=20260915b	39.99 USD	in_stock	new	Chivas Brothers	no	Food, Beverages & Tobacco > Beverages > Alcoholic Beverages > Liquor & Spirits	Bourbon
2101	Chivas Regal 12 Year	Chivas Brothers's Chivas Regal 12 Year draws on Scotland's classic profile — Honey, Vanilla and a touch of Apple. At $29.99, it's an easy, versatile bottle for everyday drinking or gifting, with same-day delivery available in 33 U.S. states and 7 Canadian provinces.	https://caskworth.com/products/chivas-regal-12-year	https://caskworth.com/assets/images/products/chivas-regal-12-year.webp?v=20260915b	29.99 USD	in_stock	new	Chivas Brothers	no	Food, Beverages & Tobacco > Beverages > Alcoholic Beverages > Liquor & Spirits	Bourbon
2107	Chivas Regal 18 Year Gold Signature	Chivas Regal 18 Year Gold Signature comes from Chivas Brothers in Scotland, showcasing Dark Chocolate and Dried Fruit character typical of the region. Priced at $74.99, it's a reliable everyday pour, bottled at 40% ABV, with same-day delivery available in 33 U.S. states and 7 Canadian provinces.	https://caskworth.com/products/chivas-regal-18-year-gold-signature	https://caskworth.com/assets/images/products/chivas-regal-18-year-gold-signature.webp?v=20260915b	74.99 USD	in_stock	new	Chivas Brothers	no	Food, Beverages & Tobacco > Beverages > Alcoholic Beverages > Liquor & Spirits	Bourbon
2108	Chivas Regal 18 Year Ultimate Cask Collection	Chivas Brothers's Chivas Regal 18 Year Ultimate Cask Collection draws on Scotland's classic profile — Rich Fruit, Complex Spice and a touch of Long Finish. At $79.99, it's an easy, versatile bottle for everyday drinking or gifting, with same-day delivery available in 33 U.S. states and 7 Canadian provinces.	https://caskworth.com/products/chivas-regal-18-year-ultimate-cask-collection	https://caskworth.com/assets/images/products/chivas-regal-18-year-ultimate-cask-collection.webp?v=20260915b	79.99 USD	in_stock	new	Chivas Brothers	no	Food, Beverages & Tobacco > Beverages > Alcoholic Beverages > Liquor & Spirits	Bourbon
2109	Chivas Regal 25 Year	Chivas Regal 25 Year comes from Chivas Brothers in Scotland, showcasing Chocolate Orange and Dark Fruit character typical of the region. At $299.99, it's a genuine step up for a special occasion, with same-day delivery available in 33 U.S. states and 7 Canadian provinces.	https://caskworth.com/products/chivas-regal-25-year	https://caskworth.com/assets/images/products/chivas-regal-ultis.webp?v=20260915b	299.99 USD	in_stock	new	Chivas Brothers	no	Food, Beverages & Tobacco > Beverages > Alcoholic Beverages > Liquor & Spirits	Bourbon
2104	Chivas Regal Extra 13 Year American Rye Cask	Produced by Chivas Brothers in Scotland, Chivas Regal Extra 13 Year American Rye Cask is built around Rye Spice, Vanilla and Honey. At $44.99, it's an easy, versatile bottle for everyday drinking or gifting, with same-day delivery available in 33 U.S. states and 7 Canadian provinces.	https://caskworth.com/products/chivas-regal-extra-13-year-american-rye-cask	https://caskworth.com/assets/images/products/chivas-regal-extra-13-year-american-rye-cask.webp?v=20260915b	44.99 USD	in_stock	new	Chivas Brothers	no	Food, Beverages & Tobacco > Beverages > Alcoholic Beverages > Liquor & Spirits	Bourbon
2106	Chivas Regal Extra 13 Year Oloroso Cask	Produced by Chivas Brothers in Scotland, Chivas Regal Extra 13 Year Oloroso Cask is built around Dried Fruit, Nuts and Rich Spice. At $44.99, it's an easy, versatile bottle for everyday drinking or gifting, with same-day delivery available in 33 U.S. states and 7 Canadian provinces.	https://caskworth.com/products/chivas-regal-extra-13-year-oloroso-cask	https://caskworth.com/assets/images/products/chivas-regal-extra-13-year-oloroso-cask.webp?v=20260915b	44.99 USD	in_stock	new	Chivas Brothers	no	Food, Beverages & Tobacco > Beverages > Alcoholic Beverages > Liquor & Spirits	Bourbon
2105	Chivas Regal Extra 13 Year Rum Cask	Chivas Brothers's Chivas Regal Extra 13 Year Rum Cask draws on Scotland's classic profile — Tropical Rum, Brown Sugar and a touch of Vanilla. At $44.99, it's an easy, versatile bottle for everyday drinking or gifting, with same-day delivery available in 33 U.S. states and 7 Canadian provinces.	https://caskworth.com/products/chivas-regal-extra-13-year-rum-cask	https://caskworth.com/assets/images/products/chivas-regal-extra-13-year-rum-cask.webp?v=20260915b	44.99 USD	in_stock	new	Chivas Brothers	no	Food, Beverages & Tobacco > Beverages > Alcoholic Beverages > Liquor & Spirits	Bourbon
2103	Chivas Regal Extra 13 Year Sherry Cask	Produced by Chivas Brothers in Scotland, Chivas Regal Extra 13 Year Sherry Cask is built around Rich Sherry, Dark Fruit and Warm Spice. At $44.99, it's an easy, versatile bottle for everyday drinking or gifting, with same-day delivery available in 33 U.S. states and 7 Canadian provinces.	https://caskworth.com/products/chivas-regal-extra-13-year-sherry-cask	https://caskworth.com/assets/images/products/chivas-regal-extra-13-year-sherry-cask.webp?v=20260915b	44.99 USD	in_stock	new	Chivas Brothers	no	Food, Beverages & Tobacco > Beverages > Alcoholic Beverages > Liquor & Spirits	Bourbon
2115	Chivas Regal Icon	Chivas Regal Icon comes from Chivas Brothers in Scotland, showcasing Extraordinary Blend and Rare Casks character typical of the region. At $4,000, this is a serious collector's bottle — allocated and rare, with delivery arranged directly where in stock.	https://caskworth.com/products/chivas-regal-icon	https://caskworth.com/assets/images/products/chivas-regal-icon.webp?v=20260915b	3999.99 USD	in_stock	new	Chivas Brothers	no	Food, Beverages & Tobacco > Beverages > Alcoholic Beverages > Liquor & Spirits	Bourbon
2111	Chivas Regal Mizunara	Chivas Regal Mizunara comes from Chivas Brothers in Scotland, showcasing Sandalwood and Incense character typical of the region. At $149.99, it's a genuine step up for a special occasion, with same-day delivery available in 33 U.S. states and 7 Canadian provinces.	https://caskworth.com/products/chivas-regal-mizunara	https://caskworth.com/assets/images/products/chivas-regal-mizunara.webp?v=20260915b	149.99 USD	in_stock	new	Chivas Brothers	no	Food, Beverages & Tobacco > Beverages > Alcoholic Beverages > Liquor & Spirits	Bourbon
2110	Chivas Regal Ultis	Chivas Regal Ultis comes from Chivas Brothers in Scotland, showcasing Tropical Fruit and Vanilla character typical of the region. At $199.99, it's a genuine step up for a special occasion, with same-day delivery available in 33 U.S. states and 7 Canadian provinces.	https://caskworth.com/products/chivas-regal-ultis	https://caskworth.com/assets/images/products/chivas-regal-ultis.webp?v=20260915b	199.99 USD	in_stock	new	Chivas Brothers	no	Food, Beverages & Tobacco > Beverages > Alcoholic Beverages > Liquor & Spirits	Bourbon
2102	Chivas Regal XV 15 Year	Chivas Brothers's Chivas Regal XV 15 Year draws on Scotland's classic profile — Toffee Apple, Hazelnut and a touch of Butterscotch. Priced at $44.99, it's a reliable everyday pour, bottled at 40% ABV, with same-day delivery available in 33 U.S. states and 7 Canadian provinces.	https://caskworth.com/products/chivas-regal-xv-15-year	https://caskworth.com/assets/images/products/chivas-regal-xv-15-year.webp?v=20260915b	44.99 USD	in_stock	new	Chivas Brothers	no	Food, Beverages & Tobacco > Beverages > Alcoholic Beverages > Liquor & Spirits	Bourbon
5203	Christian Brothers V.S Brandy	Christian Brothers V.S Brandy comes from Christian Brothers in California, USA, showcasing Smooth Fruit and Light Vanilla character typical of the region. Priced at $17.99, it's a reliable everyday pour, bottled at 40% ABV, with same-day delivery available in 33 U.S. states and 7 Canadian provinces.	https://caskworth.com/products/christian-brothers-vs-brandy	https://caskworth.com/assets/images/products/ej-vs-brandy.webp?v=20260915b	17.99 USD	in_stock	new	Christian Brothers	no	Food, Beverages & Tobacco > Beverages > Alcoholic Beverages > Liquor & Spirits	Bourbon
5402	Christian Drouin Calvados V.S.O.P	Christian Drouin Calvados V.S.O.P comes from Christian Drouin in Normandy, France, showcasing Ripe Apple and Cider character typical of the region. Priced at $44.99, it's a reliable everyday pour, bottled at 42% ABV, with same-day delivery available in 33 U.S. states and 7 Canadian provinces.	https://caskworth.com/products/christian-drouin-calvados-vsop	https://caskworth.com/assets/images/products/christian-drouin-calvados-vsop.webp?v=20260915b	44.99 USD	in_stock	new	Christian Drouin	no	Food, Beverages & Tobacco > Beverages > Alcoholic Beverages > Liquor & Spirits	Bourbon
5405	Clear Creek Apple Brandy	Clear Creek Distillery's Clear Creek Apple Brandy draws on Oregon, USA's classic profile — Crisp Apple, Pear and a touch of Light Vanilla. Priced at $49.99, it's a reliable everyday pour, bottled at 40% ABV, with same-day delivery available in 33 U.S. states and 7 Canadian provinces.	https://caskworth.com/products/clear-creek-apple-brandy	https://caskworth.com/assets/images/products/clear-creek-apple-brandy.webp?v=20260915b	49.99 USD	in_stock	new	Clear Creek Distillery	no	Food, Beverages & Tobacco > Beverages > Alcoholic Beverages > Liquor & Spirits	Bourbon
CW-9030	Clynelish 14 Year	From Clynelish Distillery in Highland, Scotland, Clynelish 14 Year layers Heather and Malt into a distinctive character. At $78.99, it's an easy, versatile bottle for everyday drinking or gifting, with same-day delivery available in 33 U.S. states and 7 Canadian provinces.	https://caskworth.com/products/clynelish-14-year	https://caskworth.com/assets/images/products/clynelish-14-year.webp?v=20260915b	78.99 USD	in_stock	new	Clynelish Distillery	no	Food, Beverages & Tobacco > Beverages > Alcoholic Beverages > Liquor & Spirits	Bourbon
CW-9193	Coeur de Lion Calvados	From Coeur de Lion Calvados in Normandy, France, Coeur de Lion Calvados layers Baked Apple and Orchard Fruit into a distinctive character. At $99.99, it's an easy, versatile bottle for everyday drinking or gifting, with same-day delivery available in 33 U.S. states and 7 Canadian provinces.	https://caskworth.com/products/coeur-de-lion-calvados	https://caskworth.com/assets/images/products/coeur-de-lion-calvados.webp?v=20260915b	99.99 USD	in_stock	new	Coeur de Lion Calvados	no	Food, Beverages & Tobacco > Beverages > Alcoholic Beverages > Liquor & Spirits	Bourbon
CW-9253	Coleraine 1959 34 Year Old Very Rare	From Coleraine Distillery in Ireland, Coleraine 1959 34 Year Old Very Rare layers Honey and Malt into a distinctive character. Priced at $1900.00, it's aimed squarely at collectors rather than everyday drinking, with delivery arranged directly where in stock.	https://caskworth.com/products/coleraine-1959-34-year-old-very-rare	https://caskworth.com/assets/images/products/coleraine-1959-34-year-old-very-rare.webp?v=20260915b	1900.00 USD	in_stock	new	Coleraine Distillery	no	Food, Beverages & Tobacco > Beverages > Alcoholic Beverages > Liquor & Spirits	Bourbon
ca_can124	Collingwood 21 Year Rare Limited	From Various in Canada, Collingwood 21 Year Rare Limited layers Vanilla and Oak into a distinctive character. At $999.99, it's a genuine step up for a special occasion, with same-day delivery available in 33 U.S. states and 7 Canadian provinces.	https://caskworth.com/products/collingwood-21-year-rare-limited	https://caskworth.com/assets/images/products/collingwood-21-year-rare-limited.webp?v=20260915b	999.99 USD	in_stock	new	Brown-Forman Canada	no	Food, Beverages & Tobacco > Beverages > Alcoholic Beverages > Liquor & Spirits	Bourbon
3504	Compass Box Asyla Blended Scotch	Produced by Compass Box Whisky in Scotland, Compass Box Asyla Blended Scotch is built around Delicate Vanilla, Light Fruit and Creamy. Priced at $39.99, it's a reliable everyday pour, bottled at 40% ABV, with same-day delivery available in 33 U.S. states and 7 Canadian provinces.	https://caskworth.com/products/compass-box-asyla-blended-scotch	https://caskworth.com/assets/images/products/compass-box-asyla-blended-scotch.webp?v=20260915b	39.99 USD	in_stock	new	Compass Box Whisky	no	Food, Beverages & Tobacco > Beverages > Alcoholic Beverages > Liquor & Spirits	Bourbon
3507	Compass Box No Name No.3	From Compass Box Whisky in Scotland, Compass Box No Name No.3 layers Smoke and Fruit into a distinctive character. Priced at $79.99, it's a reliable everyday pour, bottled at 53.3% ABV, with same-day delivery available in 33 U.S. states and 7 Canadian provinces.	https://caskworth.com/products/compass-box-no-name-no3	https://caskworth.com/assets/images/products/compass-box-no-name-no3.webp?v=20260915b	79.99 USD	in_stock	new	Compass Box Whisky	no	Food, Beverages & Tobacco > Beverages > Alcoholic Beverages > Liquor & Spirits	Bourbon
3506	Compass Box Orchard House	Produced by Compass Box Whisky in Scotland, Compass Box Orchard House is built around Orchard Fruit, Vanilla and Light Spice. At $44.99, it's an easy, versatile bottle for everyday drinking or gifting, with same-day delivery available in 33 U.S. states and 7 Canadian provinces.	https://caskworth.com/products/compass-box-orchard-house	https://caskworth.com/assets/images/products/compass-box-orchard-house.webp?v=20260915b	44.99 USD	in_stock	new	Compass Box Whisky	no	Food, Beverages & Tobacco > Beverages > Alcoholic Beverages > Liquor & Spirits	Bourbon
3505	Compass Box The Peat Monster	Compass Box Whisky's Compass Box The Peat Monster draws on Scotland's classic profile — Bold Peat, Vanilla and a touch of Maritime. Priced at $49.99, it's a reliable everyday pour, bottled at 46% ABV, with same-day delivery available in 33 U.S. states and 7 Canadian provinces.	https://caskworth.com/products/compass-box-the-peat-monster	https://caskworth.com/assets/images/products/compass-box-the-peat-monster.webp?v=20260915b	49.99 USD	in_stock	new	Compass Box Whisky	no	Food, Beverages & Tobacco > Beverages > Alcoholic Beverages > Liquor & Spirits	Bourbon
CW-9239	Connemara	From Connemara Distillery in Ireland, Connemara layers Peat and Honey into a distinctive character. Priced at $44.99, it's a reliable everyday pour, bottled at 40% ABV, with same-day delivery available in 33 U.S. states and 7 Canadian provinces.	https://caskworth.com/products/connemara-peated-irish-whiskey	https://caskworth.com/assets/images/products/connemara-peated-irish-whiskey.webp?v=20260915b	44.99 USD	in_stock	new	Connemara Distillery	no	Food, Beverages & Tobacco > Beverages > Alcoholic Beverages > Liquor & Spirits	Bourbon
CW-9202	Copper & Kings American Craft Brandy	Produced by Copper & Kings American Craft Brandy in Kentucky, USA, Copper & Kings American Craft Brandy is built around Dried Fruit, Toffee and Oak. At $72.99, it's an easy, versatile bottle for everyday drinking or gifting, with same-day delivery available in 33 U.S. states and 7 Canadian provinces.	https://caskworth.com/products/copper-and-kings-american-craft-brandy	https://caskworth.com/assets/images/products/copper-and-kings-american-craft-brandy.webp?v=20260915b	72.99 USD	in_stock	new	Copper & Kings American Craft Brandy	no	Food, Beverages & Tobacco > Beverages > Alcoholic Beverages > Liquor & Spirits	Bourbon
cv105	Courvoisier 12 Year	Courvoisier's Courvoisier 12 Year draws on Cognac, France's classic profile — Rich Fruit, Spice and a touch of Vanilla Oak. Priced at $89.99, it's a reliable everyday pour, bottled at 40% ABV, with same-day delivery available in 33 U.S. states and 7 Canadian provinces.	https://caskworth.com/products/courvoisier-12-year	https://caskworth.com/assets/images/products/courvoisier-12-year.webp?v=20260915b	89.99 USD	in_stock	new	Courvoisier	no	Food, Beverages & Tobacco > Beverages > Alcoholic Beverages > Liquor & Spirits	Bourbon
cv106	Courvoisier 21 Year	Courvoisier 21 Year comes from Courvoisier in Cognac, France, showcasing Complex Bouquet and Rich Spice character typical of the region. At $299.99, it's a genuine step up for a special occasion, with same-day delivery available in 33 U.S. states and 7 Canadian provinces.	https://caskworth.com/products/courvoisier-21-year	https://caskworth.com/assets/images/products/hennessy-vsop-privilege.webp?v=20260915b	299.99 USD	in_stock	new	Courvoisier	no	Food, Beverages & Tobacco > Beverages > Alcoholic Beverages > Liquor & Spirits	Bourbon
cv108	Courvoisier L'Essence	Courvoisier L'Essence comes from Courvoisier in Cognac, showcasing Transcendent Bouquet and Ancient Oak character typical of the region. Priced at $4,000, it's aimed squarely at collectors rather than everyday drinking, with delivery arranged directly where in stock.	https://caskworth.com/products/courvoisier-l-essence	https://caskworth.com/assets/images/products/courvoisier-l-essence.webp?v=20260915b	3999.99 USD	in_stock	new	Courvoisier	no	Food, Beverages & Tobacco > Beverages > Alcoholic Beverages > Liquor & Spirits	Bourbon
ur_c104	Courvoisier L'Esprit Original 1800s Reserve	Courvoisier L'Esprit Original 1800s Reserve comes from Courvoisier in Cognac, France, showcasing Ancient Bouquet and Transcendent Complexity character typical of the region. At $98,000, this is a serious collector's bottle — allocated and rare, with delivery arranged directly where in stock.	https://caskworth.com/products/courvoisier-lesprit-original-1800s-reserve	https://caskworth.com/assets/images/products/courvoisier-lesprit-original-1800s-reserve.webp?v=20260915b	98000.0 USD	in_stock	new	Courvoisier	no	Food, Beverages & Tobacco > Beverages > Alcoholic Beverages > Liquor & Spirits	Bourbon
cv104	Courvoisier Rose	Courvoisier's Courvoisier Rose draws on Cognac, France's classic profile — Rose Petal, Red Berries and a touch of Light Floral. At $54.99, it's an easy, versatile bottle for everyday drinking or gifting, with same-day delivery available in 33 U.S. states and 7 Canadian provinces.	https://caskworth.com/products/courvoisier-rose	https://caskworth.com/assets/images/products/courvoisier-rose.webp?v=20260915b	54.99 USD	in_stock	new	Courvoisier	no	Food, Beverages & Tobacco > Beverages > Alcoholic Beverages > Liquor & Spirits	Bourbon
cv107	Courvoisier Succession J.S	Courvoisier's Courvoisier Succession J.S draws on Cognac, France's classic profile — Jasmine, Rose and a touch of Ancient Eaux-de-Vie. Priced at $1,500, it's aimed squarely at collectors rather than everyday drinking, with delivery arranged directly where in stock.	https://caskworth.com/products/courvoisier-succession-js	https://caskworth.com/assets/images/products/courvoisier-succession-js.webp?v=20260915b	1499.99 USD	in_stock	new	Courvoisier	no	Food, Beverages & Tobacco > Beverages > Alcoholic Beverages > Liquor & Spirits	Bourbon
cv101	Courvoisier V.S	Courvoisier V.S comes from Courvoisier in Cognac, France, showcasing Fresh Floral and Fruit character typical of the region. At $34.99, it's an easy, versatile bottle for everyday drinking or gifting, with same-day delivery available in 33 U.S. states and 7 Canadian provinces.	https://caskworth.com/products/courvoisier-vs	https://caskworth.com/assets/images/products/courvoisier-vs.webp?v=20260915b	34.99 USD	in_stock	new	Courvoisier	no	Food, Beverages & Tobacco > Beverages > Alcoholic Beverages > Liquor & Spirits	Bourbon
cv102	Courvoisier V.S.O.P	Produced by Courvoisier in Cognac, France, Courvoisier V.S.O.P is built around Orchard Fruit, Floral and Warm Spice. At $49.99, it's an easy, versatile bottle for everyday drinking or gifting, with same-day delivery available in 33 U.S. states and 7 Canadian provinces.	https://caskworth.com/products/courvoisier-vsop	https://caskworth.com/assets/images/products/courvoisier-vsop.webp?v=20260915b	49.99 USD	in_stock	new	Courvoisier	no	Food, Beverages & Tobacco > Beverages > Alcoholic Beverages > Liquor & Spirits	Bourbon
cv103	Courvoisier XO	Courvoisier's Courvoisier XO draws on Cognac, France's classic profile — Jasmine, Rose and a touch of Exotic Spice. At $179.99, it's a genuine step up for a special occasion, with same-day delivery available in 33 U.S. states and 7 Canadian provinces.	https://caskworth.com/products/courvoisier-xo	https://caskworth.com/assets/images/products/courvoisier-xo.webp?v=20260915b	179.99 USD	in_stock	new	Courvoisier	no	Food, Beverages & Tobacco > Beverages > Alcoholic Beverages > Liquor & Spirits	Bourbon
CW-9009	Cragganmore	From Cragganmore Distillery in Highland, Scotland, Cragganmore layers Heather and Malt into a distinctive character. Priced at $82.99, it's a reliable everyday pour, bottled at 40% ABV, with same-day delivery available in 33 U.S. states and 7 Canadian provinces.	https://caskworth.com/products/cragganmore-single-malt-scotch	https://caskworth.com/assets/images/products/cragganmore-single-malt-scotch.webp?v=20260915b	82.99 USD	in_stock	new	Cragganmore Distillery	no	Food, Beverages & Tobacco > Beverages > Alcoholic Beverages > Liquor & Spirits	Bourbon
CW-9028	Craigellachie 13 Year	Craigellachie 13 Year comes from Craigellachie Distillery in Speyside, Scotland, showcasing Honey and Orchard Fruit character typical of the region. At $66.99, it's an easy, versatile bottle for everyday drinking or gifting, with same-day delivery available in 33 U.S. states and 7 Canadian provinces.	https://caskworth.com/products/craigellachie-13-year	https://caskworth.com/assets/images/products/craigellachie-13-year.webp?v=20260915b	66.99 USD	in_stock	new	Craigellachie Distillery	no	Food, Beverages & Tobacco > Beverages > Alcoholic Beverages > Liquor & Spirits	Bourbon
CW-9152	Croizet VSOP	From Croizet in Cognac, France, Croizet VSOP layers Dried Fruit and Vanilla into a distinctive character. At $179.99, it's a genuine step up for a special occasion, with same-day delivery available in 33 U.S. states and 7 Canadian provinces.	https://caskworth.com/products/croizet-vsop	https://caskworth.com/assets/images/products/croizet-vsop.webp?v=20260915b	179.99 USD	in_stock	new	Croizet	no	Food, Beverages & Tobacco > Beverages > Alcoholic Beverages > Liquor & Spirits	Bourbon
ca_can103	Crown Royal 18 Year Extra Rare	Produced by Various in Canada, Crown Royal 18 Year Extra Rare is built around Vanilla, Oak and Smooth. Bottled at 40% ABV and priced at $849.99, it rewards drinkers looking to move beyond entry-level bottles, with same-day delivery available where in stock.	https://caskworth.com/products/crown-royal-18-year-extra-rare	https://caskworth.com/assets/images/products/crown-royal-18-year-extra-rare.webp?v=20260915b	849.99 USD	in_stock	new	Crown Royal Distillery	no	Food, Beverages & Tobacco > Beverages > Alcoholic Beverages > Liquor & Spirits	Bourbon
602	Crown Royal Black	From Crown Royal Distillery in Manitoba, Canada, Crown Royal Black layers Dark Fruit and Vanilla into a distinctive character. At $32.99, it's an easy, versatile bottle for everyday drinking or gifting, with same-day delivery available in 33 U.S. states and 7 Canadian provinces.	https://caskworth.com/products/crown-royal-black	https://caskworth.com/assets/images/products/crown-royal-black.webp?v=20260915b	32.99 USD	in_stock	new	Crown Royal Distillery	no	Food, Beverages & Tobacco > Beverages > Alcoholic Beverages > Liquor & Spirits	Bourbon
601	Crown Royal Deluxe	From Crown Royal Distillery in Manitoba, Canada, Crown Royal Deluxe layers Vanilla and Light Fruit into a distinctive character. At $28.99, it's an easy, versatile bottle for everyday drinking or gifting, with same-day delivery available in 33 U.S. states and 7 Canadian provinces.	https://caskworth.com/products/crown-royal-deluxe	https://caskworth.com/assets/images/products/crown-royal-deluxe.webp?v=20260915b	28.99 USD	in_stock	new	Crown Royal Distillery	no	Food, Beverages & Tobacco > Beverages > Alcoholic Beverages > Liquor & Spirits	Bourbon
ca_can102	Crown Royal Extra Rare (XR) Limited	Produced by Various in Canada, Crown Royal Extra Rare (XR) Limited is built around Vanilla, Oak and Smooth. At $599.99, it's a genuine step up for a special occasion, with same-day delivery available in 33 U.S. states and 7 Canadian provinces.	https://caskworth.com/products/crown-royal-extra-rare-xr-limited	https://caskworth.com/assets/images/products/crown-royal-extra-rare-xr-limited.webp?v=20260915b	599.99 USD	in_stock	new	Crown Royal Distillery	no	Food, Beverages & Tobacco > Beverages > Alcoholic Beverages > Liquor & Spirits	Bourbon
ca_can104	Crown Royal Noble Collection Cornerstone Blend	Crown Royal Noble Collection Cornerstone Blend comes from Crown Royal Distillery in Manitoba, showcasing Butterscotch and Vanilla character typical of the region. Bottled at 40% ABV and priced at $699.99, it rewards drinkers looking to move beyond entry-level bottles, with same-day delivery available where in stock.	https://caskworth.com/products/crown-royal-noble-collection-cornerstone-blend	https://caskworth.com/assets/images/products/crown-royal-noble-collection-cornerstone-blend.webp?v=20260915b	699.99 USD	in_stock	new	Crown Royal Distillery	no	Food, Beverages & Tobacco > Beverages > Alcoholic Beverages > Liquor & Spirits	Bourbon
ca_can105	Crown Royal Noble Collection Winter Wheat	From Various in Canada, Crown Royal Noble Collection Winter Wheat layers Vanilla and Oak into a distinctive character. Bottled at 40% ABV and priced at $699.99, it rewards drinkers looking to move beyond entry-level bottles, with same-day delivery available where in stock.	https://caskworth.com/products/crown-royal-noble-collection-winter-wheat	https://caskworth.com/assets/images/products/crown-royal-noble-collection-winter-wheat.webp?v=20260915b	699.99 USD	in_stock	new	Crown Royal Distillery	no	Food, Beverages & Tobacco > Beverages > Alcoholic Beverages > Liquor & Spirits	Bourbon
ca_can101	Crown Royal XO	From Various in Canada, Crown Royal XO layers Vanilla and Oak into a distinctive character. At $469.99, it's a genuine step up for a special occasion, with same-day delivery available in 33 U.S. states and 7 Canadian provinces.	https://caskworth.com/products/crown-royal-xo	https://caskworth.com/assets/images/products/crown-royal-xo.webp?v=20260915b	469.99 USD	in_stock	new	Crown Royal Distillery	no	Food, Beverages & Tobacco > Beverages > Alcoholic Beverages > Liquor & Spirits	Bourbon
CW-9001	Cutty Sark	Cutty Sark comes from Cutty Sark Distillery in Scotland, showcasing Honey and Malt character typical of the region. Priced at $15.99, it's a reliable everyday pour, bottled at 40% ABV, with same-day delivery available in 33 U.S. states and 7 Canadian provinces.	https://caskworth.com/products/cutty-sark-scotch-whisky	https://caskworth.com/assets/images/products/cutty-sark-scotch-whisky.webp?v=20260915b	15.99 USD	in_stock	new	Cutty Sark Distillery	no	Food, Beverages & Tobacco > Beverages > Alcoholic Beverages > Liquor & Spirits	Bourbon
4404	D'USSÉ Cabaret Edition	Produced by D'USSÉ in Cognac, France, D'USSÉ Cabaret Edition is built around Smooth Fruit, Honey and Elegant Spice. At $89.99, it's an easy, versatile bottle for everyday drinking or gifting, with same-day delivery available in 33 U.S. states and 7 Canadian provinces.	https://caskworth.com/products/d-usse-cabaret-edition	https://caskworth.com/assets/images/products/d-usse-cabaret-edition.webp?v=20260915b	89.99 USD	in_stock	new	D'USSÉ	no	Food, Beverages & Tobacco > Beverages > Alcoholic Beverages > Liquor & Spirits	Bourbon
4403	D'USSÉ Limited Edition 750ml	From D'USSÉ in Cognac, France, D'USSÉ Limited Edition 750ml layers Ripe Fruit and Honey into a distinctive character. At $79.99, it's an easy, versatile bottle for everyday drinking or gifting, with same-day delivery available in 33 U.S. states and 7 Canadian provinces.	https://caskworth.com/products/d-usse-limited-edition-750ml	https://caskworth.com/assets/images/products/d-usse-limited-edition-750ml.webp?v=20260915b	79.99 USD	in_stock	new	D'USSÉ	no	Food, Beverages & Tobacco > Beverages > Alcoholic Beverages > Liquor & Spirits	Bourbon
du101	D'USSÉ V.S.O.P Cognac	D'USSÉ V.S.O.P Cognac comes from D'USSE Cognac in Cognac, showcasing Stone Fruit and Honey character typical of the region. At $54.99, it's an easy, versatile bottle for everyday drinking or gifting, with same-day delivery available in 33 U.S. states and 7 Canadian provinces.	https://caskworth.com/products/d-usse-vsop-cognac	https://caskworth.com/assets/images/products/d-usse-vsop-cognac.webp?v=20260915b	54.99 USD	in_stock	new	D'USSE Cognac	no	Food, Beverages & Tobacco > Beverages > Alcoholic Beverages > Liquor & Spirits	Bourbon
du102	D'USSÉ XO Cognac	From D'USSE Cognac in Cognac, D'USSÉ XO Cognac layers Rich Dried Fruit and Oak into a distinctive character. Bottled at 40% ABV and priced at $249.99, it rewards drinkers looking to move beyond entry-level bottles, with same-day delivery available where in stock.	https://caskworth.com/products/d-usse-xo-cognac	https://caskworth.com/assets/images/products/d-usse-xo-cognac.webp?v=20260915b	249.99 USD	in_stock	new	D'USSE Cognac	no	Food, Beverages & Tobacco > Beverages > Alcoholic Beverages > Liquor & Spirits	Bourbon
CW-9118	Dad's Hat	Dad's Hat Distillery's Dad's Hat draws on Pennsylvania, USA's classic profile — Black Pepper, Rye Spice and a touch of Citrus. At $44.99, it's an easy, versatile bottle for everyday drinking or gifting, with same-day delivery available in 33 U.S. states and 7 Canadian provinces.	https://caskworth.com/products/dads-hat-rye-whiskey	https://caskworth.com/assets/images/products/dads-hat-rye-whiskey.webp?v=20260915b	44.99 USD	in_stock	new	Dad's Hat Distillery	no	Food, Beverages & Tobacco > Beverages > Alcoholic Beverages > Liquor & Spirits	Bourbon
917	Dalmore 25 Year	Dalmore Distillery's Dalmore 25 Year draws on Highland, Scotland's classic profile — Orange Marmalade, Dark Chocolate and a touch of Coffee. Bottled at 42% ABV and priced at $999.99, it rewards drinkers looking to move beyond entry-level bottles, with same-day delivery available where in stock.	https://caskworth.com/products/dalmore-25-year	https://caskworth.com/assets/images/products/dalmore-25-year.webp?v=20260915b	999.99 USD	in_stock	new	Dalmore Distillery	no	Food, Beverages & Tobacco > Beverages > Alcoholic Beverages > Liquor & Spirits	Bourbon
ur_s103	Dalmore 62 Year Trinitas	Dalmore 62 Year Trinitas comes from Dalmore Distillery in Highlands, Scotland, showcasing Ancient Highland and Dark Chocolate character typical of the region. At $195,000, this is a serious collector's bottle — allocated and rare, with delivery arranged directly where in stock.	https://caskworth.com/products/dalmore-62-year-trinitas	https://caskworth.com/assets/images/products/dalmore-62-year-trinitas.webp?v=20260915b	195000.0 USD	in_stock	new	Dalmore Distillery	no	Food, Beverages & Tobacco > Beverages > Alcoholic Beverages > Liquor & Spirits	Bourbon
1009	Dalmore Luminary No.3 1987	From Dalmore Distillery in Highland, Scotland, Dalmore Luminary No.3 1987 layers Bitter Chocolate and Dried Orange into a distinctive character. Priced at $15,000, it's aimed squarely at collectors rather than everyday drinking, with delivery arranged directly where in stock.	https://caskworth.com/products/dalmore-luminary-no3-1987	https://caskworth.com/assets/images/products/dalmore-luminary-no3-1987.webp?v=20260915b	14999.99 USD	in_stock	new	Dalmore Distillery	no	Food, Beverages & Tobacco > Beverages > Alcoholic Beverages > Liquor & Spirits	Bourbon
CW-9031	Dalwhinnie 15 Year	Dalwhinnie Distillery's Dalwhinnie 15 Year draws on Highland, Scotland's classic profile — Heather, Malt and a touch of Gentle Spice. Priced at $79.99, it's a reliable everyday pour, bottled at 40% ABV, with same-day delivery available in 33 U.S. states and 7 Canadian provinces.	https://caskworth.com/products/dalwhinnie-15-year	https://caskworth.com/assets/images/products/dalwhinnie-15-year.webp?v=20260915b	79.99 USD	in_stock	new	Dalwhinnie Distillery	no	Food, Beverages & Tobacco > Beverages > Alcoholic Beverages > Liquor & Spirits	Bourbon
CW-9198	Darroze Bas Armagnac	From Darroze Bas Armagnac in Armagnac, France, Darroze Bas Armagnac layers Prune and Fig into a distinctive character. Bottled at 40% ABV and priced at $199.99, it rewards drinkers looking to move beyond entry-level bottles, with same-day delivery available where in stock.	https://caskworth.com/products/darroze-bas-armagnac	https://caskworth.com/assets/images/products/darroze-bas-armagnac.webp?v=20260915b	199.99 USD	in_stock	new	Darroze Bas Armagnac	no	Food, Beverages & Tobacco > Beverages > Alcoholic Beverages > Liquor & Spirits	Bourbon
CW-9015	Deanston	Produced by Deanston Distillery in Highland, Scotland, Deanston is built around Heather, Malt and Gentle Spice. Priced at $72.99, it's a reliable everyday pour, bottled at 40% ABV, with same-day delivery available in 33 U.S. states and 7 Canadian provinces.	https://caskworth.com/products/deanston-single-malt-scotch	https://caskworth.com/assets/images/products/deanston-single-malt-scotch.webp?v=20260915b	72.99 USD	in_stock	new	Deanston Distillery	no	Food, Beverages & Tobacco > Beverages > Alcoholic Beverages > Liquor & Spirits	Bourbon
4803	Delamain Pale & Dry X.O	Delamain's Delamain Pale & Dry X.O draws on Cognac, France's classic profile — Pale Elegance, Ripe Fruit and a touch of Subtle Spice. Bottled at 40% ABV and priced at $149.99, it rewards drinkers looking to move beyond entry-level bottles, with same-day delivery available where in stock.	https://caskworth.com/products/delamain-pale-dry-xo	https://caskworth.com/assets/images/products/delamain-pale-dry-xo.webp?v=20260915b	149.99 USD	in_stock	new	Delamain	no	Food, Beverages & Tobacco > Beverages > Alcoholic Beverages > Liquor & Spirits	Bourbon
5005	Delord 15 Year Armagnac	Delord 15 Year Armagnac comes from Delord in Bas-Armagnac, France, showcasing Prune and Dried Apricot character typical of the region. Priced at $79.99, it's a reliable everyday pour, bottled at 40% ABV, with same-day delivery available in 33 U.S. states and 7 Canadian provinces.	https://caskworth.com/products/delord-15-year-armagnac	https://caskworth.com/assets/images/products/delord-15-year-armagnac.webp?v=20260915b	79.99 USD	in_stock	new	Delord	no	Food, Beverages & Tobacco > Beverages > Alcoholic Beverages > Liquor & Spirits	Bourbon
5006	Delord 25 Year Armagnac	From Delord in Bas-Armagnac, France, Delord 25 Year Armagnac layers Ancient Prune and Complex Dried Fruit into a distinctive character. At $199.99, it's a genuine step up for a special occasion, with same-day delivery available in 33 U.S. states and 7 Canadian provinces.	https://caskworth.com/products/delord-25-year-armagnac	https://caskworth.com/assets/images/products/delord-25-year-armagnac.webp?v=20260915b	199.99 USD	in_stock	new	Delord	no	Food, Beverages & Tobacco > Beverages > Alcoholic Beverages > Liquor & Spirits	Bourbon
2205	Dewar's 12 Year	Dewar's 12 Year comes from Dewar's in Scotland, showcasing Honeyed Malt and Dried Fruit character typical of the region. At $29.99, it's an easy, versatile bottle for everyday drinking or gifting, with same-day delivery available in 33 U.S. states and 7 Canadian provinces.	https://caskworth.com/products/dewars-12-year	https://caskworth.com/assets/images/products/dewars-12-year.webp?v=20260915b	29.99 USD	in_stock	new	Dewar's	no	Food, Beverages & Tobacco > Beverages > Alcoholic Beverages > Liquor & Spirits	Bourbon
2206	Dewar's 15 Year	Produced by Dewar's in Scotland, Dewar's 15 Year is built around Rich Fruit, Honey and Complex Spice. Priced at $44.99, it's a reliable everyday pour, bottled at 40% ABV, with same-day delivery available in 33 U.S. states and 7 Canadian provinces.	https://caskworth.com/products/dewars-15-year	https://caskworth.com/assets/images/products/dewars-15-year.webp?v=20260915b	44.99 USD	in_stock	new	Dewar's	no	Food, Beverages & Tobacco > Beverages > Alcoholic Beverages > Liquor & Spirits	Bourbon
2207	Dewar's 18 Year	Dewar's's Dewar's 18 Year draws on Scotland's classic profile — Dark Fruit, Toffee and a touch of Rich Grain. At $69.99, it's an easy, versatile bottle for everyday drinking or gifting, with same-day delivery available in 33 U.S. states and 7 Canadian provinces.	https://caskworth.com/products/dewars-18-year	https://caskworth.com/assets/images/products/dewars-18-year.webp?v=20260915b	69.99 USD	in_stock	new	Dewar's	no	Food, Beverages & Tobacco > Beverages > Alcoholic Beverages > Liquor & Spirits	Bourbon
2208	Dewar's 25 Year	Dewar's's Dewar's 25 Year draws on Scotland's classic profile — Profound Fruit, Ancient Honey and a touch of Timeless Oak. Bottled at 40% ABV and priced at $299.99, it rewards drinkers looking to move beyond entry-level bottles, with same-day delivery available where in stock.	https://caskworth.com/products/dewars-25-year	https://caskworth.com/assets/images/products/macallan-25-year-double-cask.webp?v=20260915b	299.99 USD	in_stock	new	Dewar's	no	Food, Beverages & Tobacco > Beverages > Alcoholic Beverages > Liquor & Spirits	Bourbon
2202	Dewar's Caribbean Smooth 8 Year	Dewar's Caribbean Smooth 8 Year comes from Dewar's in Scotland, showcasing Tropical Rum and Sweet Vanilla character typical of the region. At $24.99, it's an easy, versatile bottle for everyday drinking or gifting, with same-day delivery available in 33 U.S. states and 7 Canadian provinces.	https://caskworth.com/products/dewars-caribbean-smooth-8-year	https://caskworth.com/assets/images/products/dewars-caribbean-smooth-8-year.webp?v=20260915b	24.99 USD	in_stock	new	Dewar's	no	Food, Beverages & Tobacco > Beverages > Alcoholic Beverages > Liquor & Spirits	Bourbon
2209	Dewar's Double Double 21 Year	Dewar's's Dewar's Double Double 21 Year draws on Scotland's classic profile — Honeysuckle, Stone Fruit and a touch of Rich Spice. At $149.99, it's a genuine step up for a special occasion, with same-day delivery available in 33 U.S. states and 7 Canadian provinces.	https://caskworth.com/products/dewars-double-double-21-year	https://caskworth.com/assets/images/products/dewars-double-double-21-year.webp?v=20260915b	149.99 USD	in_stock	new	Dewar's	no	Food, Beverages & Tobacco > Beverages > Alcoholic Beverages > Liquor & Spirits	Bourbon
2210	Dewar's Double Double 27 Year	Dewar's Double Double 27 Year comes from Dewar's in Scotland, showcasing Dark Fruit and Ancient Honey character typical of the region. Bottled at 46% ABV and priced at $249.99, it rewards drinkers looking to move beyond entry-level bottles, with same-day delivery available where in stock.	https://caskworth.com/products/dewars-double-double-27-year	https://caskworth.com/assets/images/products/dewars-double-double-27-year.webp?v=20260915b	249.99 USD	in_stock	new	Dewar's	no	Food, Beverages & Tobacco > Beverages > Alcoholic Beverages > Liquor & Spirits	Bourbon
2211	Dewar's Double Double 32 Year	Dewar's's Dewar's Double Double 32 Year draws on Scotland's classic profile — Extraordinary Complexity, Ancient Fruit and a touch of Timeless Depth. At $499.99, it's a genuine step up for a special occasion, with same-day delivery available in 33 U.S. states and 7 Canadian provinces.	https://caskworth.com/products/dewars-double-double-32-year	https://caskworth.com/assets/images/products/dewars-double-double-32-year.webp?v=20260915b	499.99 USD	in_stock	new	Dewar's	no	Food, Beverages & Tobacco > Beverages > Alcoholic Beverages > Liquor & Spirits	Bourbon
2204	Dewar's Ilegal Smooth Mezcal Cask	Dewar's Ilegal Smooth Mezcal Cask comes from Dewar's in Scotland, showcasing Mezcal Smoke and Honey character typical of the region. Priced at $34.99, it's a reliable everyday pour, bottled at 40% ABV, with same-day delivery available in 33 U.S. states and 7 Canadian provinces.	https://caskworth.com/products/dewars-ilegal-smooth-mezcal-cask	https://caskworth.com/assets/images/products/dewars-ilegal-smooth-mezcal-cask.webp?v=20260915b	34.99 USD	in_stock	new	Dewar's	no	Food, Beverages & Tobacco > Beverages > Alcoholic Beverages > Liquor & Spirits	Bourbon
2203	Dewar's Scratched Cask 8 Year	Dewar's Scratched Cask 8 Year comes from Dewar's in Scotland, showcasing Rich Oak and Vanilla character typical of the region. Priced at $29.99, it's a reliable everyday pour, bottled at 40% ABV, with same-day delivery available in 33 U.S. states and 7 Canadian provinces.	https://caskworth.com/products/dewars-scratched-cask-8-year	https://caskworth.com/assets/images/products/dewars-scratched-cask-8-year.webp?v=20260915b	29.99 USD	in_stock	new	Dewar's	no	Food, Beverages & Tobacco > Beverages > Alcoholic Beverages > Liquor & Spirits	Bourbon
2201	Dewar's White Label	From Dewar's in Scotland, Dewar's White Label layers Light Fruit and Honey into a distinctive character. Priced at $19.99, it's a reliable everyday pour, bottled at 40% ABV, with same-day delivery available in 33 U.S. states and 7 Canadian provinces.	https://caskworth.com/products/dewars-white-label	https://caskworth.com/assets/images/products/dewars-white-label.webp?v=20260915b	19.99 USD	in_stock	new	Dewar's	no	Food, Beverages & Tobacco > Beverages > Alcoholic Beverages > Liquor & Spirits	Bourbon
CW-9175	Dillon's Small Batch Rye	From Dillon's Small Batch Rye Distillery in Ontario, Canada, Dillon's Small Batch Rye layers Rye Spice and Vanilla into a distinctive character. Priced at $49.95, it's a reliable everyday pour, bottled at 40% ABV, with same-day delivery available in 33 U.S. states and 7 Canadian provinces.	https://caskworth.com/products/dillons-small-batch-rye	https://caskworth.com/assets/images/products/dillons-small-batch-rye.webp?v=20260915b	49.95 USD	in_stock	new	Dillon's Small Batch Rye Distillery	no	Food, Beverages & Tobacco > Beverages > Alcoholic Beverages > Liquor & Spirits	Bourbon
CW-9246	Dingle Single Malt	From Dingle Single Malt Distillery in Ireland, Dingle Single Malt layers Honey and Malt into a distinctive character. At $127.99, it's a genuine step up for a special occasion, with same-day delivery available in 33 U.S. states and 7 Canadian provinces.	https://caskworth.com/products/dingle-single-malt	https://caskworth.com/assets/images/products/dingle-single-malt.webp?v=20260915b	127.99 USD	in_stock	new	Dingle Single Malt Distillery	no	Food, Beverages & Tobacco > Beverages > Alcoholic Beverages > Liquor & Spirits	Bourbon
CW-9199	Domaine Boingnères Armagnac	From Domaine Boingnères Armagnac in Armagnac, France, Domaine Boingnères Armagnac layers Prune and Fig into a distinctive character. At $269.99, it's a genuine step up for a special occasion, with same-day delivery available in 33 U.S. states and 7 Canadian provinces.	https://caskworth.com/products/domaine-boingneres-armagnac	https://caskworth.com/assets/images/products/domaine-boingneres-armagnac.webp?v=20260915b	269.99 USD	in_stock	new	Domaine Boingnères Armagnac	no	Food, Beverages & Tobacco > Beverages > Alcoholic Beverages > Liquor & Spirits	Bourbon
CW-9201	Domfront Calvados	Produced by Domfront Calvados in Normandy, France, Domfront Calvados is built around Baked Apple, Orchard Fruit and Oak. Bottled at 40% ABV and priced at $189.99, it rewards drinkers looking to move beyond entry-level bottles, with same-day delivery available where in stock.	https://caskworth.com/products/domfront-calvados	https://caskworth.com/assets/images/products/domfront-calvados.webp?v=20260915b	189.99 USD	in_stock	new	Domfront Calvados	no	Food, Beverages & Tobacco > Beverages > Alcoholic Beverages > Liquor & Spirits	Bourbon
CW-9145	Dupuy	From Dupuy in Cognac, France, Dupuy layers Dried Fruit and Vanilla into a distinctive character. Bottled at 40% ABV and priced at $149.99, it rewards drinkers looking to move beyond entry-level bottles, with same-day delivery available where in stock.	https://caskworth.com/products/dupuy-cognac	https://caskworth.com/assets/images/products/dupuy-cognac.webp?v=20260915b	149.99 USD	in_stock	new	Dupuy	no	Food, Beverages & Tobacco > Beverages > Alcoholic Beverages > Liquor & Spirits	Bourbon
112	Eagle Rare 10 Year	Produced by Buffalo Trace Distillery in Kentucky, USA, Eagle Rare 10 Year is built around Orange Peel, Herbs and Honey. At $37.99, it's an easy, versatile bottle for everyday drinking or gifting, with same-day delivery available in 33 U.S. states and 7 Canadian provinces.	https://caskworth.com/products/eagle-rare-10-year	https://caskworth.com/assets/images/products/eagle-rare-10-year.webp?v=20260915b	37.99 USD	in_stock	new	Buffalo Trace Distillery	no	Food, Beverages & Tobacco > Beverages > Alcoholic Beverages > Liquor & Spirits	Bourbon
CW-9176	Eau Claire Distillery Rupert's Whisky	Eau Claire Distillery Rupert's Whisky comes from Eau Claire Distillery Rupert's Whisky Distillery in Alberta, Canada, showcasing Caramel and Vanilla character typical of the region. Priced at $39.99, it's a reliable everyday pour, bottled at 40% ABV, with same-day delivery available in 33 U.S. states and 7 Canadian provinces.	https://caskworth.com/products/eau-claire-distillery-ruperts-whisky	https://caskworth.com/assets/images/products/eau-claire-distillery-ruperts-whisky.webp?v=20260915b	39.99 USD	in_stock	new	Eau Claire Distillery Rupert's Whisky Distillery	no	Food, Beverages & Tobacco > Beverages > Alcoholic Beverages > Liquor & Spirits	Bourbon
CW-9032	Edradour 10 Year	Edradour 10 Year comes from Edradour Distillery in Highland, Scotland, showcasing Heather and Malt character typical of the region. Priced at $88.99, it's a reliable everyday pour, bottled at 40% ABV, with same-day delivery available in 33 U.S. states and 7 Canadian provinces.	https://caskworth.com/products/edradour-10-year	https://caskworth.com/assets/images/products/edradour-10-year.webp?v=20260915b	88.99 USD	in_stock	new	Edradour Distillery	no	Food, Beverages & Tobacco > Beverages > Alcoholic Beverages > Liquor & Spirits	Bourbon
CW-9244	Egan's Vintage Grain	From Egan's Vintage Grain Distillery in Ireland, Egan's Vintage Grain layers Honey and Malt into a distinctive character. At $50.99, it's an easy, versatile bottle for everyday drinking or gifting, with same-day delivery available in 33 U.S. states and 7 Canadian provinces.	https://caskworth.com/products/egans-vintage-grain	https://caskworth.com/assets/images/products/egans-vintage-grain.webp?v=20260915b	50.99 USD	in_stock	new	Egan's Vintage Grain Distillery	no	Food, Beverages & Tobacco > Beverages > Alcoholic Beverages > Liquor & Spirits	Bourbon
CW-9100	Colonel E.H. Taylor Single Barrel / Barrel Proof	Produced by Colonel E.H. Taylor Distillery in Kentucky, USA, Colonel E.H. Taylor Single Barrel / Barrel Proof is built around Toffee, Oak and Dried Fruit. Bottled at 50% ABV and priced at $344.00, it rewards drinkers looking to move beyond entry-level bottles, with same-day delivery available where in stock.	https://caskworth.com/products/eh-taylor-single-barrel-bourbon	https://caskworth.com/assets/images/products/eh-taylor-single-barrel-bourbon.webp?v=20260915b	344.00 USD	in_stock	new	Colonel E.H. Taylor Distillery	no	Food, Beverages & Tobacco > Beverages > Alcoholic Beverages > Liquor & Spirits	Bourbon
704	E.H. Taylor Small Batch BiB	Buffalo Trace Distillery's E.H. Taylor Small Batch BiB draws on Kentucky, USA's classic profile — Orange, Sweet Hay and a touch of Tobacco. At $49.99, it's an easy, versatile bottle for everyday drinking or gifting, with same-day delivery available in 33 U.S. states and 7 Canadian provinces.	https://caskworth.com/products/eh-taylor-small-batch-bib	https://caskworth.com/assets/images/products/eh-taylor-small-batch-bib.webp?v=20260915b	49.99 USD	in_stock	new	Buffalo Trace Distillery	no	Food, Beverages & Tobacco > Beverages > Alcoholic Beverages > Liquor & Spirits	Bourbon
5201	E&J V.S Brandy	E&J Gallo Winery's E&J V.S Brandy draws on California, USA's classic profile — Light Fruit, Smooth and a touch of Vanilla. At $14.99, it's an easy, versatile bottle for everyday drinking or gifting, with same-day delivery available in 33 U.S. states and 7 Canadian provinces.	https://caskworth.com/products/ej-vs-brandy	https://caskworth.com/assets/images/products/ej-vs-brandy.webp?v=20260915b	14.99 USD	in_stock	new	E&J Gallo Winery	no	Food, Beverages & Tobacco > Beverages > Alcoholic Beverages > Liquor & Spirits	Bourbon
5202	E&J V.S.O.P Brandy	Produced by E&J Gallo Winery in California, USA, E&J V.S.O.P Brandy is built around Ripe Fruit, Caramel and Smooth Oak. At $19.99, it's an easy, versatile bottle for everyday drinking or gifting, with same-day delivery available in 33 U.S. states and 7 Canadian provinces.	https://caskworth.com/products/ej-vsop-brandy	https://caskworth.com/assets/images/products/ej-vsop-brandy.webp?v=20260915b	19.99 USD	in_stock	new	E&J Gallo Winery	no	Food, Beverages & Tobacco > Beverages > Alcoholic Beverages > Liquor & Spirits	Bourbon
2603	Elijah Craig 18 Year Single Barrel	Heaven Hill Distillery's Elijah Craig 18 Year Single Barrel draws on Kentucky, USA's classic profile — Dark Caramel, Complex Spice and a touch of Ancient Oak. Bottled at 45% ABV and priced at $199.99, it rewards drinkers looking to move beyond entry-level bottles, with same-day delivery available where in stock.	https://caskworth.com/products/elijah-craig-18-year-single-barrel	https://caskworth.com/assets/images/products/elijah-craig-18-year-single-barrel.webp?v=20260915b	199.99 USD	in_stock	new	Heaven Hill Distillery	no	Food, Beverages & Tobacco > Beverages > Alcoholic Beverages > Liquor & Spirits	Bourbon
2602	Elijah Craig Barrel Proof Bourbon	Heaven Hill Distillery's Elijah Craig Barrel Proof Bourbon draws on Kentucky, USA's classic profile — Intense Oak, Caramel and a touch of Bold Spice. At $69.99, it's an easy, versatile bottle for everyday drinking or gifting, with same-day delivery available in 33 U.S. states and 7 Canadian provinces.	https://caskworth.com/products/elijah-craig-barrel-proof-bourbon	https://caskworth.com/assets/images/products/elijah-craig-barrel-proof-bourbon.webp?v=20260915b	69.99 USD	in_stock	new	Heaven Hill Distillery	no	Food, Beverages & Tobacco > Beverages > Alcoholic Beverages > Liquor & Spirits	Bourbon
2601	Elijah Craig Small Batch Bourbon	From Heaven Hill Distillery in Kentucky, USA, Elijah Craig Small Batch Bourbon layers Vanilla and Caramel into a distinctive character. At $34.99, it's an easy, versatile bottle for everyday drinking or gifting, with same-day delivery available in 33 U.S. states and 7 Canadian provinces.	https://caskworth.com/products/elijah-craig-small-batch-bourbon	https://caskworth.com/assets/images/products/elijah-craig-small-batch-bourbon.webp?v=20260915b	34.99 USD	in_stock	new	Heaven Hill Distillery	no	Food, Beverages & Tobacco > Beverages > Alcoholic Beverages > Liquor & Spirits	Bourbon
2604	Elijah Craig Toasted Barrel	Elijah Craig Toasted Barrel comes from Heaven Hill Distillery in Kentucky, USA, showcasing Toasted Oak and Vanilla character typical of the region. At $44.99, it's an easy, versatile bottle for everyday drinking or gifting, with same-day delivery available in 33 U.S. states and 7 Canadian provinces.	https://caskworth.com/products/elijah-craig-toasted-barrel	https://caskworth.com/assets/images/products/elijah-craig-toasted-barrel.webp?v=20260915b	44.99 USD	in_stock	new	Heaven Hill Distillery	no	Food, Beverages & Tobacco > Beverages > Alcoholic Beverages > Liquor & Spirits	Bourbon
CW-9096	Elmer T. Lee Single Barrel	From Elmer T. Lee Distillery in Kentucky, USA, Elmer T. Lee Single Barrel layers Toffee and Oak into a distinctive character. At $199.99, it's a genuine step up for a special occasion, with same-day delivery available in 33 U.S. states and 7 Canadian provinces.	https://caskworth.com/products/elmer-t-lee-bourbon	https://caskworth.com/assets/images/products/elmer-t-lee-bourbon.webp?v=20260915b	199.99 USD	in_stock	new	Elmer T. Lee Distillery	no	Food, Beverages & Tobacco > Beverages > Alcoholic Beverages > Liquor & Spirits	Bourbon
2704	Evan Williams Black Label	Evan Williams Black Label comes from Heaven Hill Distillery in Kentucky, USA, showcasing Caramel and Vanilla character typical of the region. At $17.99, it's an easy, versatile bottle for everyday drinking or gifting, with same-day delivery available in 33 U.S. states and 7 Canadian provinces.	https://caskworth.com/products/evan-williams-black-label	https://caskworth.com/assets/images/products/evan-williams-black-label.webp?v=20260915b	17.99 USD	in_stock	new	Heaven Hill Distillery	no	Food, Beverages & Tobacco > Beverages > Alcoholic Beverages > Liquor & Spirits	Bourbon
2703	Evan Williams Single Barrel Vintage	Heaven Hill Distillery's Evan Williams Single Barrel Vintage draws on Kentucky, USA's classic profile — Caramel, Vanilla and a touch of Light Oak. Priced at $29.99, it's a reliable everyday pour, bottled at 43.3% ABV, with same-day delivery available in 33 U.S. states and 7 Canadian provinces.	https://caskworth.com/products/evan-williams-single-barrel-vintage	https://caskworth.com/assets/images/products/evan-williams-single-barrel-vintage.webp?v=20260915b	29.99 USD	in_stock	new	Heaven Hill Distillery	no	Food, Beverages & Tobacco > Beverages > Alcoholic Beverages > Liquor & Spirits	Bourbon
CW-9061	Ezra Brooks	From Ezra Brooks Distillery in Kentucky, USA, Ezra Brooks layers Caramel and Vanilla into a distinctive character. At $15.99, it's an easy, versatile bottle for everyday drinking or gifting, with same-day delivery available in 33 U.S. states and 7 Canadian provinces.	https://caskworth.com/products/ezra-brooks-bourbon	https://caskworth.com/assets/images/products/ezra-brooks-bourbon.webp?v=20260915b	15.99 USD	in_stock	new	Ezra Brooks Distillery	no	Food, Beverages & Tobacco > Beverages > Alcoholic Beverages > Liquor & Spirits	Bourbon
3502	Famous Grouse Smoky Black	Produced by Edrington Group in Scotland, Famous Grouse Smoky Black is built around Peated Smoke, Dark Fruit and Spice. Priced at $24.99, it's a reliable everyday pour, bottled at 40% ABV, with same-day delivery available in 33 U.S. states and 7 Canadian provinces.	https://caskworth.com/products/famous-grouse-smoky-black	https://caskworth.com/assets/images/products/famous-grouse-smoky-black.webp?v=20260915b	24.99 USD	in_stock	new	Edrington Group	no	Food, Beverages & Tobacco > Beverages > Alcoholic Beverages > Liquor & Spirits	Bourbon
CW-9131	FEW Rye Whiskey	FEW Rye Whiskey comes from FEW Rye Whiskey Distillery in Kentucky, USA, showcasing Black Pepper and Rye Spice character typical of the region. At $45.99, it's an easy, versatile bottle for everyday drinking or gifting, with same-day delivery available in 33 U.S. states and 7 Canadian provinces.	https://caskworth.com/products/few-rye-whiskey	https://caskworth.com/assets/images/products/few-rye-whiskey.webp?v=20260915b	45.99 USD	in_stock	new	FEW Rye Whiskey Distillery	no	Food, Beverages & Tobacco > Beverages > Alcoholic Beverages > Liquor & Spirits	Bourbon
ca_can108	Forty Creek Blood Oath Pact No.7	From Various in Canada, Forty Creek Blood Oath Pact No.7 layers Vanilla and Oak into a distinctive character. Bottled at 40% ABV and priced at $899.99, it rewards drinkers looking to move beyond entry-level bottles, with same-day delivery available where in stock.	https://caskworth.com/products/forty-creek-blood-oath-pact-no7	https://caskworth.com/assets/images/products/forty-creek-blood-oath-pact-no7.webp?v=20260915b	899.99 USD	in_stock	new	Forty Creek Distillery	no	Food, Beverages & Tobacco > Beverages > Alcoholic Beverages > Liquor & Spirits	Bourbon
ca_can106	Forty Creek Confederation Oak Reserve	Forty Creek Confederation Oak Reserve comes from Various in Canada, showcasing Vanilla and Oak character typical of the region. At $499.99, it's a genuine step up for a special occasion, with same-day delivery available in 33 U.S. states and 7 Canadian provinces.	https://caskworth.com/products/forty-creek-confederation-oak-reserve	https://caskworth.com/assets/images/products/forty-creek-confederation-oak-reserve.webp?v=20260915b	499.99 USD	in_stock	new	Forty Creek Distillery	no	Food, Beverages & Tobacco > Beverages > Alcoholic Beverages > Liquor & Spirits	Bourbon
ca_can107	Forty Creek Double Barrel Reserve	Produced by Various in Canada, Forty Creek Double Barrel Reserve is built around Vanilla, Oak and Smooth. At $549.99, it's a genuine step up for a special occasion, with same-day delivery available in 33 U.S. states and 7 Canadian provinces.	https://caskworth.com/products/forty-creek-double-barrel-reserve	https://caskworth.com/assets/images/products/forty-creek-double-barrel-reserve.webp?v=20260915b	549.99 USD	in_stock	new	Forty Creek Distillery	no	Food, Beverages & Tobacco > Beverages > Alcoholic Beverages > Liquor & Spirits	Bourbon
ca_can109	Forty Creek Heart of Gold	From Various in Canada, Forty Creek Heart of Gold layers Vanilla and Oak into a distinctive character. Priced at $1,300, it's aimed squarely at collectors rather than everyday drinking, with delivery arranged directly where in stock.	https://caskworth.com/products/forty-creek-heart-of-gold	https://caskworth.com/assets/images/products/forty-creek-heart-of-gold.webp?v=20260915b	1299.99 USD	in_stock	new	Forty Creek Distillery	no	Food, Beverages & Tobacco > Beverages > Alcoholic Beverages > Liquor & Spirits	Bourbon
ca_can110	Forty Creek Rye Whisky Masters Cut	Produced by Various in Canada, Forty Creek Rye Whisky Masters Cut is built around Vanilla, Oak and Smooth. At $749.99, it's a genuine step up for a special occasion, with same-day delivery available in 33 U.S. states and 7 Canadian provinces.	https://caskworth.com/products/forty-creek-rye-whisky-masters-cut	https://caskworth.com/assets/images/products/forty-creek-rye-whisky-masters-cut.webp?v=20260915b	749.99 USD	in_stock	new	Forty Creek Distillery	no	Food, Beverages & Tobacco > Beverages > Alcoholic Beverages > Liquor & Spirits	Bourbon
CW-9182	Found North Peregrine First Flight 21 Year Old Cask Strength	From Found North Distillery in Canada, Found North Peregrine First Flight 21 Year Old Cask Strength layers Caramel and Vanilla into a distinctive character. At $650.00, it's a genuine step up for a special occasion, with same-day delivery available in 33 U.S. states and 7 Canadian provinces.	https://caskworth.com/products/found-north-peregrine-first-flight-21-year-old-cask-strength	https://caskworth.com/assets/images/products/found-north-peregrine-first-flight-21-year-old-cask-strength.webp?v=20260915b	650.00 USD	in_stock	new	Found North Distillery	no	Food, Beverages & Tobacco > Beverages > Alcoholic Beverages > Liquor & Spirits	Bourbon
CW-9103	Four Roses Limited Edition Single Barrel	Produced by Four Roses Limited Edition Distillery in Kentucky, USA, Four Roses Limited Edition Single Barrel is built around Toffee, Oak and Dried Fruit. At $114.99, it's a genuine step up for a special occasion, with same-day delivery available in 33 U.S. states and 7 Canadian provinces.	https://caskworth.com/products/four-roses-limited-edition-single-barrel	https://caskworth.com/assets/images/products/four-roses-limited-edition-single-barrel.webp?v=20260915b	114.99 USD	in_stock	new	Four Roses Limited Edition Distillery	no	Food, Beverages & Tobacco > Beverages > Alcoholic Beverages > Liquor & Spirits	Bourbon
908	Four Roses Limited Edition Small Batch	Four Roses Distillery's Four Roses Limited Edition Small Batch draws on Kentucky, USA's classic profile — Ripe Fruit, Honey and a touch of Soft Spice. At $299.99, it's a genuine step up for a special occasion, with same-day delivery available in 33 U.S. states and 7 Canadian provinces.	https://caskworth.com/products/four-roses-limited-edition-small-batch	https://caskworth.com/assets/images/products/four-roses-small-batch.webp?v=20260915b	299.99 USD	in_stock	new	Four Roses Distillery	no	Food, Beverages & Tobacco > Beverages > Alcoholic Beverages > Liquor & Spirits	Bourbon
110	Four Roses Small Batch	Four Roses Small Batch comes from Four Roses Distillery in Kentucky, USA, showcasing Honey and Pear character typical of the region. Priced at $32.99, it's a reliable everyday pour, bottled at 45% ABV, with same-day delivery available in 33 U.S. states and 7 Canadian provinces.	https://caskworth.com/products/four-roses-small-batch	https://caskworth.com/assets/images/products/four-roses-small-batch.webp?v=20260915b	32.99 USD	in_stock	new	Four Roses Distillery	no	Food, Beverages & Tobacco > Beverages > Alcoholic Beverages > Liquor & Spirits	Bourbon
CW-9161	François Voyer Hors d'Âge Grande Champagne Cognac	From François Voyer in Cognac, France, François Voyer Hors d'Âge Grande Champagne Cognac layers Dried Fruit and Vanilla into a distinctive character. Priced at $1099.97, it's aimed squarely at collectors rather than everyday drinking, with delivery arranged directly where in stock.	https://caskworth.com/products/francois-voyer-hors-dage-grande-champagne-cognac	https://caskworth.com/assets/images/products/francois-voyer-hors-dage-grande-champagne-cognac.webp?v=20260915b	1099.97 USD	in_stock	new	François Voyer	no	Food, Beverages & Tobacco > Beverages > Alcoholic Beverages > Liquor & Spirits	Bourbon
ur_br101	Frapin 1858 Grande Champagne 1er Cru	Frapin 1858 Grande Champagne 1er Cru comes from Frapin in Grande Champagne, France, showcasing Ancient Eaux-de-Vie and Jasmine character typical of the region. At $195,000, this is a serious collector's bottle — allocated and rare, with delivery arranged directly where in stock.	https://caskworth.com/products/frapin-1858-grande-champagne-1er-cru	https://caskworth.com/assets/images/products/frapin-1858-grande-champagne-1er-cru.webp?v=20260915b	195000.0 USD	in_stock	new	Frapin	no	Food, Beverages & Tobacco > Beverages > Alcoholic Beverages > Liquor & Spirits	Bourbon
4801	Frapin Chateau Fontpinot X.O	Frapin's Frapin Chateau Fontpinot X.O draws on Cognac, France's classic profile — Floral, Dried Fruit and a touch of Complex Spice. At $249.99, it's a genuine step up for a special occasion, with same-day delivery available in 33 U.S. states and 7 Canadian provinces.	https://caskworth.com/products/frapin-chateau-fontpinot-xo	https://caskworth.com/assets/images/products/frapin-chateau-fontpinot-xo.webp?v=20260915b	249.99 USD	in_stock	new	Frapin	no	Food, Beverages & Tobacco > Beverages > Alcoholic Beverages > Liquor & Spirits	Bourbon
CW-9080	Frey Ranch Bourbon	Produced by Frey Ranch Bourbon Distillery in Nevada, USA, Frey Ranch Bourbon is built around Caramel, Vanilla and Oak. At $59.99, it's an easy, versatile bottle for everyday drinking or gifting, with same-day delivery available in 33 U.S. states and 7 Canadian provinces.	https://caskworth.com/products/frey-ranch-bourbon	https://caskworth.com/assets/images/products/frey-ranch-bourbon.webp?v=20260915b	59.99 USD	in_stock	new	Frey Ranch Bourbon Distillery	no	Food, Beverages & Tobacco > Beverages > Alcoholic Beverages > Liquor & Spirits	Bourbon
CW-9212	Fuji Whisky	Fuji Whisky comes from Fuji Whisky Distillery in Japan, showcasing Honey and Light Smoke character typical of the region. At $54.99, it's an easy, versatile bottle for everyday drinking or gifting, with same-day delivery available in 33 U.S. states and 7 Canadian provinces.	https://caskworth.com/products/fuji-whisky	https://caskworth.com/assets/images/products/fuji-whisky.webp?v=20260915b	54.99 USD	in_stock	new	Fuji Whisky Distillery	no	Food, Beverages & Tobacco > Beverages > Alcoholic Beverages > Liquor & Spirits	Bourbon
CW-9196	Fundador Brandy	Fundador Brandy comes from Fundador Brandy in Jerez, Spain, showcasing Dried Fruit and Toffee character typical of the region. Priced at $34.99, it's a reliable everyday pour, bottled at 40% ABV, with same-day delivery available in 33 U.S. states and 7 Canadian provinces.	https://caskworth.com/products/fundador-brandy	https://caskworth.com/assets/images/products/fundador-brandy.webp?v=20260915b	34.99 USD	in_stock	new	Fundador Brandy	no	Food, Beverages & Tobacco > Beverages > Alcoholic Beverages > Liquor & Spirits	Bourbon
CW-9067	Garrison Brothers	From Garrison Brothers Distillery in Texas, USA, Garrison Brothers layers Caramel and Vanilla into a distinctive character. Priced at $89.99, it's a reliable everyday pour, bottled at 45% ABV, with same-day delivery available in 33 U.S. states and 7 Canadian provinces.	https://caskworth.com/products/garrison-brothers-bourbon	https://caskworth.com/assets/images/products/garrison-brothers-bourbon.webp?v=20260915b	89.99 USD	in_stock	new	Garrison Brothers Distillery	no	Food, Beverages & Tobacco > Beverages > Alcoholic Beverages > Liquor & Spirits	Bourbon
CW-9146	Gautier Cognac	Produced by Gautier Cognac in Cognac, France, Gautier Cognac is built around Dried Fruit, Vanilla and Oak. Bottled at 40% ABV and priced at $104.99, it rewards drinkers looking to move beyond entry-level bottles, with same-day delivery available where in stock.	https://caskworth.com/products/gautier-cognac	https://caskworth.com/assets/images/products/gautier-cognac.webp?v=20260915b	104.99 USD	in_stock	new	Gautier Cognac	no	Food, Beverages & Tobacco > Beverages > Alcoholic Beverages > Liquor & Spirits	Bourbon
ur_r105	George Dickel Rye 1988 Cask Strength Heritage	From Cascade Hollow Distillery in Tennessee, USA, George Dickel Rye 1988 Cask Strength Heritage layers Tennessee Rye and Caramel into a distinctive character. Priced at $65,000, it's aimed squarely at collectors rather than everyday drinking, with delivery arranged directly where in stock.	https://caskworth.com/products/george-dickel-rye-1988-cask-strength-heritage	https://caskworth.com/assets/images/products/george-dickel-rye-1988-cask-strength-heritage.webp?v=20260915b	65000.0 USD	in_stock	new	Cascade Hollow Distillery	no	Food, Beverages & Tobacco > Beverages > Alcoholic Beverages > Liquor & Spirits	Bourbon
CW-9088	George Remus Bourbon	George Remus Bourbon comes from George Remus Bourbon Distillery in Kentucky, USA, showcasing Caramel and Vanilla character typical of the region. Priced at $33.00, it's a reliable everyday pour, bottled at 45% ABV, with same-day delivery available in 33 U.S. states and 7 Canadian provinces.	https://caskworth.com/products/george-remus-bourbon	https://caskworth.com/assets/images/products/george-remus-bourbon.webp?v=20260915b	33.00 USD	in_stock	new	George Remus Bourbon Distillery	no	Food, Beverages & Tobacco > Beverages > Alcoholic Beverages > Liquor & Spirits	Bourbon
ur_b102	George T. Stagg 1978 Single Barrel	From Buffalo Trace Distillery in Kentucky, USA, George T. Stagg 1978 Single Barrel layers Intense Dark Fruit and Ancient Oak into a distinctive character. At $89,000, this is a serious collector's bottle — allocated and rare, with delivery arranged directly where in stock.	https://caskworth.com/products/george-t-stagg-1978-single-barrel	https://caskworth.com/assets/images/products/george-t-stagg-1978-single-barrel.webp?v=20260915b	89000.0 USD	in_stock	new	Buffalo Trace Distillery	no	Food, Beverages & Tobacco > Beverages > Alcoholic Beverages > Liquor & Spirits	Bourbon
1025	George T. Stagg 2007 Vintage Release	George T. Stagg 2007 Vintage Release comes from Buffalo Trace Distillery in Kentucky, USA, showcasing Dark Chocolate and Coffee character typical of the region. Priced at $8,000, it's aimed squarely at collectors rather than everyday drinking, with delivery arranged directly where in stock.	https://caskworth.com/products/george-t-stagg-2007-vintage-release	https://caskworth.com/assets/images/products/george-t-stagg-2007-vintage-release.webp?v=20260915b	7999.99 USD	in_stock	new	Buffalo Trace Distillery	no	Food, Beverages & Tobacco > Beverages > Alcoholic Beverages > Liquor & Spirits	Bourbon
903	George T. Stagg Barrel Proof	Produced by Buffalo Trace Distillery in Kentucky, USA, George T. Stagg Barrel Proof is built around Dark Chocolate, Coffee and Oak. At $449.99, it's a genuine step up for a special occasion, with same-day delivery available in 33 U.S. states and 7 Canadian provinces.	https://caskworth.com/products/george-t-stagg-barrel-proof	https://caskworth.com/assets/images/products/george-t-stagg-barrel-proof.webp?v=20260915b	449.99 USD	in_stock	new	Buffalo Trace Distillery	no	Food, Beverages & Tobacco > Beverages > Alcoholic Beverages > Liquor & Spirits	Bourbon
CW-9192	Germain-Robin	Produced by Germain-Robin in California, USA, Germain-Robin is built around Dried Fruit, Toffee and Oak. Bottled at 40% ABV and priced at $129.99, it rewards drinkers looking to move beyond entry-level bottles, with same-day delivery available where in stock.	https://caskworth.com/products/germain-robin-brandy	https://caskworth.com/assets/images/products/germain-robin-brandy.webp?v=20260915b	129.99 USD	in_stock	new	Germain-Robin	no	Food, Beverages & Tobacco > Beverages > Alcoholic Beverages > Liquor & Spirits	Bourbon
CW-9170	Gibson's Finest	Produced by Gibson's Distillery in Canada, Gibson's Finest is built around Caramel, Vanilla and Toffee. Priced at $71.95, it's a reliable everyday pour, bottled at 40% ABV, with same-day delivery available in 33 U.S. states and 7 Canadian provinces.	https://caskworth.com/products/gibsons-finest-canadian-whisky	https://caskworth.com/assets/images/products/gibsons-finest-canadian-whisky.webp?v=20260915b	71.95 USD	in_stock	new	Gibson's Distillery	no	Food, Beverages & Tobacco > Beverages > Alcoholic Beverages > Liquor & Spirits	Bourbon
ca_can130	Gimli Distillery Crown Royal Cask Series No.16	Gimli Distillery Crown Royal Cask Series No.16 comes from Crown Royal Distillery in Manitoba, showcasing Ancient Canadian and Rare Oak character typical of the region. At $50,000, this is a serious collector's bottle — allocated and rare, with delivery arranged directly where in stock.	https://caskworth.com/products/gimli-distillery-crown-royal-cask-series-no16	https://caskworth.com/assets/images/products/gimli-distillery-crown-royal-cask-series-no16.webp?v=20260915b	49999.99 USD	in_stock	new	Crown Royal Distillery	no	Food, Beverages & Tobacco > Beverages > Alcoholic Beverages > Liquor & Spirits	Bourbon
CW-9007	Glen Grant	Glen Grant Distillery's Glen Grant draws on Speyside, Scotland's classic profile — Honey, Orchard Fruit and a touch of Vanilla. Priced at $53.99, it's a reliable everyday pour, bottled at 40% ABV, with same-day delivery available in 33 U.S. states and 7 Canadian provinces.	https://caskworth.com/products/glen-grant-single-malt-scotch	https://caskworth.com/assets/images/products/glen-grant-single-malt-scotch.webp?v=20260915b	53.99 USD	in_stock	new	Glen Grant Distillery	no	Food, Beverages & Tobacco > Beverages > Alcoholic Beverages > Liquor & Spirits	Bourbon
CW-9037	Glen Moray Classic	Glen Moray Classic Distillery's Glen Moray Classic draws on Speyside, Scotland's classic profile — Honey, Orchard Fruit and a touch of Vanilla. Priced at $29.99, it's a reliable everyday pour, bottled at 40% ABV, with same-day delivery available in 33 U.S. states and 7 Canadian provinces.	https://caskworth.com/products/glen-moray-classic	https://caskworth.com/assets/images/products/glen-moray-classic.webp?v=20260915b	29.99 USD	in_stock	new	Glen Moray Classic Distillery	no	Food, Beverages & Tobacco > Beverages > Alcoholic Beverages > Liquor & Spirits	Bourbon
CW-9033	Glen Scotia Double Cask	Produced by Glen Scotia Double Cask Distillery in Campbeltown, Scotland, Glen Scotia Double Cask is built around Brine, Toffee and Smoke. At $58.99, it's an easy, versatile bottle for everyday drinking or gifting, with same-day delivery available in 33 U.S. states and 7 Canadian provinces.	https://caskworth.com/products/glen-scotia-double-cask	https://caskworth.com/assets/images/products/glen-scotia-double-cask.webp?v=20260915b	58.99 USD	in_stock	new	Glen Scotia Double Cask Distillery	no	Food, Beverages & Tobacco > Beverages > Alcoholic Beverages > Liquor & Spirits	Bourbon
CW-9025	GlenAllachie 12 Year	From GlenAllachie Distillery in Speyside, Scotland, GlenAllachie 12 Year layers Honey and Orchard Fruit into a distinctive character. At $80.99, it's an easy, versatile bottle for everyday drinking or gifting, with same-day delivery available in 33 U.S. states and 7 Canadian provinces.	https://caskworth.com/products/glenallachie-12-year	https://caskworth.com/assets/images/products/glenallachie-12-year.webp?v=20260915b	80.99 USD	in_stock	new	GlenAllachie Distillery	no	Food, Beverages & Tobacco > Beverages > Alcoholic Beverages > Liquor & Spirits	Bourbon
CW-9247	Glendalough Double Barrel	Produced by Glendalough Double Barrel Distillery in Ireland, Glendalough Double Barrel is built around Honey, Malt and Orchard Fruit. Priced at $28.99, it's a reliable everyday pour, bottled at 40% ABV, with same-day delivery available in 33 U.S. states and 7 Canadian provinces.	https://caskworth.com/products/glendalough-double-barrel	https://caskworth.com/assets/images/products/glendalough-double-barrel.webp?v=20260915b	28.99 USD	in_stock	new	Glendalough Double Barrel Distillery	no	Food, Beverages & Tobacco > Beverages > Alcoholic Beverages > Liquor & Spirits	Bourbon
3201	GlenDronach 12 Year Original	From GlenDronach Distillery in Highland, Scotland, GlenDronach 12 Year Original layers Sherry and Dark Fruit into a distinctive character. Priced at $44.99, it's a reliable everyday pour, bottled at 43% ABV, with same-day delivery available in 33 U.S. states and 7 Canadian provinces.	https://caskworth.com/products/glendronach-12-year-original	https://caskworth.com/assets/images/products/glenfarclas-10-year.webp?v=20260915b	44.99 USD	in_stock	new	GlenDronach Distillery	no	Food, Beverages & Tobacco > Beverages > Alcoholic Beverages > Liquor & Spirits	Bourbon
3202	GlenDronach 15 Year Revival	GlenDronach Distillery's GlenDronach 15 Year Revival draws on Highland, Scotland's classic profile — PX Sherry, Walnut and a touch of Rich Fruit. At $74.99, it's an easy, versatile bottle for everyday drinking or gifting, with same-day delivery available in 33 U.S. states and 7 Canadian provinces.	https://caskworth.com/products/glendronach-15-year-revival	https://caskworth.com/assets/images/products/glendronach-15-year-revival.webp?v=20260915b	74.99 USD	in_stock	new	GlenDronach Distillery	no	Food, Beverages & Tobacco > Beverages > Alcoholic Beverages > Liquor & Spirits	Bourbon
3203	GlenDronach 18 Year Allardice	Produced by GlenDronach Distillery in Highland, Scotland, GlenDronach 18 Year Allardice is built around Rich Dark Fruit, Chocolate and Ancient Sherry. Priced at $99.99, it's a reliable everyday pour, bottled at 46% ABV, with same-day delivery available in 33 U.S. states and 7 Canadian provinces.	https://caskworth.com/products/glendronach-18-year-allardice	https://caskworth.com/assets/images/products/glendronach-18-year-allardice.webp?v=20260915b	99.99 USD	in_stock	new	GlenDronach Distillery	no	Food, Beverages & Tobacco > Beverages > Alcoholic Beverages > Liquor & Spirits	Bourbon
3204	GlenDronach 21 Year Parliament	Produced by GlenDronach Distillery in Highland, Scotland, GlenDronach 21 Year Parliament is built around Profound Sherry, Walnuts and Ancient Fruit. Bottled at 48% ABV and priced at $149.99, it rewards drinkers looking to move beyond entry-level bottles, with same-day delivery available where in stock.	https://caskworth.com/products/glendronach-21-year-parliament	https://caskworth.com/assets/images/products/glendronach-21-year-parliament.webp?v=20260915b	149.99 USD	in_stock	new	GlenDronach Distillery	no	Food, Beverages & Tobacco > Beverages > Alcoholic Beverages > Liquor & Spirits	Bourbon
CW-9047	GlenDronach Grandeur 25 Year Old Batch 8	GlenDronach Grandeur 25 Year Old Batch 8 comes from GlenDronach Grandeur Distillery in Highland, Scotland, showcasing Heather and Malt character typical of the region. Priced at $2999.00, it's aimed squarely at collectors rather than everyday drinking, with delivery arranged directly where in stock.	https://caskworth.com/products/glendronach-grandeur-25-year-old-batch-8	https://caskworth.com/assets/images/products/glendronach-grandeur-25-year-old-batch-8.webp?v=20260915b	2999.00 USD	in_stock	new	GlenDronach Grandeur Distillery	no	Food, Beverages & Tobacco > Beverages > Alcoholic Beverages > Liquor & Spirits	Bourbon
3601	Glenfarclas 10 Year	J & G Grant's Glenfarclas 10 Year draws on Speyside, Scotland's classic profile — Sherry, Fruit Cake and a touch of Spice. At $44.99, it's an easy, versatile bottle for everyday drinking or gifting, with same-day delivery available in 33 U.S. states and 7 Canadian provinces.	https://caskworth.com/products/glenfarclas-10-year	https://caskworth.com/assets/images/products/glenfarclas-10-year.webp?v=20260915b	44.99 USD	in_stock	new	J & G Grant	no	Food, Beverages & Tobacco > Beverages > Alcoholic Beverages > Liquor & Spirits	Bourbon
3602	Glenfarclas 15 Year	Produced by J & G Grant in Speyside, Scotland, Glenfarclas 15 Year is built around Rich Sherry, Christmas Spice and Dark Fruit. Priced at $69.99, it's a reliable everyday pour, bottled at 46% ABV, with same-day delivery available in 33 U.S. states and 7 Canadian provinces.	https://caskworth.com/products/glenfarclas-15-year	https://caskworth.com/assets/images/products/glenfarclas-15-year.webp?v=20260915b	69.99 USD	in_stock	new	J & G Grant	no	Food, Beverages & Tobacco > Beverages > Alcoholic Beverages > Liquor & Spirits	Bourbon
3603	Glenfarclas 21 Year	J & G Grant's Glenfarclas 21 Year draws on Speyside, Scotland's classic profile — Ancient Sherry, Complex Fruit and a touch of Profound Spice. At $149.99, it's a genuine step up for a special occasion, with same-day delivery available in 33 U.S. states and 7 Canadian provinces.	https://caskworth.com/products/glenfarclas-21-year	https://caskworth.com/assets/images/products/glenfarclas-21-year.webp?v=20260915b	149.99 USD	in_stock	new	J & G Grant	no	Food, Beverages & Tobacco > Beverages > Alcoholic Beverages > Liquor & Spirits	Bourbon
CW-9046	Glenfarclas 40 Year Old	From Glenfarclas Distillery in Speyside, Scotland, Glenfarclas 40 Year Old layers Honey and Orchard Fruit into a distinctive character. Priced at $1299.99, it's aimed squarely at collectors rather than everyday drinking, with delivery arranged directly where in stock.	https://caskworth.com/products/glenfarclas-40-year-old	https://caskworth.com/assets/images/products/glenfarclas-40-year-old.webp?v=20260915b	1299.99 USD	in_stock	new	Glenfarclas Distillery	no	Food, Beverages & Tobacco > Beverages > Alcoholic Beverages > Liquor & Spirits	Bourbon
204	Glenfiddich 12 Year	Produced by Glenfiddich Distillery in Speyside, Scotland, Glenfiddich 12 Year is built around Pear, Cream and Subtle Oak. At $39.99, it's an easy, versatile bottle for everyday drinking or gifting, with same-day delivery available in 33 U.S. states and 7 Canadian provinces.	https://caskworth.com/products/glenfiddich-12-year	https://caskworth.com/assets/images/products/glenfiddich-12-year.webp?v=20260915b	39.99 USD	in_stock	new	Glenfiddich Distillery	no	Food, Beverages & Tobacco > Beverages > Alcoholic Beverages > Liquor & Spirits	Bourbon
205	Glenfiddich 18 Year	From Glenfiddich Distillery in Speyside, Scotland, Glenfiddich 18 Year layers Dried Fruit and Oak into a distinctive character. At $89.99, it's an easy, versatile bottle for everyday drinking or gifting, with same-day delivery available in 33 U.S. states and 7 Canadian provinces.	https://caskworth.com/products/glenfiddich-18-year	https://caskworth.com/assets/images/products/glenfiddich-18-year.webp?v=20260915b	89.99 USD	in_stock	new	Glenfiddich Distillery	no	Food, Beverages & Tobacco > Beverages > Alcoholic Beverages > Liquor & Spirits	Bourbon
ur_s102	Glenfiddich 1937 Rare Collection	Glenfiddich 1937 Rare Collection comes from Glenfiddich Distillery in Speyside, Scotland, showcasing Ancient Oak and Dried Citrus character typical of the region. At $410,000, this is a serious collector's bottle — allocated and rare, with delivery arranged directly where in stock.	https://caskworth.com/products/glenfiddich-1937-rare-collection	https://caskworth.com/assets/images/products/glenfiddich-1937-rare-collection.webp?v=20260915b	410000.0 USD	in_stock	new	Glenfiddich Distillery	no	Food, Beverages & Tobacco > Beverages > Alcoholic Beverages > Liquor & Spirits	Bourbon
913	Glenfiddich 26 Year Excellence	From Glenfiddich Distillery in Speyside, Scotland, Glenfiddich 26 Year Excellence layers Creamy Vanilla and Rich Fruit into a distinctive character. Bottled at 43% ABV and priced at $599.99, it rewards drinkers looking to move beyond entry-level bottles, with same-day delivery available where in stock.	https://caskworth.com/products/glenfiddich-26-year-excellence	https://caskworth.com/assets/images/products/glenfiddich-26-year-excellence.webp?v=20260915b	599.99 USD	in_stock	new	Glenfiddich Distillery	no	Food, Beverages & Tobacco > Beverages > Alcoholic Beverages > Liquor & Spirits	Bourbon
914	Glenfiddich 30 Year	Produced by Glenfiddich Distillery in Speyside, Scotland, Glenfiddich 30 Year is built around Dark Fruit, Sherry and Complex Oak. Bottled at 43% ABV and priced at $899.99, it rewards drinkers looking to move beyond entry-level bottles, with same-day delivery available where in stock.	https://caskworth.com/products/glenfiddich-30-year	https://caskworth.com/assets/images/products/glenfiddich-30-year.webp?v=20260915b	899.99 USD	in_stock	new	Glenfiddich Distillery	no	Food, Beverages & Tobacco > Beverages > Alcoholic Beverages > Liquor & Spirits	Bourbon
1004	Glenfiddich 40 Year	Glenfiddich Distillery's Glenfiddich 40 Year draws on Speyside, Scotland's classic profile — Dark Fruit, Old Leather and a touch of Profound Oak. Priced at $15,000, it's aimed squarely at collectors rather than everyday drinking, with delivery arranged directly where in stock.	https://caskworth.com/products/glenfiddich-40-year	https://caskworth.com/assets/images/products/glenfiddich-30-year.webp?v=20260915b	14999.99 USD	in_stock	new	Glenfiddich Distillery	no	Food, Beverages & Tobacco > Beverages > Alcoholic Beverages > Liquor & Spirits	Bourbon
1005	Glenfiddich 50 Year	From Glenfiddich Distillery in Speyside, Scotland, Glenfiddich 50 Year layers Ancient Fruit and Timeless Oak into a distinctive character. Priced at $40,000, it's aimed squarely at collectors rather than everyday drinking, with delivery arranged directly where in stock.	https://caskworth.com/products/glenfiddich-50-year	https://caskworth.com/assets/images/products/glenfiddich-26-year-excellence.webp?v=20260915b	39999.99 USD	in_stock	new	Glenfiddich Distillery	no	Food, Beverages & Tobacco > Beverages > Alcoholic Beverages > Liquor & Spirits	Bourbon
CW-9023	Glengoyne	Produced by Glengoyne Distillery in Highland, Scotland, Glengoyne is built around Heather, Malt and Gentle Spice. At $74.99, it's an easy, versatile bottle for everyday drinking or gifting, with same-day delivery available in 33 U.S. states and 7 Canadian provinces.	https://caskworth.com/products/glengoyne-single-malt-scotch	https://caskworth.com/assets/images/products/glengoyne-single-malt-scotch.webp?v=20260915b	74.99 USD	in_stock	new	Glengoyne Distillery	no	Food, Beverages & Tobacco > Beverages > Alcoholic Beverages > Liquor & Spirits	Bourbon
CW-9034	Glenkinchie 12 Year	From Glenkinchie Distillery in Lowlands, Scotland, Glenkinchie 12 Year layers Grass and Citrus into a distinctive character. Priced at $77.99, it's a reliable everyday pour, bottled at 40% ABV, with same-day delivery available in 33 U.S. states and 7 Canadian provinces.	https://caskworth.com/products/glenkinchie-12-year	https://caskworth.com/assets/images/products/glenkinchie-12-year.webp?v=20260915b	77.99 USD	in_stock	new	Glenkinchie Distillery	no	Food, Beverages & Tobacco > Beverages > Alcoholic Beverages > Liquor & Spirits	Bourbon
921	Glenlivet 21 Year Archive	Produced by Glenlivet Distillery in Speyside, Scotland, Glenlivet 21 Year Archive is built around Rich Fruit, Vanilla and Complex Spice. Bottled at 43% ABV and priced at $299.99, it rewards drinkers looking to move beyond entry-level bottles, with same-day delivery available where in stock.	https://caskworth.com/products/glenlivet-21-year-archive	https://caskworth.com/assets/images/products/glenlivet-21-year-archive.webp?v=20260915b	299.99 USD	in_stock	new	Glenlivet Distillery	no	Food, Beverages & Tobacco > Beverages > Alcoholic Beverages > Liquor & Spirits	Bourbon
1014	Glenlivet 50 Year	Glenlivet 50 Year comes from Glenlivet Distillery in Speyside, Scotland, showcasing Dried Fruit and Ancient Vanilla character typical of the region. Priced at $28,000, it's aimed squarely at collectors rather than everyday drinking, with delivery arranged directly where in stock.	https://caskworth.com/products/glenlivet-50-year	https://caskworth.com/assets/images/products/glenlivet-50-year.webp?v=20260915b	27999.99 USD	in_stock	new	Glenlivet Distillery	no	Food, Beverages & Tobacco > Beverages > Alcoholic Beverages > Liquor & Spirits	Bourbon
3004	Glenmorangie 18 Year Extremely Rare	Produced by Glenmorangie Distillery in Highland, Scotland, Glenmorangie 18 Year Extremely Rare is built around Vanilla Toffee, Floral and Baking Spice. At $129.99, it's a genuine step up for a special occasion, with same-day delivery available in 33 U.S. states and 7 Canadian provinces.	https://caskworth.com/products/glenmorangie-18-year-extremely-rare	https://caskworth.com/assets/images/products/glenmorangie-signet.webp?v=20260915b	129.99 USD	in_stock	new	Glenmorangie Distillery	no	Food, Beverages & Tobacco > Beverages > Alcoholic Beverages > Liquor & Spirits	Bourbon
3006	Glenmorangie A Tale of Cake	Glenmorangie A Tale of Cake comes from Glenmorangie Distillery in Highland, Scotland, showcasing Pastry and Vanilla character typical of the region. Priced at $79.99, it's a reliable everyday pour, bottled at 46% ABV, with same-day delivery available in 33 U.S. states and 7 Canadian provinces.	https://caskworth.com/products/glenmorangie-a-tale-of-cake	https://caskworth.com/assets/images/products/glenmorangie-a-tale-of-cake.webp?v=20260915b	79.99 USD	in_stock	new	Glenmorangie Distillery	no	Food, Beverages & Tobacco > Beverages > Alcoholic Beverages > Liquor & Spirits	Bourbon
3002	Glenmorangie Nectar D'Or 12 Year	Glenmorangie Nectar D'Or 12 Year comes from Glenmorangie Distillery in Highland, Scotland, showcasing Sauternes and Honey character typical of the region. At $64.99, it's an easy, versatile bottle for everyday drinking or gifting, with same-day delivery available in 33 U.S. states and 7 Canadian provinces.	https://caskworth.com/products/glenmorangie-nectar-dor-12-year	https://caskworth.com/assets/images/products/glenmorangie-nectar-dor-12-year.webp?v=20260915b	64.99 USD	in_stock	new	Glenmorangie Distillery	no	Food, Beverages & Tobacco > Beverages > Alcoholic Beverages > Liquor & Spirits	Bourbon
3001	Glenmorangie Original 10 Year	Glenmorangie Original 10 Year comes from Glenmorangie Distillery in Highland, Scotland, showcasing Vanilla and Floral character typical of the region. At $34.99, it's an easy, versatile bottle for everyday drinking or gifting, with same-day delivery available in 33 U.S. states and 7 Canadian provinces.	https://caskworth.com/products/glenmorangie-original-10-year	https://caskworth.com/assets/images/products/glenmorangie-original-10-year.webp?v=20260915b	34.99 USD	in_stock	new	Glenmorangie Distillery	no	Food, Beverages & Tobacco > Beverages > Alcoholic Beverages > Liquor & Spirits	Bourbon
3003	Glenmorangie Quinta Ruban 14 Year	Glenmorangie Quinta Ruban 14 Year comes from Glenmorangie Distillery in Highland, Scotland, showcasing Dark Chocolate and Port Wine character typical of the region. At $64.99, it's an easy, versatile bottle for everyday drinking or gifting, with same-day delivery available in 33 U.S. states and 7 Canadian provinces.	https://caskworth.com/products/glenmorangie-quinta-ruban-14-year	https://caskworth.com/assets/images/products/glenmorangie-quinta-ruban-14-year.webp?v=20260915b	64.99 USD	in_stock	new	Glenmorangie Distillery	no	Food, Beverages & Tobacco > Beverages > Alcoholic Beverages > Liquor & Spirits	Bourbon
3005	Glenmorangie Signet	Produced by Glenmorangie Distillery in Highland, Scotland, Glenmorangie Signet is built around Chocolate Espresso, Honey and Christmas Cake. Bottled at 46% ABV and priced at $199.99, it rewards drinkers looking to move beyond entry-level bottles, with same-day delivery available where in stock.	https://caskworth.com/products/glenmorangie-signet	https://caskworth.com/assets/images/products/glenmorangie-signet.webp?v=20260915b	199.99 USD	in_stock	new	Glenmorangie Distillery	no	Food, Beverages & Tobacco > Beverages > Alcoholic Beverages > Liquor & Spirits	Bourbon
ca_can129	Glenora Glen Breton Rare 25 Year	Produced by Various in Canada, Glenora Glen Breton Rare 25 Year is built around Vanilla, Oak and Smooth. At $5,000, this is a serious collector's bottle — allocated and rare, with delivery arranged directly where in stock.	https://caskworth.com/products/glenora-glen-breton-rare-25-year	https://caskworth.com/assets/images/products/glenora-glen-breton-rare-25-year.webp?v=20260915b	4999.99 USD	in_stock	new	Glenora Distillery	no	Food, Beverages & Tobacco > Beverages > Alcoholic Beverages > Liquor & Spirits	Bourbon
CW-9008	The Glenrothes	The Glenrothes Distillery's The Glenrothes draws on Speyside, Scotland's classic profile — Honey, Orchard Fruit and a touch of Vanilla. Priced at $71.99, it's a reliable everyday pour, bottled at 40% ABV, with same-day delivery available in 33 U.S. states and 7 Canadian provinces.	https://caskworth.com/products/glenrothes-single-malt-scotch	https://caskworth.com/assets/images/products/glenrothes-single-malt-scotch.webp?v=20260915b	71.99 USD	in_stock	new	The Glenrothes Distillery	no	Food, Beverages & Tobacco > Beverages > Alcoholic Beverages > Liquor & Spirits	Bourbon
CW-9142	Godet	From Godet in Cognac, France, Godet layers Dried Fruit and Vanilla into a distinctive character. Priced at $52.99, it's a reliable everyday pour, bottled at 40% ABV, with same-day delivery available in 33 U.S. states and 7 Canadian provinces.	https://caskworth.com/products/godet-cognac	https://caskworth.com/assets/images/products/godet-cognac.webp?v=20260915b	52.99 USD	in_stock	new	Godet	no	Food, Beverages & Tobacco > Beverages > Alcoholic Beverages > Liquor & Spirits	Bourbon
CW-9164	Gooderham & Worts	Gooderham & Worts Distillery's Gooderham & Worts draws on Canada's classic profile — Caramel, Vanilla and a touch of Toffee. Priced at $46.99, it's a reliable everyday pour, bottled at 40% ABV, with same-day delivery available in 33 U.S. states and 7 Canadian provinces.	https://caskworth.com/products/gooderham-and-worts-canadian-whisky	https://caskworth.com/assets/images/products/gooderham-and-worts-canadian-whisky.webp?v=20260915b	46.99 USD	in_stock	new	Gooderham & Worts Distillery	no	Food, Beverages & Tobacco > Beverages > Alcoholic Beverages > Liquor & Spirits	Bourbon
CW-9194	Gran Duque d'Alba	From Gran Duque d'Alba in Jerez, Spain, Gran Duque d'Alba layers Dried Fruit and Toffee into a distinctive character. At $79.99, it's an easy, versatile bottle for everyday drinking or gifting, with same-day delivery available in 33 U.S. states and 7 Canadian provinces.	https://caskworth.com/products/gran-duque-de-alba-brandy	https://caskworth.com/assets/images/products/gran-duque-de-alba-brandy.webp?v=20260915b	79.99 USD	in_stock	new	Gran Duque d'Alba	no	Food, Beverages & Tobacco > Beverages > Alcoholic Beverages > Liquor & Spirits	Bourbon
CW-9042	Grant's Ale Cask Finish	Produced by Grant's Ale Cask Finish Distillery in Scotland, Grant's Ale Cask Finish is built around Honey, Malt and Soft Smoke. At $24.99, it's an easy, versatile bottle for everyday drinking or gifting, with same-day delivery available in 33 U.S. states and 7 Canadian provinces.	https://caskworth.com/products/grants-ale-cask-finish	https://caskworth.com/assets/images/products/grants-ale-cask-finish.webp?v=20260915b	24.99 USD	in_stock	new	Grant's Ale Cask Finish Distillery	no	Food, Beverages & Tobacco > Beverages > Alcoholic Beverages > Liquor & Spirits	Bourbon
3503	Grant's Triple Wood	William Grant & Sons's Grant's Triple Wood draws on Scotland's classic profile — Vanilla, Fruit and a touch of Smooth Oak. Priced at $21.99, it's a reliable everyday pour, bottled at 40% ABV, with same-day delivery available in 33 U.S. states and 7 Canadian provinces.	https://caskworth.com/products/grants-triple-wood	https://caskworth.com/assets/images/products/grants-triple-wood.webp?v=20260915b	21.99 USD	in_stock	new	William Grant & Sons	no	Food, Beverages & Tobacco > Beverages > Alcoholic Beverages > Liquor & Spirits	Bourbon
CW-9086	Green River Bourbon	Green River Bourbon comes from Green River Bourbon Distillery in Kentucky, USA, showcasing Caramel and Vanilla character typical of the region. Priced at $35.00, it's a reliable everyday pour, bottled at 45% ABV, with same-day delivery available in 33 U.S. states and 7 Canadian provinces.	https://caskworth.com/products/green-river-bourbon	https://caskworth.com/assets/images/products/green-river-bourbon.webp?v=20260915b	35.00 USD	in_stock	new	Green River Bourbon Distillery	no	Food, Beverages & Tobacco > Beverages > Alcoholic Beverages > Liquor & Spirits	Bourbon
ur_i105	Green Spot Chateau Leoville Barton 1989 Vintage	From Midleton Distillery in Cork, Ireland, Green Spot Chateau Leoville Barton 1989 Vintage layers Bordeaux Wine and Pot Still Spice into a distinctive character. At $65,000, this is a serious collector's bottle — allocated and rare, with delivery arranged directly where in stock.	https://caskworth.com/products/green-spot-chateau-leoville-barton-1989-vintage	https://caskworth.com/assets/images/products/green-spot-chateau-leoville-barton-1989-vintage.webp?v=20260915b	65000.0 USD	in_stock	new	Midleton Distillery	no	Food, Beverages & Tobacco > Beverages > Alcoholic Beverages > Liquor & Spirits	Bourbon
304	Green Spot Single Pot Still	Green Spot Single Pot Still comes from Midleton Distillery in Cork, Ireland, showcasing Green Apple and Barley character typical of the region. Priced at $54.99, it's a reliable everyday pour, bottled at 40% ABV, with same-day delivery available in 33 U.S. states and 7 Canadian provinces.	https://caskworth.com/products/green-spot-single-pot-still	https://caskworth.com/assets/images/products/green-spot-single-pot-still.webp?v=20260915b	54.99 USD	in_stock	new	Midleton Distillery	no	Food, Beverages & Tobacco > Beverages > Alcoholic Beverages > Liquor & Spirits	Bourbon
CW-9157	Grosperrin 18 Year Old	Produced by Grosperrin in Cognac, France, Grosperrin 18 Year Old is built around Dried Fruit, Vanilla and Oak. At $149.99, it's a genuine step up for a special occasion, with same-day delivery available in 33 U.S. states and 7 Canadian provinces.	https://caskworth.com/products/grosperrin-18-year-old	https://caskworth.com/assets/images/products/grosperrin-18-year-old.webp?v=20260915b	149.99 USD	in_stock	new	Grosperrin	no	Food, Beverages & Tobacco > Beverages > Alcoholic Beverages > Liquor & Spirits	Bourbon
404	Hakushu 12 Year	Produced by Hakushu Distillery in Japan, Hakushu 12 Year is built around Fresh Herb, Green Apple and Peaty. At $149.99, it's a genuine step up for a special occasion, with same-day delivery available in 33 U.S. states and 7 Canadian provinces.	https://caskworth.com/products/hakushu-12-year	https://caskworth.com/assets/images/products/hakushu-12-year.webp?v=20260915b	149.99 USD	in_stock	new	Hakushu Distillery	no	Food, Beverages & Tobacco > Beverages > Alcoholic Beverages > Liquor & Spirits	Bourbon
925	Hakushu 18 Year	From Hakushu Distillery in Japan, Hakushu 18 Year layers Fresh Herb and Green Apple into a distinctive character. At $499.99, it's a genuine step up for a special occasion, with same-day delivery available in 33 U.S. states and 7 Canadian provinces.	https://caskworth.com/products/hakushu-18-year	https://caskworth.com/assets/images/products/hakushu-18-year.webp?v=20260915b	499.99 USD	in_stock	new	Hakushu Distillery	no	Food, Beverages & Tobacco > Beverages > Alcoholic Beverages > Liquor & Spirits	Bourbon
1018	Hakushu 35 Year	Hakushu 35 Year comes from Hakushu Distillery in Japan, showcasing Ancient Forest and Deep Herb character typical of the region. At $13,000, this is a serious collector's bottle — allocated and rare, with delivery arranged directly where in stock.	https://caskworth.com/products/hakushu-35-year	https://caskworth.com/assets/images/products/hakushu-35-year.webp?v=20260915b	12999.99 USD	in_stock	new	Hakushu Distillery	no	Food, Beverages & Tobacco > Beverages > Alcoholic Beverages > Liquor & Spirits	Bourbon
CW-9158	Hardy Noces d'Or Sublime 50 Year Old	From Hardy in Cognac, France, Hardy Noces d'Or Sublime 50 Year Old layers Dried Fruit and Vanilla into a distinctive character. Bottled at 40% ABV and priced at $599.99, it rewards drinkers looking to move beyond entry-level bottles, with same-day delivery available where in stock.	https://caskworth.com/products/hardy-noces-dor-sublime-50-year-old	https://caskworth.com/assets/images/products/hardy-noces-dor-sublime-50-year-old.webp?v=20260915b	599.99 USD	in_stock	new	Hardy	no	Food, Beverages & Tobacco > Beverages > Alcoholic Beverages > Liquor & Spirits	Bourbon
CW-9223	Hatozaki Small Batch	Hatozaki Small Batch comes from Hatozaki Distillery in Japan, showcasing Honey and Light Smoke character typical of the region. At $59.99, it's an easy, versatile bottle for everyday drinking or gifting, with same-day delivery available in 33 U.S. states and 7 Canadian provinces.	https://caskworth.com/products/hatozaki-small-batch	https://caskworth.com/assets/images/products/hatozaki-small-batch.webp?v=20260915b	59.99 USD	in_stock	new	Hatozaki Distillery	no	Food, Beverages & Tobacco > Beverages > Alcoholic Beverages > Liquor & Spirits	Bourbon
CW-9082	Heaven Hill Bottled in Bond 7 Year	Heaven Hill Bottled in Bond Distillery's Heaven Hill Bottled in Bond 7 Year draws on Kentucky, USA's classic profile — Caramel, Vanilla and a touch of Oak. Priced at $45.00, it's a reliable everyday pour, bottled at 50% ABV, with same-day delivery available in 33 U.S. states and 7 Canadian provinces.	https://caskworth.com/products/heaven-hill-bottled-in-bond-7-year	https://caskworth.com/assets/images/products/heaven-hill-bottled-in-bond-7-year.webp?v=20260915b	45.00 USD	in_stock	new	Heaven Hill Bottled in Bond Distillery	no	Food, Beverages & Tobacco > Beverages > Alcoholic Beverages > Liquor & Spirits	Bourbon
hn113	Hennessy 8	Hennessy 8 comes from Hennessy in Cognac, France, showcasing Jasmine and Hazelnut character typical of the region. Bottled at 40% ABV and priced at $799.99, it rewards drinkers looking to move beyond entry-level bottles, with same-day delivery available where in stock.	https://caskworth.com/products/hennessy-8	https://caskworth.com/assets/images/products/hennessy-8.webp?v=20260915b	799.99 USD	in_stock	new	Hennessy	no	Food, Beverages & Tobacco > Beverages > Alcoholic Beverages > Liquor & Spirits	Bourbon
hn105	Hennessy Black	From Hennessy in Cognac, France, Hennessy Black layers Bold Fruit and Light Floral into a distinctive character. At $44.99, it's an easy, versatile bottle for everyday drinking or gifting, with same-day delivery available in 33 U.S. states and 7 Canadian provinces.	https://caskworth.com/products/hennessy-black	https://caskworth.com/assets/images/products/hennessy-black.webp?v=20260915b	44.99 USD	in_stock	new	Hennessy	no	Food, Beverages & Tobacco > Beverages > Alcoholic Beverages > Liquor & Spirits	Bourbon
hn114	Hennessy Classivm	Hennessy Classivm comes from Hennessy in Cognac, France, showcasing Floral Bouquet and Dried Fruit character typical of the region. Bottled at 40% ABV and priced at $499.99, it rewards drinkers looking to move beyond entry-level bottles, with same-day delivery available where in stock.	https://caskworth.com/products/hennessy-classivm	https://caskworth.com/assets/images/products/hennessy-classivm.webp?v=20260915b	499.99 USD	in_stock	new	Hennessy	no	Food, Beverages & Tobacco > Beverages > Alcoholic Beverages > Liquor & Spirits	Bourbon
ur_c101	Hennessy Ellipse Baccarat Crystal 1 of 100	Produced by Hennessy in Cognac, France, Hennessy Ellipse Baccarat Crystal 1 of 100 is built around Ancient Eaux-de-Vie, Profound Complexity and Transcendent Bouquet. Priced at $195,000, it's aimed squarely at collectors rather than everyday drinking, with delivery arranged directly where in stock.	https://caskworth.com/products/hennessy-ellipse-baccarat-crystal-1-of-100	https://caskworth.com/assets/images/products/hennessy-ellipse-baccarat-crystal-1-of-100.webp?v=20260915b	195000.0 USD	in_stock	new	Hennessy	no	Food, Beverages & Tobacco > Beverages > Alcoholic Beverages > Liquor & Spirits	Bourbon
hn115	Hennessy Ellipse	Hennessy's Hennessy Ellipse draws on Cognac, France's classic profile — Complex Bouquet, Ancient Eaux-de-Vie and a touch of Profound Depth. At $13,000, this is a serious collector's bottle — allocated and rare, with delivery arranged directly where in stock.	https://caskworth.com/products/hennessy-ellipse	https://caskworth.com/assets/images/products/hennessy-ellipse.webp?v=20260915b	12999.99 USD	in_stock	new	Hennessy	no	Food, Beverages & Tobacco > Beverages > Alcoholic Beverages > Liquor & Spirits	Bourbon
hn107	Hennessy Master Blenders Selection No.5	Hennessy's Hennessy Master Blenders Selection No.5 draws on Cognac, France's classic profile — Jasmine, Dried Fruit and a touch of Spice. At $89.99, it's an easy, versatile bottle for everyday drinking or gifting, with same-day delivery available in 33 U.S. states and 7 Canadian provinces.	https://caskworth.com/products/hennessy-master-blenders-selection-no5	https://caskworth.com/assets/images/products/hennessy-master-blenders-selection-no5.webp?v=20260915b	89.99 USD	in_stock	new	Hennessy	no	Food, Beverages & Tobacco > Beverages > Alcoholic Beverages > Liquor & Spirits	Bourbon
hn109	Hennessy Paradis Imperial	Hennessy's Hennessy Paradis Imperial draws on Cognac, France's classic profile — Jasmine, Delicate Fruit and a touch of Ancient Oak. Priced at $3,500, it's aimed squarely at collectors rather than everyday drinking, with delivery arranged directly where in stock.	https://caskworth.com/products/hennessy-paradis-imperial	https://caskworth.com/assets/images/products/hennessy-paradis-imperial.webp?v=20260915b	3499.99 USD	in_stock	new	Hennessy	no	Food, Beverages & Tobacco > Beverages > Alcoholic Beverages > Liquor & Spirits	Bourbon
hn108	Hennessy Paradis	Hennessy's Hennessy Paradis draws on Cognac, France's classic profile — Jasmine, Linden and a touch of Candied Fruit. At $999.99, it's a genuine step up for a special occasion, with same-day delivery available in 33 U.S. states and 7 Canadian provinces.	https://caskworth.com/products/hennessy-paradis	https://caskworth.com/assets/images/products/hennessy-paradis.webp?v=20260915b	999.99 USD	in_stock	new	Hennessy	no	Food, Beverages & Tobacco > Beverages > Alcoholic Beverages > Liquor & Spirits	Bourbon
hn106	Hennessy Pure White	Hennessy Pure White comes from Hennessy in Cognac, France, showcasing Light Floral and Fresh Fruit character typical of the region. At $79.99, it's an easy, versatile bottle for everyday drinking or gifting, with same-day delivery available in 33 U.S. states and 7 Canadian provinces.	https://caskworth.com/products/hennessy-pure-white	https://caskworth.com/assets/images/products/hennessy-pure-white.webp?v=20260915b	79.99 USD	in_stock	new	Hennessy	no	Food, Beverages & Tobacco > Beverages > Alcoholic Beverages > Liquor & Spirits	Bourbon
hn110	Hennessy Richard Hennessy	From Hennessy in Cognac, France, Hennessy Richard Hennessy layers Refined Spice and Floral Bouquet into a distinctive character. At $5,000, this is a serious collector's bottle — allocated and rare, with delivery arranged directly where in stock.	https://caskworth.com/products/hennessy-richard-hennessy	https://caskworth.com/assets/images/products/hennessy-paradis-imperial.webp?v=20260915b	4999.99 USD	in_stock	new	Hennessy	no	Food, Beverages & Tobacco > Beverages > Alcoholic Beverages > Liquor & Spirits	Bourbon
hn101	Hennessy V.S	Produced by Hennessy in Cognac, France, Hennessy V.S is built around Grilled Almond, Fresh Grape and Subtle Oak. At $39.99, it's an easy, versatile bottle for everyday drinking or gifting, with same-day delivery available in 33 U.S. states and 7 Canadian provinces.	https://caskworth.com/products/hennessy-vs	https://caskworth.com/assets/images/products/hennessy-vs.webp?v=20260915b	39.99 USD	in_stock	new	Hennessy	no	Food, Beverages & Tobacco > Beverages > Alcoholic Beverages > Liquor & Spirits	Bourbon
hn103	Hennessy V.S.O.P Privilege Limited Edition	Hennessy V.S.O.P Privilege Limited Edition comes from Hennessy in Cognac, France, showcasing Floral and Spice character typical of the region. Priced at $69.99, it's a reliable everyday pour, bottled at 40% ABV, with same-day delivery available in 33 U.S. states and 7 Canadian provinces.	https://caskworth.com/products/hennessy-vsop-privilege-limited-edition	https://caskworth.com/assets/images/products/hennessy-vsop-privilege-limited-edition.webp?v=20260915b	69.99 USD	in_stock	new	Hennessy	no	Food, Beverages & Tobacco > Beverages > Alcoholic Beverages > Liquor & Spirits	Bourbon
hn102	Hennessy V.S.O.P Privilege	Hennessy's Hennessy V.S.O.P Privilege draws on Cognac, France's classic profile — Floral, Spice and a touch of Fruit. Priced at $59.99, it's a reliable everyday pour, bottled at 40% ABV, with same-day delivery available in 33 U.S. states and 7 Canadian provinces.	https://caskworth.com/products/hennessy-vsop-privilege	https://caskworth.com/assets/images/products/hennessy-vsop-privilege.webp?v=20260915b	59.99 USD	in_stock	new	Hennessy	no	Food, Beverages & Tobacco > Beverages > Alcoholic Beverages > Liquor & Spirits	Bourbon
hn111	Hennessy X.O Limited Edition By Marc Newson	Hennessy X.O Limited Edition By Marc Newson comes from Hennessy in Cognac, France, showcasing Rich Spice and Candied Fruit character typical of the region. At $249.99, it's a genuine step up for a special occasion, with same-day delivery available in 33 U.S. states and 7 Canadian provinces.	https://caskworth.com/products/hennessy-xo-limited-edition-by-marc-newson	https://caskworth.com/assets/images/products/hennessy-xo-limited-edition-by-marc-newson.webp?v=20260915b	249.99 USD	in_stock	new	Hennessy	no	Food, Beverages & Tobacco > Beverages > Alcoholic Beverages > Liquor & Spirits	Bourbon
hn112	Hennessy X.O Limited Edition By Ridley Scott	From Hennessy in Cognac, France, Hennessy X.O Limited Edition By Ridley Scott layers Rich Spice and Candied Fruit into a distinctive character. Bottled at 40% ABV and priced at $229.99, it rewards drinkers looking to move beyond entry-level bottles, with same-day delivery available where in stock.	https://caskworth.com/products/hennessy-xo-limited-edition-by-ridley-scott	https://caskworth.com/assets/images/products/hennessy-xo-limited-edition-by-ridley-scott.webp?v=20260915b	229.99 USD	in_stock	new	Hennessy	no	Food, Beverages & Tobacco > Beverages > Alcoholic Beverages > Liquor & Spirits	Bourbon
hn104	Hennessy X.O	From Hennessy in Cognac, France, Hennessy X.O layers Rich Spice and Candied Fruit into a distinctive character. At $199.99, it's a genuine step up for a special occasion, with same-day delivery available in 33 U.S. states and 7 Canadian provinces.	https://caskworth.com/products/hennessy-xo	https://caskworth.com/assets/images/products/hennessy-xo.webp?v=20260915b	199.99 USD	in_stock	new	Hennessy	no	Food, Beverages & Tobacco > Beverages > Alcoholic Beverages > Liquor & Spirits	Bourbon
CW-9069	Henry McKenna	Henry McKenna Distillery's Henry McKenna draws on Kentucky, USA's classic profile — Caramel, Vanilla and a touch of Oak. Priced at $77.99, it's a reliable everyday pour, bottled at 50% ABV, with same-day delivery available in 33 U.S. states and 7 Canadian provinces.	https://caskworth.com/products/henry-mckenna-bourbon	https://caskworth.com/assets/images/products/henry-mckenna-bourbon.webp?v=20260915b	77.99 USD	in_stock	new	Henry McKenna Distillery	no	Food, Beverages & Tobacco > Beverages > Alcoholic Beverages > Liquor & Spirits	Bourbon
926	Hibiki 21 Year	Hibiki 21 Year comes from Suntory Distilleries in Japan, showcasing Rose and Lychee character typical of the region. Bottled at 43% ABV and priced at $699.99, it rewards drinkers looking to move beyond entry-level bottles, with same-day delivery available where in stock.	https://caskworth.com/products/hibiki-21-year	https://caskworth.com/assets/images/products/hibiki-21-year.webp?v=20260915b	699.99 USD	in_stock	new	Suntory Distilleries	no	Food, Beverages & Tobacco > Beverages > Alcoholic Beverages > Liquor & Spirits	Bourbon
927	Hibiki 30 Year	Suntory Distilleries's Hibiki 30 Year draws on Japan's classic profile — Dried Rose, Honey and a touch of Old Sandalwood. Priced at $4,000, it's aimed squarely at collectors rather than everyday drinking, with delivery arranged directly where in stock.	https://caskworth.com/products/hibiki-30-year	https://caskworth.com/assets/images/products/hibiki-30-year.webp?v=20260915b	3999.99 USD	in_stock	new	Suntory Distilleries	no	Food, Beverages & Tobacco > Beverages > Alcoholic Beverages > Liquor & Spirits	Bourbon
1019	Hibiki 35 Year	Produced by Suntory Distilleries in Japan, Hibiki 35 Year is built around Ancient Rose, Profound Honey and Timeless Oak. At $12,000, this is a serious collector's bottle — allocated and rare, with delivery arranged directly where in stock.	https://caskworth.com/products/hibiki-35-year	https://caskworth.com/assets/images/products/hibiki-35-year.webp?v=20260915b	11999.99 USD	in_stock	new	Suntory Distilleries	no	Food, Beverages & Tobacco > Beverages > Alcoholic Beverages > Liquor & Spirits	Bourbon
401	Hibiki Harmony	From Suntory Distilleries in Japan, Hibiki Harmony layers Honey and White Chocolate into a distinctive character. Priced at $79.99, it's a reliable everyday pour, bottled at 43% ABV, with same-day delivery available in 33 U.S. states and 7 Canadian provinces.	https://caskworth.com/products/hibiki-harmony	https://caskworth.com/assets/images/products/hibiki-harmony.webp?v=20260915b	79.99 USD	in_stock	new	Suntory Distilleries	no	Food, Beverages & Tobacco > Beverages > Alcoholic Beverages > Liquor & Spirits	Bourbon
CW-9050	High West Bourye / Rendezvous Rye / Campfire	High West Bourye / Rendezvous Rye / Campfire comes from High West Bourye Distillery in Kentucky, USA, showcasing Caramel and Vanilla character typical of the region. Priced at $96.99, it's a reliable everyday pour, bottled at 45% ABV, with same-day delivery available in 33 U.S. states and 7 Canadian provinces.	https://caskworth.com/products/high-west-bourbon	https://caskworth.com/assets/images/products/high-west-bourbon.webp?v=20260915b	96.99 USD	in_stock	new	High West Bourye Distillery	no	Food, Beverages & Tobacco > Beverages > Alcoholic Beverages > Liquor & Spirits	Bourbon
CW-9115	High West Double Rye	Produced by High West Double Rye Distillery in Kentucky, USA, High West Double Rye is built around Black Pepper, Rye Spice and Citrus. Priced at $35.00, it's a reliable everyday pour, bottled at 45% ABV, with same-day delivery available in 33 U.S. states and 7 Canadian provinces.	https://caskworth.com/products/high-west-double-rye	https://caskworth.com/assets/images/products/high-west-double-rye.webp?v=20260915b	35.00 USD	in_stock	new	High West Double Rye Distillery	no	Food, Beverages & Tobacco > Beverages > Alcoholic Beverages > Liquor & Spirits	Bourbon
918	Highland Park 25 Year	Highland Park 25 Year comes from Highland Park Distillery in Orkney, Scotland, showcasing Heather Honey and Smoke character typical of the region. Bottled at 45.7% ABV and priced at $599.99, it rewards drinkers looking to move beyond entry-level bottles, with same-day delivery available where in stock.	https://caskworth.com/products/highland-park-25-year	https://caskworth.com/assets/images/products/highland-park-25-year.webp?v=20260915b	599.99 USD	in_stock	new	Highland Park Distillery	no	Food, Beverages & Tobacco > Beverages > Alcoholic Beverages > Liquor & Spirits	Bourbon
1010	Highland Park 50 Year	Highland Park 50 Year comes from Highland Park Distillery in Orkney, Scotland, showcasing Ancient Honey and Profound Peat character typical of the region. Priced at $20,000, it's aimed squarely at collectors rather than everyday drinking, with delivery arranged directly where in stock.	https://caskworth.com/products/highland-park-50-year	https://caskworth.com/assets/images/products/highland-park-50-year.webp?v=20260915b	19999.99 USD	in_stock	new	Highland Park Distillery	no	Food, Beverages & Tobacco > Beverages > Alcoholic Beverages > Liquor & Spirits	Bourbon
ca_can119	Highwood 20 Year Centennial Limited	From Various in Canada, Highwood 20 Year Centennial Limited layers Vanilla and Oak into a distinctive character. At $899.99, it's a genuine step up for a special occasion, with same-day delivery available in 33 U.S. states and 7 Canadian provinces.	https://caskworth.com/products/highwood-20-year-centennial-limited	https://caskworth.com/assets/images/products/highwood-20-year-centennial-limited.webp?v=20260915b	899.99 USD	in_stock	new	Highwood Distillers	no	Food, Beverages & Tobacco > Beverages > Alcoholic Beverages > Liquor & Spirits	Bourbon
ca_can120	Highwood 25 Year President's Reserve	Various's Highwood 25 Year President's Reserve draws on Canada's classic profile — Vanilla, Oak and a touch of Smooth. Priced at $1,500, it's aimed squarely at collectors rather than everyday drinking, with delivery arranged directly where in stock.	https://caskworth.com/products/highwood-25-year-presidents-reserve	https://caskworth.com/assets/images/products/highwood-25-year-presidents-reserve.webp?v=20260915b	1499.99 USD	in_stock	new	Highwood Distillers	no	Food, Beverages & Tobacco > Beverages > Alcoholic Beverages > Liquor & Spirits	Bourbon
4703	Hine Antique X.O Premier Cru	Hine's Hine Antique X.O Premier Cru draws on Cognac, France's classic profile — Honey, Orange Peel and a touch of Complex Spice. At $199.99, it's a genuine step up for a special occasion, with same-day delivery available in 33 U.S. states and 7 Canadian provinces.	https://caskworth.com/products/hine-antique-xo-premier-cru	https://caskworth.com/assets/images/products/hine-antique-xo-premier-cru.webp?v=20260915b	199.99 USD	in_stock	new	Hine	no	Food, Beverages & Tobacco > Beverages > Alcoholic Beverages > Liquor & Spirits	Bourbon
4702	Hine H by Hine V.S.O.P	From Hine in Cognac, France, Hine H by Hine V.S.O.P layers Fresh Fruit and Light Floral into a distinctive character. Priced at $49.99, it's a reliable everyday pour, bottled at 40% ABV, with same-day delivery available in 33 U.S. states and 7 Canadian provinces.	https://caskworth.com/products/hine-h-by-hine-vsop	https://caskworth.com/assets/images/products/hine-h-by-hine-vsop.webp?v=20260915b	49.99 USD	in_stock	new	Hine	no	Food, Beverages & Tobacco > Beverages > Alcoholic Beverages > Liquor & Spirits	Bourbon
4701	Hine Rare V.S.O.P	Hine Rare V.S.O.P comes from Hine in Cognac, France, showcasing Spring Flowers and Ripe Fruit character typical of the region. Priced at $59.99, it's a reliable everyday pour, bottled at 40% ABV, with same-day delivery available in 33 U.S. states and 7 Canadian provinces.	https://caskworth.com/products/hine-rare-vsop	https://caskworth.com/assets/images/products/hine-rare-vsop.webp?v=20260915b	59.99 USD	in_stock	new	Hine	no	Food, Beverages & Tobacco > Beverages > Alcoholic Beverages > Liquor & Spirits	Bourbon
4704	Hine Triomphe Grande Champagne	Hine Triomphe Grande Champagne comes from Hine in Cognac, France, showcasing Extraordinary Complexity and Ancient Floral character typical of the region. Bottled at 40% ABV and priced at $499.99, it rewards drinkers looking to move beyond entry-level bottles, with same-day delivery available where in stock.	https://caskworth.com/products/hine-triomphe-grande-champagne	https://caskworth.com/assets/images/products/hine-triomphe-grande-champagne.webp?v=20260915b	499.99 USD	in_stock	new	Hine	no	Food, Beverages & Tobacco > Beverages > Alcoholic Beverages > Liquor & Spirits	Bourbon
CW-9087	Horse Soldier Bourbon	Horse Soldier Bourbon comes from Horse Soldier Bourbon Distillery in Kentucky, USA, showcasing Caramel and Vanilla character typical of the region. Priced at $40.99, it's a reliable everyday pour, bottled at 45% ABV, with same-day delivery available in 33 U.S. states and 7 Canadian provinces.	https://caskworth.com/products/horse-soldier-bourbon	https://caskworth.com/assets/images/products/horse-soldier-bourbon.webp?v=20260915b	40.99 USD	in_stock	new	Horse Soldier Bourbon Distillery	no	Food, Beverages & Tobacco > Beverages > Alcoholic Beverages > Liquor & Spirits	Bourbon
CW-9229	Ichiro's Malt Hanyu 2000 Final Vintage 15 Year	Ichiro's Malt Hanyu 2000 Final Vintage 15 Year comes from Hanyu Distillery in Japan, showcasing Honey and Light Smoke character typical of the region. Priced at $2581.00, it's aimed squarely at collectors rather than everyday drinking, with delivery arranged directly where in stock.	https://caskworth.com/products/ichiros-malt-hanyu-2000-final-vintage-15-year	https://caskworth.com/assets/images/products/ichiros-malt-hanyu-2000-final-vintage-15-year.webp?v=20260915b	2581.00 USD	in_stock	new	Hanyu Distillery	no	Food, Beverages & Tobacco > Beverages > Alcoholic Beverages > Liquor & Spirits	Bourbon
CW-9216	Iwai Tradition Mars	Produced by Iwai Tradition Distillery in Japan, Iwai Tradition Mars is built around Honey, Light Smoke and Orchard Fruit. At $39.99, it's an easy, versatile bottle for everyday drinking or gifting, with same-day delivery available in 33 U.S. states and 7 Canadian provinces.	https://caskworth.com/products/iwai-tradition-whisky	https://caskworth.com/assets/images/products/iwai-tradition-whisky.webp?v=20260915b	39.99 USD	in_stock	new	Iwai Tradition Distillery	no	Food, Beverages & Tobacco > Beverages > Alcoholic Beverages > Liquor & Spirits	Bourbon
2306	Jack Daniel's 10 Year	Jack Daniel's 10 Year comes from Jack Daniel Distillery in Tennessee, USA, showcasing Rich Caramel and Toasted Oak character typical of the region. Priced at $49.99, it's a reliable everyday pour, bottled at 48.5% ABV, with same-day delivery available in 33 U.S. states and 7 Canadian provinces.	https://caskworth.com/products/jack-daniels-10-year	https://caskworth.com/assets/images/products/jack-daniels-10-year.webp?v=20260915b	49.99 USD	in_stock	new	Jack Daniel Distillery	no	Food, Beverages & Tobacco > Beverages > Alcoholic Beverages > Liquor & Spirits	Bourbon
2302	Jack Daniel's Gentleman Jack	Jack Daniel Distillery's Jack Daniel's Gentleman Jack draws on Tennessee, USA's classic profile — Smooth Caramel, Light Fruit and a touch of Refined. Priced at $29.99, it's a reliable everyday pour, bottled at 40% ABV, with same-day delivery available in 33 U.S. states and 7 Canadian provinces.	https://caskworth.com/products/jack-daniels-gentleman-jack	https://caskworth.com/assets/images/products/jack-daniels-gentleman-jack.webp?v=20260915b	29.99 USD	in_stock	new	Jack Daniel Distillery	no	Food, Beverages & Tobacco > Beverages > Alcoholic Beverages > Liquor & Spirits	Bourbon
2301	Jack Daniel's Old No. 7	Jack Daniel's Old No. 7 comes from Jack Daniel Distillery in Tennessee, USA, showcasing Caramel and Vanilla character typical of the region. At $22.99, it's an easy, versatile bottle for everyday drinking or gifting, with same-day delivery available in 33 U.S. states and 7 Canadian provinces.	https://caskworth.com/products/jack-daniels-old-no-7	https://caskworth.com/assets/images/products/jack-daniels-old-no-7.webp?v=20260915b	22.99 USD	in_stock	new	Jack Daniel Distillery	no	Food, Beverages & Tobacco > Beverages > Alcoholic Beverages > Liquor & Spirits	Bourbon
CW-9122	Jack Daniel's Rye	Jack Daniel's Rye Distillery's Jack Daniel's Rye draws on Tennessee, USA's classic profile — Black Pepper, Rye Spice and a touch of Citrus. Priced at $39.99, it's a reliable everyday pour, bottled at 45% ABV, with same-day delivery available in 33 U.S. states and 7 Canadian provinces.	https://caskworth.com/products/jack-daniels-rye-whiskey	https://caskworth.com/assets/images/products/jack-daniels-rye-whiskey.webp?v=20260915b	39.99 USD	in_stock	new	Jack Daniel's Rye Distillery	no	Food, Beverages & Tobacco > Beverages > Alcoholic Beverages > Liquor & Spirits	Bourbon
2307	Jack Daniel's Sinatra Select	Jack Daniel Distillery's Jack Daniel's Sinatra Select draws on Tennessee, USA's classic profile — Rich Oak, Caramel and a touch of Smooth Vanilla. Bottled at 45% ABV and priced at $149.99, it rewards drinkers looking to move beyond entry-level bottles, with same-day delivery available where in stock.	https://caskworth.com/products/jack-daniels-sinatra-select	https://caskworth.com/assets/images/products/jack-daniels-sinatra-select.webp?v=20260915b	149.99 USD	in_stock	new	Jack Daniel Distillery	no	Food, Beverages & Tobacco > Beverages > Alcoholic Beverages > Liquor & Spirits	Bourbon
114	Jack Daniel's Single Barrel	Jack Daniel's Single Barrel comes from Jack Daniel Distillery in Tennessee, USA, showcasing Oak and Vanilla character typical of the region. Priced at $49.99, it's a reliable everyday pour, bottled at 47% ABV, with same-day delivery available in 33 U.S. states and 7 Canadian provinces.	https://caskworth.com/products/jack-daniels-single-barrel	https://caskworth.com/assets/images/products/jack-daniels-single-barrel.webp?v=20260915b	49.99 USD	in_stock	new	Jack Daniel Distillery	no	Food, Beverages & Tobacco > Beverages > Alcoholic Beverages > Liquor & Spirits	Bourbon
2305	Jack Daniel's Tennessee Apple	Jack Daniel Distillery's Jack Daniel's Tennessee Apple draws on Tennessee, USA's classic profile — Fresh Apple, Crisp and a touch of Smooth. At $27.99, it's an easy, versatile bottle for everyday drinking or gifting, with same-day delivery available in 33 U.S. states and 7 Canadian provinces.	https://caskworth.com/products/jack-daniels-tennessee-apple	https://caskworth.com/assets/images/products/jack-daniels-tennessee-apple.webp?v=20260915b	27.99 USD	in_stock	new	Jack Daniel Distillery	no	Food, Beverages & Tobacco > Beverages > Alcoholic Beverages > Liquor & Spirits	Bourbon
2304	Jack Daniel's Tennessee Fire	Jack Daniel Distillery's Jack Daniel's Tennessee Fire draws on Tennessee, USA's classic profile — Cinnamon Spice, Caramel and a touch of Warm Finish. Priced at $27.99, it's a reliable everyday pour, bottled at 35% ABV, with same-day delivery available in 33 U.S. states and 7 Canadian provinces.	https://caskworth.com/products/jack-daniels-tennessee-fire	https://caskworth.com/assets/images/products/jack-daniels-tennessee-fire.webp?v=20260915b	27.99 USD	in_stock	new	Jack Daniel Distillery	no	Food, Beverages & Tobacco > Beverages > Alcoholic Beverages > Liquor & Spirits	Bourbon
2303	Jack Daniel's Tennessee Honey	From Jack Daniel Distillery in Tennessee, USA, Jack Daniel's Tennessee Honey layers Real Honey and Vanilla into a distinctive character. At $27.99, it's an easy, versatile bottle for everyday drinking or gifting, with same-day delivery available in 33 U.S. states and 7 Canadian provinces.	https://caskworth.com/products/jack-daniels-tennessee-honey	https://caskworth.com/assets/images/products/jack-daniels-tennessee-honey.webp?v=20260915b	27.99 USD	in_stock	new	Jack Daniel Distillery	no	Food, Beverages & Tobacco > Beverages > Alcoholic Beverages > Liquor & Spirits	Bourbon
5603	Jacopo Poli Sarpa di Poli	Jacopo Poli Distillery's Jacopo Poli Sarpa di Poli draws on Veneto, Italy's classic profile — Grape Skin, Floral and a touch of Fresh. Priced at $44.99, it's a reliable everyday pour, bottled at 40% ABV, with same-day delivery available in 33 U.S. states and 7 Canadian provinces.	https://caskworth.com/products/jacopo-poli-sarpa-di-poli	https://caskworth.com/assets/images/products/jacopo-poli-sarpa-di-poli.webp?v=20260915b	44.99 USD	in_stock	new	Jacopo Poli Distillery	no	Food, Beverages & Tobacco > Beverages > Alcoholic Beverages > Liquor & Spirits	Bourbon
CW-9119	James E. Pepper 1776	From James E. Pepper 1776 Distillery in Kentucky, USA, James E. Pepper 1776 layers Black Pepper and Rye Spice into a distinctive character. At $40.99, it's an easy, versatile bottle for everyday drinking or gifting, with same-day delivery available in 33 U.S. states and 7 Canadian provinces.	https://caskworth.com/products/james-e-pepper-rye-whiskey	https://caskworth.com/assets/images/products/james-e-pepper-rye-whiskey.webp?v=20260915b	40.99 USD	in_stock	new	James E. Pepper 1776 Distillery	no	Food, Beverages & Tobacco > Beverages > Alcoholic Beverages > Liquor & Spirits	Bourbon
302	Jameson Black Barrel	Midleton Distillery's Jameson Black Barrel draws on Cork, Ireland's classic profile — Rich Vanilla, Toasted Wood and a touch of Bourbon Spice. Priced at $39.99, it's a reliable everyday pour, bottled at 40% ABV, with same-day delivery available in 33 U.S. states and 7 Canadian provinces.	https://caskworth.com/products/jameson-black-barrel	https://caskworth.com/assets/images/products/jameson-black-barrel.webp?v=20260915b	39.99 USD	in_stock	new	Midleton Distillery	no	Food, Beverages & Tobacco > Beverages > Alcoholic Beverages > Liquor & Spirits	Bourbon
301	Jameson Original	From Midleton Distillery in Cork, Ireland, Jameson Original layers Toasted Wood and Vanilla into a distinctive character. At $27.99, it's an easy, versatile bottle for everyday drinking or gifting, with same-day delivery available in 33 U.S. states and 7 Canadian provinces.	https://caskworth.com/products/jameson-original	https://caskworth.com/assets/images/products/jameson-original.webp?v=20260915b	27.99 USD	in_stock	new	Midleton Distillery	no	Food, Beverages & Tobacco > Beverages > Alcoholic Beverages > Liquor & Spirits	Bourbon
ur_br102	Janneau 1904 Vintage Grand Armagnac	Janneau 1904 Vintage Grand Armagnac comes from Janneau in Armagnac, France, showcasing Ancient Plum and Rancio character typical of the region. Priced at $125,000, it's aimed squarely at collectors rather than everyday drinking, with delivery arranged directly where in stock.	https://caskworth.com/products/janneau-1904-vintage-grand-armagnac	https://caskworth.com/assets/images/products/janneau-1904-vintage-grand-armagnac.webp?v=20260915b	125000.0 USD	in_stock	new	Janneau	no	Food, Beverages & Tobacco > Beverages > Alcoholic Beverages > Liquor & Spirits	Bourbon
5003	Janneau V.S.O.P Grand Armagnac	From Janneau in Armagnac, France, Janneau V.S.O.P Grand Armagnac layers Dried Plum and Vanilla into a distinctive character. At $49.99, it's an easy, versatile bottle for everyday drinking or gifting, with same-day delivery available in 33 U.S. states and 7 Canadian provinces.	https://caskworth.com/products/janneau-vsop-grand-armagnac	https://caskworth.com/assets/images/products/janneau-vsop-grand-armagnac.webp?v=20260915b	49.99 USD	in_stock	new	Janneau	no	Food, Beverages & Tobacco > Beverages > Alcoholic Beverages > Liquor & Spirits	Bourbon
5004	Janneau X.O Grand Armagnac	Janneau's Janneau X.O Grand Armagnac draws on Armagnac, France's classic profile — Rich Prune, Complex Spice and a touch of Deep Oak. At $129.99, it's a genuine step up for a special occasion, with same-day delivery available in 33 U.S. states and 7 Canadian provinces.	https://caskworth.com/products/janneau-xo-grand-armagnac	https://caskworth.com/assets/images/products/janneau-xo-grand-armagnac.webp?v=20260915b	129.99 USD	in_stock	new	Janneau	no	Food, Beverages & Tobacco > Beverages > Alcoholic Beverages > Liquor & Spirits	Bourbon
803	Japanese Whisky Trio	Japanese Whisky Trio comes from Suntory & Nikka in Japan, showcasing Honey and Green Apple character typical of the region. Bottled at 43% ABV and priced at $199.99, it rewards drinkers looking to move beyond entry-level bottles, with same-day delivery available where in stock.	https://caskworth.com/products/japanese-whisky-trio	https://caskworth.com/assets/images/products/japanese-whisky-trio.webp?v=20260915b	199.99 USD	in_stock	new	Suntory & Nikka	no	Food, Beverages & Tobacco > Beverages > Alcoholic Beverages > Liquor & Spirits	Bourbon
CW-9002	J&B Rare	J&B Rare Distillery's J&B Rare draws on Scotland's classic profile — Honey, Malt and a touch of Soft Smoke. Priced at $25.99, it's a reliable everyday pour, bottled at 40% ABV, with same-day delivery available in 33 U.S. states and 7 Canadian provinces.	https://caskworth.com/products/jb-rare-scotch-whisky	https://caskworth.com/assets/images/products/jb-rare-scotch-whisky.webp?v=20260915b	25.99 USD	in_stock	new	J&B Rare Distillery	no	Food, Beverages & Tobacco > Beverages > Alcoholic Beverages > Liquor & Spirits	Bourbon
CW-9159	JCB XO Grande Champagne Cognac	JCB XO Grande Champagne Cognac comes from JCB in Cognac, France, showcasing Dried Fruit and Vanilla character typical of the region. At $789.99, it's a genuine step up for a special occasion, with same-day delivery available in 33 U.S. states and 7 Canadian provinces.	https://caskworth.com/products/jcb-xo-grande-champagne-cognac	https://caskworth.com/assets/images/products/jcb-xo-grande-champagne-cognac.webp?v=20260915b	789.99 USD	in_stock	new	JCB	no	Food, Beverages & Tobacco > Beverages > Alcoholic Beverages > Liquor & Spirits	Bourbon
CW-9107	Jefferson's Ocean Aged at Sea	Jefferson's Ocean Aged at Sea Distillery's Jefferson's Ocean Aged at Sea draws on Kentucky, USA's classic profile — Toffee, Oak and a touch of Dried Fruit. At $82.99, it's an easy, versatile bottle for everyday drinking or gifting, with same-day delivery available in 33 U.S. states and 7 Canadian provinces.	https://caskworth.com/products/jeffersons-ocean-aged-at-sea	https://caskworth.com/assets/images/products/jeffersons-ocean-aged-at-sea.webp?v=20260915b	82.99 USD	in_stock	new	Jefferson's Ocean Aged at Sea Distillery	no	Food, Beverages & Tobacco > Beverages > Alcoholic Beverages > Liquor & Spirits	Bourbon
CW-9092	Jefferson's Presidential Select 17 Year	Jefferson's Presidential Select 17 Year comes from Jefferson's Presidential Select Distillery in Kentucky, USA, showcasing Caramel and Soft Wheat character typical of the region. At $2982.00, this is a serious collector's bottle — allocated and rare, with delivery arranged directly where in stock.	https://caskworth.com/products/jeffersons-presidential-select-17-year	https://caskworth.com/assets/images/products/jeffersons-presidential-select-17-year.webp?v=20260915b	2982.00 USD	in_stock	new	Jefferson's Presidential Select Distillery	no	Food, Beverages & Tobacco > Beverages > Alcoholic Beverages > Liquor & Spirits	Bourbon
2402	Jim Beam Black Extra-Aged	From Beam Suntory in Kentucky, USA, Jim Beam Black Extra-Aged layers Rich Caramel and Dark Fruit into a distinctive character. Priced at $24.99, it's a reliable everyday pour, bottled at 43% ABV, with same-day delivery available in 33 U.S. states and 7 Canadian provinces.	https://caskworth.com/products/jim-beam-black-extra-aged	https://caskworth.com/assets/images/products/jim-beam-black-extra-aged.webp?v=20260915b	24.99 USD	in_stock	new	Beam Suntory	no	Food, Beverages & Tobacco > Beverages > Alcoholic Beverages > Liquor & Spirits	Bourbon
2404	Jim Beam Bonded 4 Year	Beam Suntory's Jim Beam Bonded 4 Year draws on Kentucky, USA's classic profile — Vanilla, Oak and a touch of Corn Sweetness. At $27.99, it's an easy, versatile bottle for everyday drinking or gifting, with same-day delivery available in 33 U.S. states and 7 Canadian provinces.	https://caskworth.com/products/jim-beam-bonded-4-year	https://caskworth.com/assets/images/products/jim-beam-bonded-4-year.webp?v=20260915b	27.99 USD	in_stock	new	Beam Suntory	no	Food, Beverages & Tobacco > Beverages > Alcoholic Beverages > Liquor & Spirits	Bourbon
2403	Jim Beam Double Oak	Jim Beam Double Oak comes from Beam Suntory in Kentucky, USA, showcasing Vanilla and Caramel character typical of the region. Priced at $29.99, it's a reliable everyday pour, bottled at 43% ABV, with same-day delivery available in 33 U.S. states and 7 Canadian provinces.	https://caskworth.com/products/jim-beam-double-oak	https://caskworth.com/assets/images/products/jim-beam-double-oak.webp?v=20260915b	29.99 USD	in_stock	new	Beam Suntory	no	Food, Beverages & Tobacco > Beverages > Alcoholic Beverages > Liquor & Spirits	Bourbon
2401	Jim Beam Original White Label	From Beam Suntory in Kentucky, USA, Jim Beam Original White Label layers Vanilla and Oak into a distinctive character. At $19.99, it's an easy, versatile bottle for everyday drinking or gifting, with same-day delivery available in 33 U.S. states and 7 Canadian provinces.	https://caskworth.com/products/jim-beam-original-white-label	https://caskworth.com/assets/images/products/jim-beam-original-white-label.webp?v=20260915b	19.99 USD	in_stock	new	Beam Suntory	no	Food, Beverages & Tobacco > Beverages > Alcoholic Beverages > Liquor & Spirits	Bourbon
2005	Johnnie Walker Aged 18 Year	Johnnie Walker Aged 18 Year comes from Diageo in Scotland, showcasing Dark Fruit and Vanilla character typical of the region. Priced at $89.99, it's a reliable everyday pour, bottled at 40% ABV, with same-day delivery available in 33 U.S. states and 7 Canadian provinces.	https://caskworth.com/products/johnnie-walker-aged-18-year	https://caskworth.com/assets/images/products/johnnie-walker-aged-18-year.webp?v=20260915b	89.99 USD	in_stock	new	Diageo	no	Food, Beverages & Tobacco > Beverages > Alcoholic Beverages > Liquor & Spirits	Bourbon
206	Johnnie Walker Black Label 12 Year	Produced by Diageo in Scotland, Johnnie Walker Black Label 12 Year is built around Dark Fruit, Vanilla and Smoke. At $34.99, it's an easy, versatile bottle for everyday drinking or gifting, with same-day delivery available in 33 U.S. states and 7 Canadian provinces.	https://caskworth.com/products/johnnie-walker-black-label-12-year	https://caskworth.com/assets/images/products/johnnie-walker-black-label-12-year.webp?v=20260915b	34.99 USD	in_stock	new	Diageo	no	Food, Beverages & Tobacco > Beverages > Alcoholic Beverages > Liquor & Spirits	Bourbon
2009	Johnnie Walker Blenders' Batch Red Rye Finish	Johnnie Walker Blenders' Batch Red Rye Finish comes from Diageo in Scotland, showcasing Rye Spice and Fruit character typical of the region. At $44.99, it's an easy, versatile bottle for everyday drinking or gifting, with same-day delivery available in 33 U.S. states and 7 Canadian provinces.	https://caskworth.com/products/johnnie-walker-blenders-batch-red-rye-finish	https://caskworth.com/assets/images/products/johnnie-walker-blenders-batch-red-rye-finish.webp?v=20260915b	44.99 USD	in_stock	new	Diageo	no	Food, Beverages & Tobacco > Beverages > Alcoholic Beverages > Liquor & Spirits	Bourbon
2011	Johnnie Walker Blue Label Elusive Ports	Produced by Diageo in Scotland, Johnnie Walker Blue Label Elusive Ports is built around Port Wine, Dark Fruit and Vanilla. Bottled at 43.8% ABV and priced at $229.99, it rewards drinkers looking to move beyond entry-level bottles, with same-day delivery available where in stock.	https://caskworth.com/products/johnnie-walker-blue-label-elusive-ports	https://caskworth.com/assets/images/products/johnnie-walker-blue-label-elusive-ports.webp?v=20260915b	229.99 USD	in_stock	new	Diageo	no	Food, Beverages & Tobacco > Beverages > Alcoholic Beverages > Liquor & Spirits	Bourbon
2010	Johnnie Walker Blue Label Ghost & Rare Port Dundas	From Diageo in Scotland, Johnnie Walker Blue Label Ghost & Rare Port Dundas layers Honeysuckle and Creamy Vanilla into a distinctive character. At $299.99, it's a genuine step up for a special occasion, with same-day delivery available in 33 U.S. states and 7 Canadian provinces.	https://caskworth.com/products/johnnie-walker-blue-label-ghost-rare-port-dundas	https://caskworth.com/assets/images/products/johnnie-walker-blue-label-ghost-rare-port-dundas.webp?v=20260915b	299.99 USD	in_stock	new	Diageo	no	Food, Beverages & Tobacco > Beverages > Alcoholic Beverages > Liquor & Spirits	Bourbon
2012	Johnnie Walker Blue Label Xordinaire	Johnnie Walker Blue Label Xordinaire comes from Diageo in Scotland, showcasing Extraordinary Blend and Silk character typical of the region. Bottled at 43.8% ABV and priced at $349.99, it rewards drinkers looking to move beyond entry-level bottles, with same-day delivery available where in stock.	https://caskworth.com/products/johnnie-walker-blue-label-xordinaire	https://caskworth.com/assets/images/products/johnnie-walker-blue-label-xordinaire.webp?v=20260915b	349.99 USD	in_stock	new	Diageo	no	Food, Beverages & Tobacco > Beverages > Alcoholic Beverages > Liquor & Spirits	Bourbon
2015	Johnnie Walker Blue Label Year of the Dragon 2024	Produced by Diageo in Scotland, Johnnie Walker Blue Label Year of the Dragon 2024 is built around Honey, Vanilla and Smoke. Bottled at 43.8% ABV and priced at $279.99, it rewards drinkers looking to move beyond entry-level bottles, with same-day delivery available where in stock.	https://caskworth.com/products/johnnie-walker-blue-label-year-of-the-dragon-2024	https://caskworth.com/assets/images/products/johnnie-walker-blue-label-year-of-the-dragon-2024.webp?v=20260915b	279.99 USD	in_stock	new	Diageo	no	Food, Beverages & Tobacco > Beverages > Alcoholic Beverages > Liquor & Spirits	Bourbon
207	Johnnie Walker Blue Label	Diageo's Johnnie Walker Blue Label draws on Scotland's classic profile — Honey, Dried Fruit and a touch of Lingering Smoke. At $199.99, it's a genuine step up for a special occasion, with same-day delivery available in 33 U.S. states and 7 Canadian provinces.	https://caskworth.com/products/johnnie-walker-blue-label	https://caskworth.com/assets/images/products/johnnie-walker-blue-label.webp?v=20260915b	199.99 USD	in_stock	new	Diageo	no	Food, Beverages & Tobacco > Beverages > Alcoholic Beverages > Liquor & Spirits	Bourbon
2002	Johnnie Walker Double Black	Johnnie Walker Double Black comes from Diageo in Scotland, showcasing Smoke and Rich Fruit character typical of the region. Priced at $39.99, it's a reliable everyday pour, bottled at 40% ABV, with same-day delivery available in 33 U.S. states and 7 Canadian provinces.	https://caskworth.com/products/johnnie-walker-double-black	https://caskworth.com/assets/images/products/johnnie-walker-double-black.webp?v=20260915b	39.99 USD	in_stock	new	Diageo	no	Food, Beverages & Tobacco > Beverages > Alcoholic Beverages > Liquor & Spirits	Bourbon
2004	Johnnie Walker Gold Label Reserve	From Diageo in Scotland, Johnnie Walker Gold Label Reserve layers Honey and Vanilla into a distinctive character. Priced at $54.99, it's a reliable everyday pour, bottled at 40% ABV, with same-day delivery available in 33 U.S. states and 7 Canadian provinces.	https://caskworth.com/products/johnnie-walker-gold-label-reserve	https://caskworth.com/assets/images/products/johnnie-walker-gold-label-reserve.webp?v=20260915b	54.99 USD	in_stock	new	Diageo	no	Food, Beverages & Tobacco > Beverages > Alcoholic Beverages > Liquor & Spirits	Bourbon
2003	Johnnie Walker Green Label 15 Year	Diageo's Johnnie Walker Green Label 15 Year draws on Scotland's classic profile — Grass, Fruit and a touch of Subtle Smoke. At $49.99, it's an easy, versatile bottle for everyday drinking or gifting, with same-day delivery available in 33 U.S. states and 7 Canadian provinces.	https://caskworth.com/products/johnnie-walker-green-label-15-year	https://caskworth.com/assets/images/products/johnnie-walker-green-label-15-year.webp?v=20260915b	49.99 USD	in_stock	new	Diageo	no	Food, Beverages & Tobacco > Beverages > Alcoholic Beverages > Liquor & Spirits	Bourbon
2013	Johnnie Walker King George V	Produced by Diageo in Scotland, Johnnie Walker King George V is built around Dark Fruit, Floral and Rich Smoke. Bottled at 43% ABV and priced at $249.99, it rewards drinkers looking to move beyond entry-level bottles, with same-day delivery available where in stock.	https://caskworth.com/products/johnnie-walker-king-george-v	https://caskworth.com/assets/images/products/johnnie-walker-king-george-v.webp?v=20260915b	249.99 USD	in_stock	new	Diageo	no	Food, Beverages & Tobacco > Beverages > Alcoholic Beverages > Liquor & Spirits	Bourbon
2006	Johnnie Walker Platinum Label 18 Year	Diageo's Johnnie Walker Platinum Label 18 Year draws on Scotland's classic profile — Creamy Vanilla, Dried Fruit and a touch of Warming Spice. At $79.99, it's an easy, versatile bottle for everyday drinking or gifting, with same-day delivery available in 33 U.S. states and 7 Canadian provinces.	https://caskworth.com/products/johnnie-walker-platinum-label-18-year	https://caskworth.com/assets/images/products/johnnie-walker-platinum-label-18-year.webp?v=20260915b	79.99 USD	in_stock	new	Diageo	no	Food, Beverages & Tobacco > Beverages > Alcoholic Beverages > Liquor & Spirits	Bourbon
2001	Johnnie Walker Red Label	From Diageo in Scotland, Johnnie Walker Red Label layers Vanilla and Grain into a distinctive character. Priced at $24.99, it's a reliable everyday pour, bottled at 40% ABV, with same-day delivery available in 33 U.S. states and 7 Canadian provinces.	https://caskworth.com/products/johnnie-walker-red-label	https://caskworth.com/assets/images/products/johnnie-walker-red-label.webp?v=20260915b	24.99 USD	in_stock	new	Diageo	no	Food, Beverages & Tobacco > Beverages > Alcoholic Beverages > Liquor & Spirits	Bourbon
2008	Johnnie Walker Swing	Produced by Diageo in Scotland, Johnnie Walker Swing is built around Caramel, Dried Fruit and Nutty. Priced at $59.99, it's a reliable everyday pour, bottled at 43% ABV, with same-day delivery available in 33 U.S. states and 7 Canadian provinces.	https://caskworth.com/products/johnnie-walker-swing	https://caskworth.com/assets/images/products/johnnie-walker-blue-label.webp?v=20260915b	59.99 USD	in_stock	new	Diageo	no	Food, Beverages & Tobacco > Beverages > Alcoholic Beverages > Liquor & Spirits	Bourbon
2014	Johnnie Walker The John Walker	From Diageo in Scotland, Johnnie Walker The John Walker layers Ultimate Complexity and Rare Casks into a distinctive character. At $599.99, it's a genuine step up for a special occasion, with same-day delivery available in 33 U.S. states and 7 Canadian provinces.	https://caskworth.com/products/johnnie-walker-the-john-walker	https://caskworth.com/assets/images/products/johnnie-walker-the-john-walker.webp?v=20260915b	599.99 USD	in_stock	new	Diageo	no	Food, Beverages & Tobacco > Beverages > Alcoholic Beverages > Liquor & Spirits	Bourbon
2007	Johnnie Walker XR 21 Year	Produced by Diageo in Scotland, Johnnie Walker XR 21 Year is built around Rich Fruit, Chocolate and Complex Spice. At $149.99, it's a genuine step up for a special occasion, with same-day delivery available in 33 U.S. states and 7 Canadian provinces.	https://caskworth.com/products/johnnie-walker-xr-21-year	https://caskworth.com/assets/images/products/johnnie-walker-xr-21-year.webp?v=20260915b	149.99 USD	in_stock	new	Diageo	no	Food, Beverages & Tobacco > Beverages > Alcoholic Beverages > Liquor & Spirits	Bourbon
CW-9132	Journeyman Ravenswood Rye	Journeyman Ravenswood Rye comes from Journeyman Ravenswood Rye Distillery in Michigan, USA, showcasing Black Pepper and Rye Spice character typical of the region. Priced at $49.99, it's a reliable everyday pour, bottled at 45% ABV, with same-day delivery available in 33 U.S. states and 7 Canadian provinces.	https://caskworth.com/products/journeyman-ravenswood-rye	https://caskworth.com/assets/images/products/journeyman-ravenswood-rye.webp?v=20260915b	49.99 USD	in_stock	new	Journeyman Ravenswood Rye Distillery	no	Food, Beverages & Tobacco > Beverages > Alcoholic Beverages > Liquor & Spirits	Bourbon
ca_can126	JP Wiser's 18 Year Dissertation	Various's JP Wiser's 18 Year Dissertation draws on Canada's classic profile — Vanilla, Oak and a touch of Smooth. Priced at $2,500, it's aimed squarely at collectors rather than everyday drinking, with delivery arranged directly where in stock.	https://caskworth.com/products/jp-wisers-18-year-dissertation	https://caskworth.com/assets/images/products/jp-wisers-18-year-dissertation.webp?v=20260915b	2499.99 USD	in_stock	new	Hiram Walker Distillery	no	Food, Beverages & Tobacco > Beverages > Alcoholic Beverages > Liquor & Spirits	Bourbon
ca_can125	JP Wiser's 35 Year	From Various in Canada, JP Wiser's 35 Year layers Vanilla and Oak into a distinctive character. Priced at $4,000, it's aimed squarely at collectors rather than everyday drinking, with delivery arranged directly where in stock.	https://caskworth.com/products/jp-wisers-35-year	https://caskworth.com/assets/images/products/jp-wisers-35-year.webp?v=20260915b	3999.99 USD	in_stock	new	Hiram Walker Distillery	no	Food, Beverages & Tobacco > Beverages > Alcoholic Beverages > Liquor & Spirits	Bourbon
CW-9177	J.P. Wiser's Deluxe	J.P. Wiser's Deluxe comes from J.P. Wiser's Deluxe Distillery in Canada, showcasing Caramel and Vanilla character typical of the region. At $21.99, it's an easy, versatile bottle for everyday drinking or gifting, with same-day delivery available in 33 U.S. states and 7 Canadian provinces.	https://caskworth.com/products/jp-wisers-deluxe	https://caskworth.com/assets/images/products/jp-wisers-deluxe.webp?v=20260915b	21.99 USD	in_stock	new	J.P. Wiser's Deluxe Distillery	no	Food, Beverages & Tobacco > Beverages > Alcoholic Beverages > Liquor & Spirits	Bourbon
CW-9172	J.P. Wiser's Legacy	J.P. Wiser's Legacy comes from J.P. Wiser's Legacy Distillery in Canada, showcasing Caramel and Vanilla character typical of the region. At $44.99, it's an easy, versatile bottle for everyday drinking or gifting, with same-day delivery available in 33 U.S. states and 7 Canadian provinces.	https://caskworth.com/products/jp-wisers-legacy-canadian-whisky	https://caskworth.com/assets/images/products/jp-wisers-legacy-canadian-whisky.webp?v=20260915b	44.99 USD	in_stock	new	J.P. Wiser's Legacy Distillery	no	Food, Beverages & Tobacco > Beverages > Alcoholic Beverages > Liquor & Spirits	Bourbon
CW-9020	Isle of Jura	Produced by Isle of Jura Distillery in Scottish Islands, Isle of Jura is built around Sea Spray, Peat and Citrus. At $34.99, it's an easy, versatile bottle for everyday drinking or gifting, with same-day delivery available in 33 U.S. states and 7 Canadian provinces.	https://caskworth.com/products/jura-single-malt-scotch	https://caskworth.com/assets/images/products/jura-single-malt-scotch.webp?v=20260915b	34.99 USD	in_stock	new	Isle of Jura Distillery	no	Food, Beverages & Tobacco > Beverages > Alcoholic Beverages > Liquor & Spirits	Bourbon
CW-9219	Kaiyo Mizunara Oak	Produced by Kaiyo Mizunara Oak Distillery in Japan, Kaiyo Mizunara Oak is built around Honey, Light Smoke and Orchard Fruit. At $65.99, it's an easy, versatile bottle for everyday drinking or gifting, with same-day delivery available in 33 U.S. states and 7 Canadian provinces.	https://caskworth.com/products/kaiyo-mizunara-oak	https://caskworth.com/assets/images/products/kaiyo-mizunara-oak.webp?v=20260915b	65.99 USD	in_stock	new	Kaiyo Mizunara Oak Distillery	no	Food, Beverages & Tobacco > Beverages > Alcoholic Beverages > Liquor & Spirits	Bourbon
CW-9222	Kamiki Original	Kamiki Original Distillery's Kamiki Original draws on Japan's classic profile — Honey, Light Smoke and a touch of Orchard Fruit. Priced at $90.99, it's a reliable everyday pour, bottled at 40% ABV, with same-day delivery available in 33 U.S. states and 7 Canadian provinces.	https://caskworth.com/products/kamiki-original	https://caskworth.com/assets/images/products/kamiki-original.webp?v=20260915b	90.99 USD	in_stock	new	Kamiki Original Distillery	no	Food, Beverages & Tobacco > Beverages > Alcoholic Beverages > Liquor & Spirits	Bourbon
ur_j103	Karuizawa 1960 Single Cask No.3603	Karuizawa 1960 Single Cask No.3603 comes from Karuizawa Distillery in Japan, showcasing Dark Chocolate and Dried Fig character typical of the region. At $118,000, this is a serious collector's bottle — allocated and rare, with delivery arranged directly where in stock.	https://caskworth.com/products/karuizawa-1960-single-cask-no3603	https://caskworth.com/assets/images/products/karuizawa-1960-single-cask-no3603.webp?v=20260915b	118000.0 USD	in_stock	new	Karuizawa Distillery	no	Food, Beverages & Tobacco > Beverages > Alcoholic Beverages > Liquor & Spirits	Bourbon
1020	Karuizawa 1960 Single Cask	Karuizawa 1960 Single Cask comes from Karuizawa Distillery in Japan, showcasing Ancient Sherry and Dark Chocolate character typical of the region. Priced at $45,000, it's aimed squarely at collectors rather than everyday drinking, with delivery arranged directly where in stock.	https://caskworth.com/products/karuizawa-1960-single-cask	https://caskworth.com/assets/images/products/karuizawa-1960-single-cask.webp?v=20260915b	44999.99 USD	in_stock	new	Karuizawa Distillery	no	Food, Beverages & Tobacco > Beverages > Alcoholic Beverages > Liquor & Spirits	Bourbon
ur_j102	Karuizawa 1964 Noh Whisky Single Cask	Karuizawa 1964 Noh Whisky Single Cask comes from Karuizawa Distillery in Japan, showcasing Dark Chocolate and Ancient Fruit character typical of the region. At $195,000, this is a serious collector's bottle — allocated and rare, with delivery arranged directly where in stock.	https://caskworth.com/products/karuizawa-1964-noh-whisky-single-cask	https://caskworth.com/assets/images/products/karuizawa-1964-noh-whisky-single-cask.webp?v=20260915b	195000.0 USD	in_stock	new	Karuizawa Distillery	no	Food, Beverages & Tobacco > Beverages > Alcoholic Beverages > Liquor & Spirits	Bourbon
1021	Karuizawa 1967 Single Cask	From Karuizawa Distillery in Japan, Karuizawa 1967 Single Cask layers Rich Sherry and Dried Tropical into a distinctive character. At $29,000, this is a serious collector's bottle — allocated and rare, with delivery arranged directly where in stock.	https://caskworth.com/products/karuizawa-1967-single-cask	https://caskworth.com/assets/images/products/karuizawa-1967-single-cask.webp?v=20260915b	28999.99 USD	in_stock	new	Karuizawa Distillery	no	Food, Beverages & Tobacco > Beverages > Alcoholic Beverages > Liquor & Spirits	Bourbon
929	Karuizawa 1984 Single Cask	Karuizawa Distillery's Karuizawa 1984 Single Cask draws on Japan's classic profile — Dark Chocolate, Tropical Fruit and a touch of Old Oak. Priced at $2,500, it's aimed squarely at collectors rather than everyday drinking, with delivery arranged directly where in stock.	https://caskworth.com/products/karuizawa-1984-single-cask	https://caskworth.com/assets/images/products/karuizawa-1964-noh-whisky-single-cask.webp?v=20260915b	2499.99 USD	in_stock	new	Karuizawa Distillery	no	Food, Beverages & Tobacco > Beverages > Alcoholic Beverages > Liquor & Spirits	Bourbon
4806	Kelt Tour du Monde X.O	Produced by Kelt in Cognac, France, Kelt Tour du Monde X.O is built around Sea Spray, Tropical Fruit and Rich Spice. At $349.99, it's a genuine step up for a special occasion, with same-day delivery available in 33 U.S. states and 7 Canadian provinces.	https://caskworth.com/products/kelt-tour-du-monde-xo	https://caskworth.com/assets/images/products/kelt-tour-du-monde-xo.webp?v=20260915b	349.99 USD	in_stock	new	Kelt	no	Food, Beverages & Tobacco > Beverages > Alcoholic Beverages > Liquor & Spirits	Bourbon
CW-9112	Kentucky Owl Batch 7 Straight Bourbon	From Kentucky Owl Distillery in Kentucky, USA, Kentucky Owl Batch 7 Straight Bourbon layers Toffee and Oak into a distinctive character. Bottled at 45% ABV and priced at $895.00, it rewards drinkers looking to move beyond entry-level bottles, with same-day delivery available where in stock.	https://caskworth.com/products/kentucky-owl-batch-7-straight-bourbon	https://caskworth.com/assets/images/products/kentucky-owl-batch-7-straight-bourbon.webp?v=20260915b	895.00 USD	in_stock	new	Kentucky Owl Distillery	no	Food, Beverages & Tobacco > Beverages > Alcoholic Beverages > Liquor & Spirits	Bourbon
CW-9089	Kentucky Owl Batch 8	From Kentucky Owl Distillery in Kentucky, USA, Kentucky Owl Batch 8 layers Caramel and Vanilla into a distinctive character. At $682.00, it's a genuine step up for a special occasion, with same-day delivery available in 33 U.S. states and 7 Canadian provinces.	https://caskworth.com/products/kentucky-owl-batch-8	https://caskworth.com/assets/images/products/kentucky-owl-batch-8.webp?v=20260915b	682.00 USD	in_stock	new	Kentucky Owl Distillery	no	Food, Beverages & Tobacco > Beverages > Alcoholic Beverages > Liquor & Spirits	Bourbon
CW-9135	Kentucky Owl Mardi Gras X.O. Cask Rye	Produced by Kentucky Owl Distillery in Kentucky, USA, Kentucky Owl Mardi Gras X.O. Cask Rye is built around Black Pepper, Rye Spice and Citrus. At $509.00, it's a genuine step up for a special occasion, with same-day delivery available in 33 U.S. states and 7 Canadian provinces.	https://caskworth.com/products/kentucky-owl-mardi-gras-xo-cask-rye	https://caskworth.com/assets/images/products/kentucky-owl-mardi-gras-xo-cask-rye.webp?v=20260915b	509.00 USD	in_stock	new	Kentucky Owl Distillery	no	Food, Beverages & Tobacco > Beverages > Alcoholic Beverages > Liquor & Spirits	Bourbon
CW-9134	Kentucky Owl Rye Batch 1	Produced by Kentucky Owl Distillery in Kentucky, USA, Kentucky Owl Rye Batch 1 is built around Black Pepper, Rye Spice and Citrus. Bottled at 45% ABV and priced at $649.97, it rewards drinkers looking to move beyond entry-level bottles, with same-day delivery available where in stock.	https://caskworth.com/products/kentucky-owl-rye-batch-1	https://caskworth.com/assets/images/products/kentucky-owl-rye-batch-1.webp?v=20260915b	649.97 USD	in_stock	new	Kentucky Owl Distillery	no	Food, Beverages & Tobacco > Beverages > Alcoholic Beverages > Liquor & Spirits	Bourbon
940	Kentucky Owl The Wiseman	Kentucky Owl The Wiseman comes from Stoli Group USA in Kentucky, USA, showcasing Honey and Oak character typical of the region. At $399.99, it's a genuine step up for a special occasion, with same-day delivery available in 33 U.S. states and 7 Canadian provinces.	https://caskworth.com/products/kentucky-owl-the-wiseman	https://caskworth.com/assets/images/products/kentucky-owl-the-wiseman.webp?v=20260915b	399.99 USD	in_stock	new	Stoli Group USA	no	Food, Beverages & Tobacco > Beverages > Alcoholic Beverages > Liquor & Spirits	Bourbon
CW-9230	Kigai Japanese Whisky 7 Year	From Kigai Japanese Whisky Distillery in Japan, Kigai Japanese Whisky 7 Year layers Honey and Light Smoke into a distinctive character. Bottled at 40% ABV and priced at $649.99, it rewards drinkers looking to move beyond entry-level bottles, with same-day delivery available where in stock.	https://caskworth.com/products/kigai-japanese-whisky-7-year	https://caskworth.com/assets/images/products/kigai-japanese-whisky-7-year.webp?v=20260915b	649.99 USD	in_stock	new	Kigai Japanese Whisky Distillery	no	Food, Beverages & Tobacco > Beverages > Alcoholic Beverages > Liquor & Spirits	Bourbon
CW-9240	Kilbeggan	Produced by Kilbeggan Distillery in Ireland, Kilbeggan is built around Honey, Malt and Orchard Fruit. Priced at $24.97, it's a reliable everyday pour, bottled at 40% ABV, with same-day delivery available in 33 U.S. states and 7 Canadian provinces.	https://caskworth.com/products/kilbeggan-irish-whiskey	https://caskworth.com/assets/images/products/kilbeggan-irish-whiskey.webp?v=20260915b	24.97 USD	in_stock	new	Kilbeggan Distillery	no	Food, Beverages & Tobacco > Beverages > Alcoholic Beverages > Liquor & Spirits	Bourbon
CW-9014	Kilchoman	Produced by Kilchoman Distillery in Islay, Scotland, Kilchoman is built around Peat, Smoke and Sea Salt. Priced at $71.99, it's a reliable everyday pour, bottled at 40% ABV, with same-day delivery available in 33 U.S. states and 7 Canadian provinces.	https://caskworth.com/products/kilchoman-single-malt-scotch	https://caskworth.com/assets/images/products/kilchoman-single-malt-scotch.webp?v=20260915b	71.99 USD	in_stock	new	Kilchoman Distillery	no	Food, Beverages & Tobacco > Beverages > Alcoholic Beverages > Liquor & Spirits	Bourbon
CW-9249	Kinahan's 10 Year	Produced by Kinahan's Distillery in Ireland, Kinahan's 10 Year is built around Honey, Malt and Orchard Fruit. Priced at $66.99, it's a reliable everyday pour, bottled at 40% ABV, with same-day delivery available in 33 U.S. states and 7 Canadian provinces.	https://caskworth.com/products/kinahans-10-year	https://caskworth.com/assets/images/products/kinahans-10-year.webp?v=20260915b	66.99 USD	in_stock	new	Kinahan's Distillery	no	Food, Beverages & Tobacco > Beverages > Alcoholic Beverages > Liquor & Spirits	Bourbon
5301	Klipdrift Premium Brandy	Klipdrift Premium Brandy comes from Klipdrift Distillery in Robertson, South Africa, showcasing Smooth Fruit and Vanilla character typical of the region. Priced at $24.99, it's a reliable everyday pour, bottled at 43% ABV, with same-day delivery available in 33 U.S. states and 7 Canadian provinces.	https://caskworth.com/products/klipdrift-premium-brandy	https://caskworth.com/assets/images/products/klipdrift-premium-brandy.webp?v=20260915b	24.99 USD	in_stock	new	Klipdrift Distillery	no	Food, Beverages & Tobacco > Beverages > Alcoholic Beverages > Liquor & Spirits	Bourbon
ur_i101	Knappogue Castle 1951 Vintage	From Old Bushmills Distillery in Ireland, Knappogue Castle 1951 Vintage layers Ancient Irish Pot Still and Dried Apricot into a distinctive character. At $125,000, this is a serious collector's bottle — allocated and rare, with delivery arranged directly where in stock.	https://caskworth.com/products/knappogue-castle-1951-vintage	https://caskworth.com/assets/images/products/knappogue-castle-1951-vintage.webp?v=20260915b	125000.0 USD	in_stock	new	Old Bushmills Distillery	no	Food, Beverages & Tobacco > Beverages > Alcoholic Beverages > Liquor & Spirits	Bourbon
934	Knappogue Castle 21 Year Twin Wood	Castle Brands's Knappogue Castle 21 Year Twin Wood draws on County Clare, Ireland's classic profile — Toasted Almond, Vanilla and a touch of Dried Fruit. At $229.99, it's a genuine step up for a special occasion, with same-day delivery available in 33 U.S. states and 7 Canadian provinces.	https://caskworth.com/products/knappogue-castle-21-year-twin-wood	https://caskworth.com/assets/images/products/knappogue-castle-21-year-twin-wood.webp?v=20260915b	229.99 USD	in_stock	new	Castle Brands	no	Food, Beverages & Tobacco > Beverages > Alcoholic Beverages > Liquor & Spirits	Bourbon
109	Knob Creek 9 Year	Produced by Beam Suntory in Kentucky, USA, Knob Creek 9 Year is built around Oak, Caramel and Stone Fruit. At $34.99, it's an easy, versatile bottle for everyday drinking or gifting, with same-day delivery available in 33 U.S. states and 7 Canadian provinces.	https://caskworth.com/products/knob-creek-9-year	https://caskworth.com/assets/images/products/knob-creek-9-year.webp?v=20260915b	34.99 USD	in_stock	new	Beam Suntory	no	Food, Beverages & Tobacco > Beverages > Alcoholic Beverages > Liquor & Spirits	Bourbon
CW-9125	Knob Creek Rye	Produced by Knob Creek Rye Distillery in Kentucky, USA, Knob Creek Rye is built around Black Pepper, Rye Spice and Citrus. Priced at $44.99, it's a reliable everyday pour, bottled at 45% ABV, with same-day delivery available in 33 U.S. states and 7 Canadian provinces.	https://caskworth.com/products/knob-creek-rye-whiskey	https://caskworth.com/assets/images/products/knob-creek-rye-whiskey.webp?v=20260915b	44.99 USD	in_stock	new	Knob Creek Rye Distillery	no	Food, Beverages & Tobacco > Beverages > Alcoholic Beverages > Liquor & Spirits	Bourbon
CW-9011	Knockando	From Knockando Distillery in Speyside, Scotland, Knockando layers Honey and Orchard Fruit into a distinctive character. Priced at $54.99, it's a reliable everyday pour, bottled at 40% ABV, with same-day delivery available in 33 U.S. states and 7 Canadian provinces.	https://caskworth.com/products/knockando-single-malt-scotch	https://caskworth.com/assets/images/products/knockando-single-malt-scotch.webp?v=20260915b	54.99 USD	in_stock	new	Knockando Distillery	no	Food, Beverages & Tobacco > Beverages > Alcoholic Beverages > Liquor & Spirits	Bourbon
CW-9184	Korbel Brandy	Korbel Brandy comes from Korbel Brandy in California, USA, showcasing Dried Fruit and Toffee character typical of the region. Priced at $31.99, it's a reliable everyday pour, bottled at 40% ABV, with same-day delivery available in 33 U.S. states and 7 Canadian provinces.	https://caskworth.com/products/korbel-brandy	https://caskworth.com/assets/images/products/korbel-brandy.webp?v=20260915b	31.99 USD	in_stock	new	Korbel Brandy	no	Food, Beverages & Tobacco > Beverages > Alcoholic Beverages > Liquor & Spirits	Bourbon
CW-9214	Kurayoshi	Produced by Kurayoshi Distillery in Japan, Kurayoshi is built around Honey, Light Smoke and Orchard Fruit. At $75.99, it's an easy, versatile bottle for everyday drinking or gifting, with same-day delivery available in 33 U.S. states and 7 Canadian provinces.	https://caskworth.com/products/kurayoshi-whisky	https://caskworth.com/assets/images/products/kurayoshi-whisky.webp?v=20260915b	75.99 USD	in_stock	new	Kurayoshi Distillery	no	Food, Beverages & Tobacco > Beverages > Alcoholic Beverages > Liquor & Spirits	Bourbon
5302	KWV 10 Year Brandy	From KWV in Paarl, South Africa, KWV 10 Year Brandy layers Rich Fruit and Vanilla into a distinctive character. Priced at $34.99, it's a reliable everyday pour, bottled at 38% ABV, with same-day delivery available in 33 U.S. states and 7 Canadian provinces.	https://caskworth.com/products/kwv-10-year-brandy	https://caskworth.com/assets/images/products/kwv-15-year-brandy.webp?v=20260915b	34.99 USD	in_stock	new	KWV	no	Food, Beverages & Tobacco > Beverages > Alcoholic Beverages > Liquor & Spirits	Bourbon
5303	KWV 15 Year Brandy	KWV 15 Year Brandy comes from KWV in Paarl, South Africa, showcasing Deep Fruit and Complex Vanilla character typical of the region. Priced at $49.99, it's a reliable everyday pour, bottled at 38% ABV, with same-day delivery available in 33 U.S. states and 7 Canadian provinces.	https://caskworth.com/products/kwv-15-year-brandy	https://caskworth.com/assets/images/products/kwv-15-year-brandy.webp?v=20260915b	49.99 USD	in_stock	new	KWV	no	Food, Beverages & Tobacco > Beverages > Alcoholic Beverages > Liquor & Spirits	Bourbon
CW-9162	L. de Salignac Fine Champagne Extra Cognac 50 Year Old	L. de Salignac Fine Champagne Extra Cognac 50 Year Old comes from L. de Salignac in Cognac, France, showcasing Dried Fruit and Vanilla character typical of the region. Priced at $1999.97, it's aimed squarely at collectors rather than everyday drinking, with delivery arranged directly where in stock.	https://caskworth.com/products/l-de-salignac-fine-champagne-extra-cognac-50-year-old	https://caskworth.com/assets/images/products/l-de-salignac-fine-champagne-extra-cognac-50-year-old.webp?v=20260915b	1999.97 USD	in_stock	new	L. de Salignac	no	Food, Beverages & Tobacco > Beverages > Alcoholic Beverages > Liquor & Spirits	Bourbon
208	Lagavulin 16 Year	From Lagavulin Distillery in Islay, Scotland, Lagavulin 16 Year layers Peat and Iodine into a distinctive character. At $79.99, it's an easy, versatile bottle for everyday drinking or gifting, with same-day delivery available in 33 U.S. states and 7 Canadian provinces.	https://caskworth.com/products/lagavulin-16-year	https://caskworth.com/assets/images/products/lagavulin-16-year.webp?v=20260915b	79.99 USD	in_stock	new	Lagavulin Distillery	no	Food, Beverages & Tobacco > Beverages > Alcoholic Beverages > Liquor & Spirits	Bourbon
5404	Laird's Applejack Brandy	Laird & Company's Laird's Applejack Brandy draws on New Jersey, USA's classic profile — Apple, Caramel and a touch of Light Oak. Priced at $24.99, it's a reliable everyday pour, bottled at 40% ABV, with same-day delivery available in 33 U.S. states and 7 Canadian provinces.	https://caskworth.com/products/lairds-applejack-brandy	https://caskworth.com/assets/images/products/lairds-applejack-brandy.webp?v=20260915b	24.99 USD	in_stock	new	Laird & Company	no	Food, Beverages & Tobacco > Beverages > Alcoholic Beverages > Liquor & Spirits	Bourbon
209	Laphroaig 10 Year	From Laphroaig Distillery in Islay, Scotland, Laphroaig 10 Year layers Seaweed and Peat into a distinctive character. At $49.99, it's an easy, versatile bottle for everyday drinking or gifting, with same-day delivery available in 33 U.S. states and 7 Canadian provinces.	https://caskworth.com/products/laphroaig-10-year	https://caskworth.com/assets/images/products/laphroaig-10-year.webp?v=20260915b	49.99 USD	in_stock	new	Laphroaig Distillery	no	Food, Beverages & Tobacco > Beverages > Alcoholic Beverages > Liquor & Spirits	Bourbon
2702	Larceny Barrel Proof Bourbon	Heaven Hill Distillery's Larceny Barrel Proof Bourbon draws on Kentucky, USA's classic profile — Rich Wheat, Caramel and a touch of Bold Spice. At $49.99, it's an easy, versatile bottle for everyday drinking or gifting, with same-day delivery available in 33 U.S. states and 7 Canadian provinces.	https://caskworth.com/products/larceny-barrel-proof-bourbon	https://caskworth.com/assets/images/products/larceny-barrel-proof-bourbon.webp?v=20260915b	49.99 USD	in_stock	new	Heaven Hill Distillery	no	Food, Beverages & Tobacco > Beverages > Alcoholic Beverages > Liquor & Spirits	Bourbon
2701	Larceny Small Batch Bourbon	From Heaven Hill Distillery in Kentucky, USA, Larceny Small Batch Bourbon layers Wheat and Brown Sugar into a distinctive character. At $29.99, it's an easy, versatile bottle for everyday drinking or gifting, with same-day delivery available in 33 U.S. states and 7 Canadian provinces.	https://caskworth.com/products/larceny-small-batch-bourbon	https://caskworth.com/assets/images/products/larceny-small-batch-bourbon.webp?v=20260915b	29.99 USD	in_stock	new	Heaven Hill Distillery	no	Food, Beverages & Tobacco > Beverages > Alcoholic Beverages > Liquor & Spirits	Bourbon
CW-9191	Larressingle	Larressingle comes from Larressingle in Armagnac, France, showcasing Prune and Fig character typical of the region. At $199.99, it's a genuine step up for a special occasion, with same-day delivery available in 33 U.S. states and 7 Canadian provinces.	https://caskworth.com/products/larressingle-armagnac	https://caskworth.com/assets/images/products/larressingle-armagnac.webp?v=20260915b	199.99 USD	in_stock	new	Larressingle	no	Food, Beverages & Tobacco > Beverages > Alcoholic Beverages > Liquor & Spirits	Bourbon
CW-9150	Larsen VSOP	Larsen VSOP comes from Larsen in Cognac, France, showcasing Dried Fruit and Vanilla character typical of the region. Bottled at 40% ABV and priced at $139.99, it rewards drinkers looking to move beyond entry-level bottles, with same-day delivery available where in stock.	https://caskworth.com/products/larsen-vsop	https://caskworth.com/assets/images/products/larsen-vsop.webp?v=20260915b	139.99 USD	in_stock	new	Larsen	no	Food, Beverages & Tobacco > Beverages > Alcoholic Beverages > Liquor & Spirits	Bourbon
CW-9207	L'Encantada 1973 Brut de Fût Bas-Armagnac	L'Encantada's L'Encantada 1973 Brut de Fût Bas-Armagnac draws on Armagnac, France's classic profile — Prune, Fig and a touch of Oak. Bottled at 40% ABV and priced at $699.97, it rewards drinkers looking to move beyond entry-level bottles, with same-day delivery available where in stock.	https://caskworth.com/products/lencantada-1973-brut-de-fut-bas-armagnac	https://caskworth.com/assets/images/products/lencantada-1973-brut-de-fut-bas-armagnac.webp?v=20260915b	699.97 USD	in_stock	new	L'Encantada	no	Food, Beverages & Tobacco > Beverages > Alcoholic Beverages > Liquor & Spirits	Bourbon
CW-9139	Léopold Gourmel	From Léopold Gourmel in Cognac, France, Léopold Gourmel layers Dried Fruit and Vanilla into a distinctive character. At $289.99, it's a genuine step up for a special occasion, with same-day delivery available in 33 U.S. states and 7 Canadian provinces.	https://caskworth.com/products/leopold-gourmel-cognac	https://caskworth.com/assets/images/products/leopold-gourmel-cognac.webp?v=20260915b	289.99 USD	in_stock	new	Léopold Gourmel	no	Food, Beverages & Tobacco > Beverages > Alcoholic Beverages > Liquor & Spirits	Bourbon
CW-9195	Lepanto Brandy de Jerez	Lepanto Brandy de Jerez comes from Lepanto Brandy de Jerez in Jerez, Spain, showcasing Dried Fruit and Toffee character typical of the region. At $149.99, it's a genuine step up for a special occasion, with same-day delivery available in 33 U.S. states and 7 Canadian provinces.	https://caskworth.com/products/lepanto-brandy	https://caskworth.com/assets/images/products/lepanto-brandy.webp?v=20260915b	149.99 USD	in_stock	new	Lepanto Brandy de Jerez	no	Food, Beverages & Tobacco > Beverages > Alcoholic Beverages > Liquor & Spirits	Bourbon
CW-9144	Lhéraud	From Lhéraud in Cognac, France, Lhéraud layers Dried Fruit and Vanilla into a distinctive character. At $119.99, it's a genuine step up for a special occasion, with same-day delivery available in 33 U.S. states and 7 Canadian provinces.	https://caskworth.com/products/lheraud-cognac	https://caskworth.com/assets/images/products/lheraud-cognac.webp?v=20260915b	119.99 USD	in_stock	new	Lhéraud	no	Food, Beverages & Tobacco > Beverages > Alcoholic Beverages > Liquor & Spirits	Bourbon
CW-9022	Loch Lomond	From Loch Lomond Distillery in Highland, Scotland, Loch Lomond layers Heather and Malt into a distinctive character. At $34.99, it's an easy, versatile bottle for everyday drinking or gifting, with same-day delivery available in 33 U.S. states and 7 Canadian provinces.	https://caskworth.com/products/loch-lomond-single-malt-scotch	https://caskworth.com/assets/images/products/loch-lomond-single-malt-scotch.webp?v=20260915b	34.99 USD	in_stock	new	Loch Lomond Distillery	no	Food, Beverages & Tobacco > Beverages > Alcoholic Beverages > Liquor & Spirits	Bourbon
CW-9255	Locke's 8 Year Old Single Malt	Locke's 8 Year Old Single Malt comes from Locke's Distillery in Ireland, showcasing Honey and Malt character typical of the region. Bottled at 40% ABV and priced at $840.00, it rewards drinkers looking to move beyond entry-level bottles, with same-day delivery available where in stock.	https://caskworth.com/products/lockes-8-year-old-single-malt	https://caskworth.com/assets/images/products/lockes-8-year-old-single-malt.webp?v=20260915b	840.00 USD	in_stock	new	Locke's Distillery	no	Food, Beverages & Tobacco > Beverages > Alcoholic Beverages > Liquor & Spirits	Bourbon
CW-9163	Lot No. 40	Lot No. 40 Distillery's Lot No. 40 draws on Canada's classic profile — Caramel, Vanilla and a touch of Toffee. At $48.99, it's an easy, versatile bottle for everyday drinking or gifting, with same-day delivery available in 33 U.S. states and 7 Canadian provinces.	https://caskworth.com/products/lot-no-40-canadian-whisky	https://caskworth.com/assets/images/products/lot-no-40-canadian-whisky.webp?v=20260915b	48.99 USD	in_stock	new	Lot No. 40 Distillery	no	Food, Beverages & Tobacco > Beverages > Alcoholic Beverages > Liquor & Spirits	Bourbon
4802	Louis Royer X.O Cognac	Louis Royer's Louis Royer X.O Cognac draws on Cognac, France's classic profile — Dried Flowers, Ripe Fruit and a touch of Elegant Spice. Bottled at 40% ABV and priced at $149.99, it rewards drinkers looking to move beyond entry-level bottles, with same-day delivery available where in stock.	https://caskworth.com/products/louis-royer-xo-cognac	https://caskworth.com/assets/images/products/louis-royer-xo-cognac.webp?v=20260915b	149.99 USD	in_stock	new	Louis Royer	no	Food, Beverages & Tobacco > Beverages > Alcoholic Beverages > Liquor & Spirits	Bourbon
201	Macallan 12 Double Cask	Macallan 12 Double Cask comes from The Macallan Distillery in Speyside, Scotland, showcasing Vanilla and Orange character typical of the region. Priced at $74.99, it's a reliable everyday pour, bottled at 40% ABV, with same-day delivery available in 33 U.S. states and 7 Canadian provinces.	https://caskworth.com/products/macallan-12-double-cask	https://caskworth.com/assets/images/products/macallan-12-double-cask.webp?v=20260915b	74.99 USD	in_stock	new	The Macallan Distillery	no	Food, Beverages & Tobacco > Beverages > Alcoholic Beverages > Liquor & Spirits	Bourbon
202	Macallan 12 Sherry Oak	From The Macallan Distillery in Speyside, Scotland, Macallan 12 Sherry Oak layers Dried Fruit and Sherry into a distinctive character. At $79.99, it's an easy, versatile bottle for everyday drinking or gifting, with same-day delivery available in 33 U.S. states and 7 Canadian provinces.	https://caskworth.com/products/macallan-12-sherry-oak	https://caskworth.com/assets/images/products/macallan-12-sherry-oak.webp?v=20260915b	79.99 USD	in_stock	new	The Macallan Distillery	no	Food, Beverages & Tobacco > Beverages > Alcoholic Beverages > Liquor & Spirits	Bourbon
203	Macallan 18 Double Cask	The Macallan Distillery's Macallan 18 Double Cask draws on Speyside, Scotland's classic profile — Dried Fruit, Orange Peel and a touch of Ginger. At $279.99, it's a genuine step up for a special occasion, with same-day delivery available in 33 U.S. states and 7 Canadian provinces.	https://caskworth.com/products/macallan-18-double-cask	https://caskworth.com/assets/images/products/macallan-18-double-cask.webp?v=20260915b	279.99 USD	in_stock	new	The Macallan Distillery	no	Food, Beverages & Tobacco > Beverages > Alcoholic Beverages > Liquor & Spirits	Bourbon
ur_s101	Macallan 1926 Fine & Rare 60 Year	Produced by The Macallan Distillery in Speyside, Scotland, Macallan 1926 Fine & Rare 60 Year is built around Profound Dried Fruit, Ancient Oak and Historic Complexity. Priced at $980,000, it's aimed squarely at collectors rather than everyday drinking, with delivery arranged directly where in stock.	https://caskworth.com/products/macallan-1926-fine-rare-60-year	https://caskworth.com/assets/images/products/macallan-1926-fine-rare-60-year.webp?v=20260915b	980000.0 USD	in_stock	new	The Macallan Distillery	no	Food, Beverages & Tobacco > Beverages > Alcoholic Beverages > Liquor & Spirits	Bourbon
911	Macallan 25 Year Double Cask	The Macallan Distillery's Macallan 25 Year Double Cask draws on Speyside, Scotland's classic profile — Rich Fruit, Vanilla and a touch of Delicate Spice. Priced at $1,300, it's aimed squarely at collectors rather than everyday drinking, with delivery arranged directly where in stock.	https://caskworth.com/products/macallan-25-year-double-cask	https://caskworth.com/assets/images/products/macallan-25-year-double-cask.webp?v=20260915b	1299.99 USD	in_stock	new	The Macallan Distillery	no	Food, Beverages & Tobacco > Beverages > Alcoholic Beverages > Liquor & Spirits	Bourbon
912	Macallan 30 Year Double Cask	Macallan 30 Year Double Cask comes from The Macallan Distillery in Speyside, Scotland, showcasing Dark Chocolate and Orange character typical of the region. Priced at $3,000, it's aimed squarely at collectors rather than everyday drinking, with delivery arranged directly where in stock.	https://caskworth.com/products/macallan-30-year-double-cask	https://caskworth.com/assets/images/products/macallan-30-year-double-cask.webp?v=20260915b	2999.99 USD	in_stock	new	The Macallan Distillery	no	Food, Beverages & Tobacco > Beverages > Alcoholic Beverages > Liquor & Spirits	Bourbon
1001	Macallan 40 Year Double Cask	Produced by The Macallan Distillery in Speyside, Scotland, Macallan 40 Year Double Cask is built around Profound Fruit, Ancient Oak and Delicate Spice. Priced at $13,000, it's aimed squarely at collectors rather than everyday drinking, with delivery arranged directly where in stock.	https://caskworth.com/products/macallan-40-year-double-cask	https://caskworth.com/assets/images/products/macallan-40-year-double-cask.webp?v=20260915b	12999.99 USD	in_stock	new	The Macallan Distillery	no	Food, Beverages & Tobacco > Beverages > Alcoholic Beverages > Liquor & Spirits	Bourbon
1002	Macallan 50 Year in Lalique Crystal	Macallan 50 Year in Lalique Crystal comes from The Macallan Distillery in Speyside, Scotland, showcasing Ancient Wood and Rich Fruit character typical of the region. Priced at $40,000, it's aimed squarely at collectors rather than everyday drinking, with delivery arranged directly where in stock.	https://caskworth.com/products/macallan-50-year-in-lalique-crystal	https://caskworth.com/assets/images/products/macallan-50-year-in-lalique-crystal.webp?v=20260915b	39999.99 USD	in_stock	new	The Macallan Distillery	no	Food, Beverages & Tobacco > Beverages > Alcoholic Beverages > Liquor & Spirits	Bourbon
802	Macallan Discovery Set	From The Macallan Distillery in Speyside, Scotland, Macallan Discovery Set layers Vanilla and Dried Fruit into a distinctive character. Bottled at 40% ABV and priced at $149.99, it rewards drinkers looking to move beyond entry-level bottles, with same-day delivery available where in stock.	https://caskworth.com/products/macallan-discovery-set	https://caskworth.com/assets/images/products/macallan-discovery-set.webp?v=20260915b	149.99 USD	in_stock	new	The Macallan Distillery	no	Food, Beverages & Tobacco > Beverages > Alcoholic Beverages > Liquor & Spirits	Bourbon
1003	Macallan The Reach 81 Year	Produced by The Macallan Distillery in Speyside, Scotland, Macallan The Reach 81 Year is built around Profound Complexity, Ancient Cask and Historical Depth. Priced at $50,000, it's aimed squarely at collectors rather than everyday drinking, with delivery arranged directly where in stock.	https://caskworth.com/products/macallan-the-reach-81-year	https://caskworth.com/assets/images/products/macallan-the-reach-81-year.webp?v=20260915b	49999.99 USD	in_stock	new	The Macallan Distillery	no	Food, Beverages & Tobacco > Beverages > Alcoholic Beverages > Liquor & Spirits	Bourbon
106	Maker's Mark 46	Maker's Mark 46 comes from Maker's Mark Distillery in Kentucky, USA, showcasing Vanilla Custard and Caramel character typical of the region. Priced at $39.99, it's a reliable everyday pour, bottled at 47% ABV, with same-day delivery available in 33 U.S. states and 7 Canadian provinces.	https://caskworth.com/products/makers-mark-46	https://caskworth.com/assets/images/products/makers-mark-46.webp?v=20260915b	39.99 USD	in_stock	new	Maker's Mark Distillery	no	Food, Beverages & Tobacco > Beverages > Alcoholic Beverages > Liquor & Spirits	Bourbon
2801	Maker's Mark Cask Strength	Maker's Mark Distillery's Maker's Mark Cask Strength draws on Kentucky, USA's classic profile — Bold Caramel, Vanilla Custard and a touch of Rich Spice. Priced at $64.99, it's a reliable everyday pour, bottled at 55.1% ABV, with same-day delivery available in 33 U.S. states and 7 Canadian provinces.	https://caskworth.com/products/makers-mark-cask-strength	https://caskworth.com/assets/images/products/makers-mark-cask-strength.webp?v=20260915b	64.99 USD	in_stock	new	Maker's Mark Distillery	no	Food, Beverages & Tobacco > Beverages > Alcoholic Beverages > Liquor & Spirits	Bourbon
2802	Maker's Mark Cellar Aged	Produced by Maker's Mark Distillery in Kentucky, USA, Maker's Mark Cellar Aged is built around Deep Caramel, Complex Vanilla and Rich Spice. Priced at $99.99, it's a reliable everyday pour, bottled at 45% ABV, with same-day delivery available in 33 U.S. states and 7 Canadian provinces.	https://caskworth.com/products/makers-mark-cellar-aged	https://caskworth.com/assets/images/products/makers-mark-cellar-aged.webp?v=20260915b	99.99 USD	in_stock	new	Maker's Mark Distillery	no	Food, Beverages & Tobacco > Beverages > Alcoholic Beverages > Liquor & Spirits	Bourbon
105	Maker's Mark Original	From Maker's Mark Distillery in Kentucky, USA, Maker's Mark Original layers Caramel and Vanilla into a distinctive character. At $29.99, it's an easy, versatile bottle for everyday drinking or gifting, with same-day delivery available in 33 U.S. states and 7 Canadian provinces.	https://caskworth.com/products/makers-mark-original	https://caskworth.com/assets/images/products/makers-mark-original.webp?v=20260915b	29.99 USD	in_stock	new	Maker's Mark Distillery	no	Food, Beverages & Tobacco > Beverages > Alcoholic Beverages > Liquor & Spirits	Bourbon
2803	Maker's Mark RC6 Limited Release	Maker's Mark Distillery's Maker's Mark RC6 Limited Release draws on Kentucky, USA's classic profile — Roasted Caramel, Toasted Coconut and a touch of Vanilla. At $79.99, it's an easy, versatile bottle for everyday drinking or gifting, with same-day delivery available in 33 U.S. states and 7 Canadian provinces.	https://caskworth.com/products/makers-mark-rc6-limited-release	https://caskworth.com/assets/images/products/makers-mark-rc6-limited-release.webp?v=20260915b	79.99 USD	in_stock	new	Maker's Mark Distillery	no	Food, Beverages & Tobacco > Beverages > Alcoholic Beverages > Liquor & Spirits	Bourbon
CW-9189	Marquis de Montesquiou	Produced by Marquis de Montesquiou in Armagnac, France, Marquis de Montesquiou is built around Prune, Fig and Oak. At $249.99, it's a genuine step up for a special occasion, with same-day delivery available in 33 U.S. states and 7 Canadian provinces.	https://caskworth.com/products/marquis-de-montesquiou-armagnac	https://caskworth.com/assets/images/products/marquis-de-montesquiou-armagnac.webp?v=20260915b	249.99 USD	in_stock	new	Marquis de Montesquiou	no	Food, Beverages & Tobacco > Beverages > Alcoholic Beverages > Liquor & Spirits	Bourbon
CW-9227	Mars Komagatake 27 Year Old Single Malt	From Mars Shinshu Distillery in Japan, Mars Komagatake 27 Year Old Single Malt layers Honey and Light Smoke into a distinctive character. Priced at $2025.00, it's aimed squarely at collectors rather than everyday drinking, with delivery arranged directly where in stock.	https://caskworth.com/products/mars-komagatake-27-year-old-single-malt	https://caskworth.com/assets/images/products/mars-komagatake-27-year-old-single-malt.webp?v=20260915b	2025.00 USD	in_stock	new	Mars Shinshu Distillery	no	Food, Beverages & Tobacco > Beverages > Alcoholic Beverages > Liquor & Spirits	Bourbon
CW-9228	Mars Komagatake Single Cask Vintage	Mars Komagatake Single Cask Vintage comes from Mars Shinshu Distillery in Japan, showcasing Honey and Light Smoke character typical of the region. At $650.00, it's a genuine step up for a special occasion, with same-day delivery available in 33 U.S. states and 7 Canadian provinces.	https://caskworth.com/products/mars-komagatake-single-cask-vintage	https://caskworth.com/assets/images/products/mars-komagatake-single-cask-vintage.webp?v=20260915b	650.00 USD	in_stock	new	Mars Shinshu Distillery	no	Food, Beverages & Tobacco > Beverages > Alcoholic Beverages > Liquor & Spirits	Bourbon
CW-9210	Mars Shinshu Komagatake	Mars Shinshu Komagatake comes from Mars Shinshu Distillery in Japan, showcasing Honey and Light Smoke character typical of the region. At $293.99, it's a genuine step up for a special occasion, with same-day delivery available in 33 U.S. states and 7 Canadian provinces.	https://caskworth.com/products/mars-shinshu-whisky	https://caskworth.com/assets/images/products/mars-shinshu-whisky.webp?v=20260915b	293.99 USD	in_stock	new	Mars Shinshu Distillery	no	Food, Beverages & Tobacco > Beverages > Alcoholic Beverages > Liquor & Spirits	Bourbon
CW-9226	Mars The Lucky Cat Blended	Mars The Lucky Cat Blended comes from Mars Shinshu Distillery in Japan, showcasing Honey and Light Smoke character typical of the region. At $107.99, it's a genuine step up for a special occasion, with same-day delivery available in 33 U.S. states and 7 Canadian provinces.	https://caskworth.com/products/mars-the-lucky-cat-blended	https://caskworth.com/assets/images/products/mars-the-lucky-cat-blended.webp?v=20260915b	107.99 USD	in_stock	new	Mars Shinshu Distillery	no	Food, Beverages & Tobacco > Beverages > Alcoholic Beverages > Liquor & Spirits	Bourbon
mt110	Martell Assemblage Mathieu Gregoire	Produced by Martell in Cognac, France, Martell Assemblage Mathieu Gregoire is built around Complex Bouquet, Refined Oak and Delicate Fruit. At $799.99, it's a genuine step up for a special occasion, with same-day delivery available in 33 U.S. states and 7 Canadian provinces.	https://caskworth.com/products/martell-assemblage-mathieu-gregoire	https://caskworth.com/assets/images/products/martell-assemblage-mathieu-gregoire.webp?v=20260915b	799.99 USD	in_stock	new	Martell	no	Food, Beverages & Tobacco > Beverages > Alcoholic Beverages > Liquor & Spirits	Bourbon
mt106	Martell Chanteloup Perspective	Martell's Martell Chanteloup Perspective draws on Cognac, France's classic profile — Jasmine, Rich Dried Fruit and a touch of Complex Oak. Bottled at 40% ABV and priced at $299.99, it rewards drinkers looking to move beyond entry-level bottles, with same-day delivery available where in stock.	https://caskworth.com/products/martell-chanteloup-perspective	https://caskworth.com/assets/images/products/martell-chanteloup-perspective.webp?v=20260915b	299.99 USD	in_stock	new	Martell	no	Food, Beverages & Tobacco > Beverages > Alcoholic Beverages > Liquor & Spirits	Bourbon
mt108	Martell Cohiba Edition	From Martell in Cognac, France, Martell Cohiba Edition layers Tobacco and Cedar into a distinctive character. At $349.99, it's a genuine step up for a special occasion, with same-day delivery available in 33 U.S. states and 7 Canadian provinces.	https://caskworth.com/products/martell-cohiba-edition	https://caskworth.com/assets/images/products/martell-cohiba-edition.webp?v=20260915b	349.99 USD	in_stock	new	Martell	no	Food, Beverages & Tobacco > Beverages > Alcoholic Beverages > Liquor & Spirits	Bourbon
mt104	Martell Cordon Bleu Extra	From Martell in Cognac, France, Martell Cordon Bleu Extra layers Intense Dried Fruit and Rich Oak into a distinctive character. Bottled at 40% ABV and priced at $499.99, it rewards drinkers looking to move beyond entry-level bottles, with same-day delivery available where in stock.	https://caskworth.com/products/martell-cordon-bleu-extra	https://caskworth.com/assets/images/products/martell-cordon-bleu-extra.webp?v=20260915b	499.99 USD	in_stock	new	Martell	no	Food, Beverages & Tobacco > Beverages > Alcoholic Beverages > Liquor & Spirits	Bourbon
mt103	Martell Cordon Bleu	Martell Cordon Bleu comes from Martell in Cognac, France, showcasing Dried Fruit and Rich Spice character typical of the region. Bottled at 40% ABV and priced at $149.99, it rewards drinkers looking to move beyond entry-level bottles, with same-day delivery available where in stock.	https://caskworth.com/products/martell-cordon-bleu	https://caskworth.com/assets/images/products/martell-cordon-bleu.webp?v=20260915b	149.99 USD	in_stock	new	Martell	no	Food, Beverages & Tobacco > Beverages > Alcoholic Beverages > Liquor & Spirits	Bourbon
mt107	Martell Creation Grand Extra	From Martell in Cognac, France, Martell Creation Grand Extra layers Profound Complexity and Exotic Fruit into a distinctive character. Bottled at 40% ABV and priced at $399.99, it rewards drinkers looking to move beyond entry-level bottles, with same-day delivery available where in stock.	https://caskworth.com/products/martell-creation-grand-extra	https://caskworth.com/assets/images/products/martell-creation-grand-extra.webp?v=20260915b	399.99 USD	in_stock	new	Martell	no	Food, Beverages & Tobacco > Beverages > Alcoholic Beverages > Liquor & Spirits	Bourbon
mt109	Martell L'Or de Jean Martell	From Martell in Cognac, Martell L'Or de Jean Martell layers Jasmine and Exotic Fruit into a distinctive character. At $2,500, this is a serious collector's bottle — allocated and rare, with delivery arranged directly where in stock.	https://caskworth.com/products/martell-l-or-de-jean-martell	https://caskworth.com/assets/images/products/martell-l-or-de-jean-martell.webp?v=20260915b	2499.99 USD	in_stock	new	Martell	no	Food, Beverages & Tobacco > Beverages > Alcoholic Beverages > Liquor & Spirits	Bourbon
ur_c103	Martell L'Or de Jean Martell Baccarat Edition	From Martell in Cognac, France, Martell L'Or de Jean Martell Baccarat Edition layers Jasmine and Ancient Oak into a distinctive character. Priced at $125,000, it's aimed squarely at collectors rather than everyday drinking, with delivery arranged directly where in stock.	https://caskworth.com/products/martell-lor-de-jean-martell-baccarat-edition	https://caskworth.com/assets/images/products/martell-lor-de-jean-martell-baccarat-edition.webp?v=20260915b	125000.0 USD	in_stock	new	Martell	no	Food, Beverages & Tobacco > Beverages > Alcoholic Beverages > Liquor & Spirits	Bourbon
mt101	Martell V.S Single Distillery	Martell V.S Single Distillery comes from Martell in Cognac, France, showcasing Soft Fruit and Vanilla character typical of the region. Priced at $34.99, it's a reliable everyday pour, bottled at 40% ABV, with same-day delivery available in 33 U.S. states and 7 Canadian provinces.	https://caskworth.com/products/martell-vs-single-distillery	https://caskworth.com/assets/images/products/martell-vs-single-distillery.webp?v=20260915b	34.99 USD	in_stock	new	Martell	no	Food, Beverages & Tobacco > Beverages > Alcoholic Beverages > Liquor & Spirits	Bourbon
mt102	Martell V.S.O.P Aged in Red Barrels	Martell V.S.O.P Aged in Red Barrels comes from Martell in Cognac, France, showcasing Dried Apricot and Warm Spice character typical of the region. At $59.99, it's an easy, versatile bottle for everyday drinking or gifting, with same-day delivery available in 33 U.S. states and 7 Canadian provinces.	https://caskworth.com/products/martell-vsop-aged-in-red-barrels	https://caskworth.com/assets/images/products/martell-vsop-aged-in-red-barrels.webp?v=20260915b	59.99 USD	in_stock	new	Martell	no	Food, Beverages & Tobacco > Beverages > Alcoholic Beverages > Liquor & Spirits	Bourbon
mt105	Martell X.O	Produced by Martell in Cognac, France, Martell X.O is built around Jasmine, Rich Fruit and Warm Spice. Bottled at 40% ABV and priced at $199.99, it rewards drinkers looking to move beyond entry-level bottles, with same-day delivery available where in stock.	https://caskworth.com/products/martell-xo	https://caskworth.com/assets/images/products/martell-xo.webp?v=20260915b	199.99 USD	in_stock	new	Martell	no	Food, Beverages & Tobacco > Beverages > Alcoholic Beverages > Liquor & Spirits	Bourbon
CW-9174	Masterson's 10 Year Straight Rye	From Masterson's Distillery in Alberta, Canada, Masterson's 10 Year Straight Rye layers Rye Spice and Vanilla into a distinctive character. Priced at $86.99, it's a reliable everyday pour, bottled at 40% ABV, with same-day delivery available in 33 U.S. states and 7 Canadian provinces.	https://caskworth.com/products/mastersons-10-year-straight-rye	https://caskworth.com/assets/images/products/mastersons-10-year-straight-rye.webp?v=20260915b	86.99 USD	in_stock	new	Masterson's Distillery	no	Food, Beverages & Tobacco > Beverages > Alcoholic Beverages > Liquor & Spirits	Bourbon
CW-9153	Merlet VSOP	Merlet's Merlet VSOP draws on Cognac, France's classic profile — Dried Fruit, Vanilla and a touch of Oak. At $54.99, it's an easy, versatile bottle for everyday drinking or gifting, with same-day delivery available in 33 U.S. states and 7 Canadian provinces.	https://caskworth.com/products/merlet-vsop	https://caskworth.com/assets/images/products/merlet-vsop.webp?v=20260915b	54.99 USD	in_stock	new	Merlet	no	Food, Beverages & Tobacco > Beverages > Alcoholic Beverages > Liquor & Spirits	Bourbon
CW-9186	Metaxa	Produced by Metaxa in Greece, Metaxa is built around Dried Fruit, Toffee and Oak. At $109.99, it's a genuine step up for a special occasion, with same-day delivery available in 33 U.S. states and 7 Canadian provinces.	https://caskworth.com/products/metaxa-brandy	https://caskworth.com/assets/images/products/metaxa-brandy.webp?v=20260915b	109.99 USD	in_stock	new	Metaxa	no	Food, Beverages & Tobacco > Beverages > Alcoholic Beverages > Liquor & Spirits	Bourbon
CW-9237	Method and Madness	Method and Madness comes from Method and Madness Distillery in Ireland, showcasing Honey and Malt character typical of the region. Priced at $69.99, it's a reliable everyday pour, bottled at 40% ABV, with same-day delivery available in 33 U.S. states and 7 Canadian provinces.	https://caskworth.com/products/method-and-madness-irish-whiskey	https://caskworth.com/assets/images/products/method-and-madness-irish-whiskey.webp?v=20260915b	69.99 USD	in_stock	new	Method and Madness Distillery	no	Food, Beverages & Tobacco > Beverages > Alcoholic Beverages > Liquor & Spirits	Bourbon
CW-9143	Meukow	Meukow comes from Meukow in Cognac, France, showcasing Dried Fruit and Vanilla character typical of the region. Priced at $22.99, it's a reliable everyday pour, bottled at 40% ABV, with same-day delivery available in 33 U.S. states and 7 Canadian provinces.	https://caskworth.com/products/meukow-cognac	https://caskworth.com/assets/images/products/meukow-cognac.webp?v=20260915b	22.99 USD	in_stock	new	Meukow	no	Food, Beverages & Tobacco > Beverages > Alcoholic Beverages > Liquor & Spirits	Bourbon
703	Michter's 10 Year Bourbon	From Michter's Distillery in Kentucky, USA, Michter's 10 Year Bourbon layers Caramel and Praline into a distinctive character. At $149.99, it's a genuine step up for a special occasion, with same-day delivery available in 33 U.S. states and 7 Canadian provinces.	https://caskworth.com/products/michters-10-year-bourbon	https://caskworth.com/assets/images/products/michters-10-year-bourbon.webp?v=20260915b	149.99 USD	in_stock	new	Michter's Distillery	no	Food, Beverages & Tobacco > Beverages > Alcoholic Beverages > Liquor & Spirits	Bourbon
905	Michter's 20 Year Bourbon	Michter's 20 Year Bourbon comes from Michter's Distillery in Kentucky, USA, showcasing Praline and Dried Fruit character typical of the region. Bottled at 57.1% ABV and priced at $999.99, it rewards drinkers looking to move beyond entry-level bottles, with same-day delivery available where in stock.	https://caskworth.com/products/michters-20-year-bourbon	https://caskworth.com/assets/images/products/michters-20-year-bourbon.webp?v=20260915b	999.99 USD	in_stock	new	Michter's Distillery	no	Food, Beverages & Tobacco > Beverages > Alcoholic Beverages > Liquor & Spirits	Bourbon
ur_r101	Michter's 25 Year American Rye Pre-Prohibition Era	Michter's Distillery's Michter's 25 Year American Rye Pre-Prohibition Era draws on Pennsylvania, USA's classic profile — Ancient Rye Spice, Dried Fruit and a touch of Historic Complexity. At $145,000, this is a serious collector's bottle — allocated and rare, with delivery arranged directly where in stock.	https://caskworth.com/products/michters-25-year-american-rye-pre-prohibition-era	https://caskworth.com/assets/images/products/michters-25-year-american-rye-pre-prohibition-era.webp?v=20260915b	145000.0 USD	in_stock	new	Michter's Distillery	no	Food, Beverages & Tobacco > Beverages > Alcoholic Beverages > Liquor & Spirits	Bourbon
906	Michter's 25 Year Bourbon	From Michter's Distillery in Kentucky, USA, Michter's 25 Year Bourbon layers Vanilla and Toasted Nut into a distinctive character. Priced at $4,000, it's aimed squarely at collectors rather than everyday drinking, with delivery arranged directly where in stock.	https://caskworth.com/products/michters-25-year-bourbon	https://caskworth.com/assets/images/products/michters-25-year-bourbon.webp?v=20260915b	3999.99 USD	in_stock	new	Michter's Distillery	no	Food, Beverages & Tobacco > Beverages > Alcoholic Beverages > Liquor & Spirits	Bourbon
ur_b103	Michter's 25 Year Celebration Bourbon Original 1970s	From Michter's Distillery in Pennsylvania, USA, Michter's 25 Year Celebration Bourbon Original 1970s layers Ancient Caramel and Rich Oak into a distinctive character. Priced at $125,000, it's aimed squarely at collectors rather than everyday drinking, with delivery arranged directly where in stock.	https://caskworth.com/products/michters-25-year-celebration-bourbon-original-1970s	https://caskworth.com/assets/images/products/michters-25-year-celebration-bourbon-original-1970s.webp?v=20260915b	125000.0 USD	in_stock	new	Michter's Distillery	no	Food, Beverages & Tobacco > Beverages > Alcoholic Beverages > Liquor & Spirits	Bourbon
1026	Michter's 25 Year Celebration Bourbon	Michter's 25 Year Celebration Bourbon comes from Michter's Distillery in Kentucky, USA, showcasing Ancient Caramel and Profound Spice character typical of the region. Priced at $27,000, it's aimed squarely at collectors rather than everyday drinking, with delivery arranged directly where in stock.	https://caskworth.com/products/michters-25-year-celebration-bourbon	https://caskworth.com/assets/images/products/michters-25-year-celebration-bourbon.webp?v=20260915b	26999.99 USD	in_stock	new	Michter's Distillery	no	Food, Beverages & Tobacco > Beverages > Alcoholic Beverages > Liquor & Spirits	Bourbon
CW-9108	Michter's Bomberger's Declaration	Produced by Michter's Bomberger's Declaration Distillery in Kentucky, USA, Michter's Bomberger's Declaration is built around Toffee, Oak and Dried Fruit. Bottled at 45% ABV and priced at $182.00, it rewards drinkers looking to move beyond entry-level bottles, with same-day delivery available where in stock.	https://caskworth.com/products/michters-bombergers-declaration	https://caskworth.com/assets/images/products/michters-bombergers-declaration.webp?v=20260915b	182.00 USD	in_stock	new	Michter's Bomberger's Declaration Distillery	no	Food, Beverages & Tobacco > Beverages > Alcoholic Beverages > Liquor & Spirits	Bourbon
113	Michter's US*1 Bourbon	From Michter's Distillery in Kentucky, USA, Michter's US*1 Bourbon layers Caramel Corn and Raisin into a distinctive character. At $44.99, it's an easy, versatile bottle for everyday drinking or gifting, with same-day delivery available in 33 U.S. states and 7 Canadian provinces.	https://caskworth.com/products/michters-us1-bourbon	https://caskworth.com/assets/images/products/michters-us1-bourbon.webp?v=20260915b	44.99 USD	in_stock	new	Michter's Distillery	no	Food, Beverages & Tobacco > Beverages > Alcoholic Beverages > Liquor & Spirits	Bourbon
502	Michter's US*1 Rye	Michter's Distillery's Michter's US*1 Rye draws on Kentucky, USA's classic profile — Caramel, Berry and a touch of Classic Rye Spice. At $44.99, it's an easy, versatile bottle for everyday drinking or gifting, with same-day delivery available in 33 U.S. states and 7 Canadian provinces.	https://caskworth.com/products/michters-us1-rye	https://caskworth.com/assets/images/products/michters-us1-rye.webp?v=20260915b	44.99 USD	in_stock	new	Michter's Distillery	no	Food, Beverages & Tobacco > Beverages > Alcoholic Beverages > Liquor & Spirits	Bourbon
1028	Midleton Silent Distillery Chapter One	From Midleton Distillery in Cork, Ireland, Midleton Silent Distillery Chapter One layers Ancient Pot Still and Profound Fruit into a distinctive character. Priced at $12,000, it's aimed squarely at collectors rather than everyday drinking, with delivery arranged directly where in stock.	https://caskworth.com/products/midleton-silent-distillery-chapter-one	https://caskworth.com/assets/images/products/midleton-silent-distillery-chapter-one.webp?v=20260915b	11999.99 USD	in_stock	new	Midleton Distillery	no	Food, Beverages & Tobacco > Beverages > Alcoholic Beverages > Liquor & Spirits	Bourbon
933	Midleton Very Rare 2014	Midleton Very Rare 2014 comes from Midleton Distillery in Cork, Ireland, showcasing Rich Vanilla and Toasted Oak character typical of the region. At $1,750, this is a serious collector's bottle — allocated and rare, with delivery arranged directly where in stock.	https://caskworth.com/products/midleton-very-rare-2014	https://caskworth.com/assets/images/products/midleton-very-rare-2014.webp?v=20260915b	1749.99 USD	in_stock	new	Midleton Distillery	no	Food, Beverages & Tobacco > Beverages > Alcoholic Beverages > Liquor & Spirits	Bourbon
932	Midleton Very Rare 2024	From Midleton Distillery in Cork, Ireland, Midleton Very Rare 2024 layers Vanilla and Toasted Wood into a distinctive character. Bottled at 40% ABV and priced at $299.99, it rewards drinkers looking to move beyond entry-level bottles, with same-day delivery available where in stock.	https://caskworth.com/products/midleton-very-rare-2024	https://caskworth.com/assets/images/products/midleton-very-rare-2024.webp?v=20260915b	299.99 USD	in_stock	new	Midleton Distillery	no	Food, Beverages & Tobacco > Beverages > Alcoholic Beverages > Liquor & Spirits	Bourbon
ur_i102	Midleton Very Rare Silent Distillery Chapter Four	Produced by Midleton Distillery in Cork, Ireland, Midleton Very Rare Silent Distillery Chapter Four is built around Ancient Pot Still, Tropical Fruit and Irreplaceable Heritage. At $95,000, this is a serious collector's bottle — allocated and rare, with delivery arranged directly where in stock.	https://caskworth.com/products/midleton-very-rare-silent-distillery-chapter-four	https://caskworth.com/assets/images/products/midleton-very-rare-silent-distillery-chapter-four.webp?v=20260915b	95000.0 USD	in_stock	new	Midleton Distillery	no	Food, Beverages & Tobacco > Beverages > Alcoholic Beverages > Liquor & Spirits	Bourbon
5105	Miguel Torres Gran Reserva Brandy	Miguel Torres Gran Reserva Brandy comes from Torres in Penedès, Spain, showcasing Profound Caramel and Ancient Fruit character typical of the region. Priced at $59.99, it's a reliable everyday pour, bottled at 40% ABV, with same-day delivery available in 33 U.S. states and 7 Canadian provinces.	https://caskworth.com/products/miguel-torres-gran-reserva-brandy	https://caskworth.com/assets/images/products/miguel-torres-gran-reserva-brandy.webp?v=20260915b	59.99 USD	in_stock	new	Torres	no	Food, Beverages & Tobacco > Beverages > Alcoholic Beverages > Liquor & Spirits	Bourbon
CW-9211	Miyagikyo	From Miyagikyo Distillery in Japan, Miyagikyo layers Honey and Light Smoke into a distinctive character. At $92.99, it's an easy, versatile bottle for everyday drinking or gifting, with same-day delivery available in 33 U.S. states and 7 Canadian provinces.	https://caskworth.com/products/miyagikyo-whisky	https://caskworth.com/assets/images/products/miyagikyo-whisky.webp?v=20260915b	92.99 USD	in_stock	new	Miyagikyo Distillery	no	Food, Beverages & Tobacco > Beverages > Alcoholic Beverages > Liquor & Spirits	Bourbon
3501	Monkey Shoulder Blended Malt	Monkey Shoulder Blended Malt comes from William Grant & Sons in Scotland, showcasing Vanilla and Spice character typical of the region. Priced at $29.99, it's a reliable everyday pour, bottled at 40% ABV, with same-day delivery available in 33 U.S. states and 7 Canadian provinces.	https://caskworth.com/products/monkey-shoulder-blended-malt	https://caskworth.com/assets/images/products/monkey-shoulder-blended-malt.webp?v=20260915b	29.99 USD	in_stock	new	William Grant & Sons	no	Food, Beverages & Tobacco > Beverages > Alcoholic Beverages > Liquor & Spirits	Bourbon
CW-9035	Mortlach 12 Year Wee Witchie	Mortlach Wee Witchie Distillery's Mortlach 12 Year Wee Witchie draws on Speyside, Scotland's classic profile — Honey, Orchard Fruit and a touch of Vanilla. At $61.99, it's an easy, versatile bottle for everyday drinking or gifting, with same-day delivery available in 33 U.S. states and 7 Canadian provinces.	https://caskworth.com/products/mortlach-12-year-wee-witchie	https://caskworth.com/assets/images/products/mortlach-12-year-wee-witchie.webp?v=20260915b	61.99 USD	in_stock	new	Mortlach Wee Witchie Distillery	no	Food, Beverages & Tobacco > Beverages > Alcoholic Beverages > Liquor & Spirits	Bourbon
CW-9231	Nagahama Tokyo 2020 Whisky	Nagahama Tokyo 2020 Whisky comes from Nagahama Tokyo 2020 Whisky Distillery in Japan, showcasing Honey and Light Smoke character typical of the region. At $529.99, it's a genuine step up for a special occasion, with same-day delivery available in 33 U.S. states and 7 Canadian provinces.	https://caskworth.com/products/nagahama-tokyo-2020-whisky	https://caskworth.com/assets/images/products/nagahama-tokyo-2020-whisky.webp?v=20260915b	529.99 USD	in_stock	new	Nagahama Tokyo 2020 Whisky Distillery	no	Food, Beverages & Tobacco > Beverages > Alcoholic Beverages > Liquor & Spirits	Bourbon
CW-9039	Naked Malt	Naked Malt Distillery's Naked Malt draws on Scotland's classic profile — Sherry, Dried Fruit and a touch of Spice. At $34.99, it's an easy, versatile bottle for everyday drinking or gifting, with same-day delivery available in 33 U.S. states and 7 Canadian provinces.	https://caskworth.com/products/naked-malt	https://caskworth.com/assets/images/products/naked-malt.webp?v=20260915b	34.99 USD	in_stock	new	Naked Malt Distillery	no	Food, Beverages & Tobacco > Beverages > Alcoholic Beverages > Liquor & Spirits	Bourbon
5602	Nardini Grappa Riserva	Nardini Grappa Riserva comes from Bortolo Nardini in Veneto, Italy, showcasing Oak and Dried Fruit character typical of the region. At $79.99, it's an easy, versatile bottle for everyday drinking or gifting, with same-day delivery available in 33 U.S. states and 7 Canadian provinces.	https://caskworth.com/products/nardini-grappa-riserva	https://caskworth.com/assets/images/products/nardini-grappa-riserva.webp?v=20260915b	79.99 USD	in_stock	new	Bortolo Nardini	no	Food, Beverages & Tobacco > Beverages > Alcoholic Beverages > Liquor & Spirits	Bourbon
CW-9064	New Riff	New Riff Distillery's New Riff draws on Kentucky, USA's classic profile — Caramel, Vanilla and a touch of Oak. Priced at $40.99, it's a reliable everyday pour, bottled at 50% ABV, with same-day delivery available in 33 U.S. states and 7 Canadian provinces.	https://caskworth.com/products/new-riff-bourbon	https://caskworth.com/assets/images/products/new-riff-bourbon.webp?v=20260915b	40.99 USD	in_stock	new	New Riff Distillery	no	Food, Beverages & Tobacco > Beverages > Alcoholic Beverages > Liquor & Spirits	Bourbon
CW-9218	Nikka Coffey Grain / Coffey Malt	From Nikka Coffey Grain Distillery in Japan, Nikka Coffey Grain / Coffey Malt layers Honey and Light Smoke into a distinctive character. Priced at $58.99, it's a reliable everyday pour, bottled at 40% ABV, with same-day delivery available in 33 U.S. states and 7 Canadian provinces.	https://caskworth.com/products/nikka-coffey-whisky	https://caskworth.com/assets/images/products/nikka-coffey-whisky.webp?v=20260915b	58.99 USD	in_stock	new	Nikka Coffey Grain Distillery	no	Food, Beverages & Tobacco > Beverages > Alcoholic Beverages > Liquor & Spirits	Bourbon
405	Nikka From the Barrel	Nikka Whisky's Nikka From the Barrel draws on Japan's classic profile — Honey, Spice and a touch of Dried Fruit. Priced at $69.99, it's a reliable everyday pour, bottled at 51.4% ABV, with same-day delivery available in 33 U.S. states and 7 Canadian provinces.	https://caskworth.com/products/nikka-from-the-barrel	https://caskworth.com/assets/images/products/nikka-from-the-barrel.webp?v=20260915b	69.99 USD	in_stock	new	Nikka Whisky	no	Food, Beverages & Tobacco > Beverages > Alcoholic Beverages > Liquor & Spirits	Bourbon
928	Nikka Single Malt Yoichi 20 Year	From Nikka Whisky in Japan, Nikka Single Malt Yoichi 20 Year layers Peat and Dark Fruit into a distinctive character. At $899.99, it's a genuine step up for a special occasion, with same-day delivery available in 33 U.S. states and 7 Canadian provinces.	https://caskworth.com/products/nikka-single-malt-yoichi-20-year	https://caskworth.com/assets/images/products/nikka-single-malt-yoichi-20-year.webp?v=20260915b	899.99 USD	in_stock	new	Nikka Whisky	no	Food, Beverages & Tobacco > Beverages > Alcoholic Beverages > Liquor & Spirits	Bourbon
CW-9220	Nikka Taketsuru Pure Malt	From Nikka Taketsuru Distillery in Japan, Nikka Taketsuru Pure Malt layers Honey and Light Smoke into a distinctive character. Priced at $75.99, it's a reliable everyday pour, bottled at 40% ABV, with same-day delivery available in 33 U.S. states and 7 Canadian provinces.	https://caskworth.com/products/nikka-taketsuru-pure-malt	https://caskworth.com/assets/images/products/nikka-taketsuru-pure-malt.webp?v=20260915b	75.99 USD	in_stock	new	Nikka Taketsuru Distillery	no	Food, Beverages & Tobacco > Beverages > Alcoholic Beverages > Liquor & Spirits	Bourbon
ur_j104	Nikka Yoichi 1987 Single Cask 35 Year	Produced by Nikka Whisky in Hokkaido, Japan, Nikka Yoichi 1987 Single Cask 35 Year is built around Peated Oak, Ancient Sea Air and Dark Fruit. Priced at $75,000, it's aimed squarely at collectors rather than everyday drinking, with delivery arranged directly where in stock.	https://caskworth.com/products/nikka-yoichi-1987-single-cask-35-year	https://caskworth.com/assets/images/products/nikka-yoichi-1987-single-cask-35-year.webp?v=20260915b	75000.0 USD	in_stock	new	Nikka Whisky	no	Food, Beverages & Tobacco > Beverages > Alcoholic Beverages > Liquor & Spirits	Bourbon
1022	Nikka Yoichi 50 Year	Nikka Whisky's Nikka Yoichi 50 Year draws on Japan's classic profile — Ancient Peat, Profound Fruit and a touch of Old Leather. At $19,000, this is a serious collector's bottle — allocated and rare, with delivery arranged directly where in stock.	https://caskworth.com/products/nikka-yoichi-50-year	https://caskworth.com/assets/images/products/nikka-yoichi-50-year.webp?v=20260915b	18999.99 USD	in_stock	new	Nikka Whisky	no	Food, Beverages & Tobacco > Beverages > Alcoholic Beverages > Liquor & Spirits	Bourbon
5601	Nonino Grappa Monovitigno	From Nonino Distillery in Friuli, Italy, Nonino Grappa Monovitigno layers Fresh Grape and Floral into a distinctive character. At $54.99, it's an easy, versatile bottle for everyday drinking or gifting, with same-day delivery available in 33 U.S. states and 7 Canadian provinces.	https://caskworth.com/products/nonino-grappa-monovitigno	https://caskworth.com/assets/images/products/nonino-grappa-monovitigno.webp?v=20260915b	54.99 USD	in_stock	new	Nonino Distillery	no	Food, Beverages & Tobacco > Beverages > Alcoholic Beverages > Liquor & Spirits	Bourbon
CW-9148	Normandin-Mercier	Normandin-Mercier's Normandin-Mercier draws on Cognac, France's classic profile — Dried Fruit, Vanilla and a touch of Oak. At $169.99, it's a genuine step up for a special occasion, with same-day delivery available in 33 U.S. states and 7 Canadian provinces.	https://caskworth.com/products/normandin-mercier-cognac	https://caskworth.com/assets/images/products/normandin-mercier-cognac.webp?v=20260915b	169.99 USD	in_stock	new	Normandin-Mercier	no	Food, Beverages & Tobacco > Beverages > Alcoholic Beverages > Liquor & Spirits	Bourbon
CW-9077	Nulu Bourbon	Nulu Bourbon Distillery's Nulu Bourbon draws on Kentucky, USA's classic profile — Caramel, Vanilla and a touch of Oak. At $69.99, it's an easy, versatile bottle for everyday drinking or gifting, with same-day delivery available in 33 U.S. states and 7 Canadian provinces.	https://caskworth.com/products/nulu-bourbon	https://caskworth.com/assets/images/products/nulu-bourbon.webp?v=20260915b	69.99 USD	in_stock	new	Nulu Bourbon Distillery	no	Food, Beverages & Tobacco > Beverages > Alcoholic Beverages > Liquor & Spirits	Bourbon
3301	Oban 14 Year	Oban Distillery's Oban 14 Year draws on West Highland, Scotland's classic profile — Sea Salt, Honey and a touch of Dried Fruit. At $64.99, it's an easy, versatile bottle for everyday drinking or gifting, with same-day delivery available in 33 U.S. states and 7 Canadian provinces.	https://caskworth.com/products/oban-14-year	https://caskworth.com/assets/images/products/oban-14-year.webp?v=20260915b	64.99 USD	in_stock	new	Oban Distillery	no	Food, Beverages & Tobacco > Beverages > Alcoholic Beverages > Liquor & Spirits	Bourbon
3302	Oban 18 Year	Oban Distillery's Oban 18 Year draws on West Highland, Scotland's classic profile — Sea Salt, Dark Fruit and a touch of Rich Spice. Bottled at 43% ABV and priced at $129.99, it rewards drinkers looking to move beyond entry-level bottles, with same-day delivery available where in stock.	https://caskworth.com/products/oban-18-year	https://caskworth.com/assets/images/products/oban-18-year.webp?v=20260915b	129.99 USD	in_stock	new	Oban Distillery	no	Food, Beverages & Tobacco > Beverages > Alcoholic Beverages > Liquor & Spirits	Bourbon
3304	Oban 21 Year	Oban Distillery's Oban 21 Year draws on West Highland, Scotland's classic profile — Profound Sea Salt, Dark Fruit and a touch of Ancient Smoke. Bottled at 58.5% ABV and priced at $249.99, it rewards drinkers looking to move beyond entry-level bottles, with same-day delivery available where in stock.	https://caskworth.com/products/oban-21-year	https://caskworth.com/assets/images/products/oban-21-year.webp?v=20260915b	249.99 USD	in_stock	new	Oban Distillery	no	Food, Beverages & Tobacco > Beverages > Alcoholic Beverages > Liquor & Spirits	Bourbon
3303	Oban Little Bay	Oban Little Bay comes from Oban Distillery in West Highland, Scotland, showcasing Honey and Warm Fruit character typical of the region. At $54.99, it's an easy, versatile bottle for everyday drinking or gifting, with same-day delivery available in 33 U.S. states and 7 Canadian provinces.	https://caskworth.com/products/oban-little-bay	https://caskworth.com/assets/images/products/oban-little-bay.webp?v=20260915b	54.99 USD	in_stock	new	Oban Distillery	no	Food, Beverages & Tobacco > Beverages > Alcoholic Beverages > Liquor & Spirits	Bourbon
CW-9217	Ohishi	Ohishi Distillery's Ohishi draws on Japan's classic profile — Honey, Light Smoke and a touch of Orchard Fruit. At $49.99, it's an easy, versatile bottle for everyday drinking or gifting, with same-day delivery available in 33 U.S. states and 7 Canadian provinces.	https://caskworth.com/products/ohishi-whisky	https://caskworth.com/assets/images/products/ohishi-whisky.webp?v=20260915b	49.99 USD	in_stock	new	Ohishi Distillery	no	Food, Beverages & Tobacco > Beverages > Alcoholic Beverages > Liquor & Spirits	Bourbon
CW-9178	Okanagan Spirits Laird of Fintry	From Okanagan Spirits Laird of Fintry Distillery in Canada, Okanagan Spirits Laird of Fintry layers Caramel and Vanilla into a distinctive character. At $85.00, it's an easy, versatile bottle for everyday drinking or gifting, with same-day delivery available in 33 U.S. states and 7 Canadian provinces.	https://caskworth.com/products/okanagan-spirits-laird-of-fintry	https://caskworth.com/assets/images/products/okanagan-spirits-laird-of-fintry.webp?v=20260915b	85.00 USD	in_stock	new	Okanagan Spirits Laird of Fintry Distillery	no	Food, Beverages & Tobacco > Beverages > Alcoholic Beverages > Liquor & Spirits	Bourbon
CW-9133	Old Carter Straight Rye	Produced by Old Carter Distillery in Kentucky, USA, Old Carter Straight Rye is built around Black Pepper, Rye Spice and Citrus. Bottled at 45% ABV and priced at $356.00, it rewards drinkers looking to move beyond entry-level bottles, with same-day delivery available where in stock.	https://caskworth.com/products/old-carter-straight-rye	https://caskworth.com/assets/images/products/old-carter-straight-rye.webp?v=20260915b	356.00 USD	in_stock	new	Old Carter Distillery	no	Food, Beverages & Tobacco > Beverages > Alcoholic Beverages > Liquor & Spirits	Bourbon
CW-9102	Old Carter Whiskey Co.	Old Carter Whiskey Co. Distillery's Old Carter Whiskey Co. draws on Kentucky, USA's classic profile — Toffee, Oak and a touch of Dried Fruit. At $492.00, it's a genuine step up for a special occasion, with same-day delivery available in 33 U.S. states and 7 Canadian provinces.	https://caskworth.com/products/old-carter-whiskey	https://caskworth.com/assets/images/products/old-carter-whiskey.webp?v=20260915b	492.00 USD	in_stock	new	Old Carter Whiskey Co. Distillery	no	Food, Beverages & Tobacco > Beverages > Alcoholic Beverages > Liquor & Spirits	Bourbon
CW-9252	Old Comber 30 Year Old Pure Pot Still	Old Comber Distillery's Old Comber 30 Year Old Pure Pot Still draws on Ireland's classic profile — Spice, Malt and a touch of Orchard Fruit. At $620.00, it's a genuine step up for a special occasion, with same-day delivery available in 33 U.S. states and 7 Canadian provinces.	https://caskworth.com/products/old-comber-30-year-old-pure-pot-still	https://caskworth.com/assets/images/products/old-comber-30-year-old-pure-pot-still.webp?v=20260915b	620.00 USD	in_stock	new	Old Comber Distillery	no	Food, Beverages & Tobacco > Beverages > Alcoholic Beverages > Liquor & Spirits	Bourbon
CW-9065	Old Elk	Old Elk comes from Old Elk Distillery in Colorado, USA, showcasing Caramel and Vanilla character typical of the region. At $39.99, it's an easy, versatile bottle for everyday drinking or gifting, with same-day delivery available in 33 U.S. states and 7 Canadian provinces.	https://caskworth.com/products/old-elk-bourbon	https://caskworth.com/assets/images/products/old-elk-bourbon.webp?v=20260915b	39.99 USD	in_stock	new	Old Elk Distillery	no	Food, Beverages & Tobacco > Beverages > Alcoholic Beverages > Liquor & Spirits	Bourbon
941	Old Fitzgerald 19 Year Bottled-in-Bond	Old Fitzgerald 19 Year Bottled-in-Bond comes from Heaven Hill Distillery in Kentucky, USA, showcasing Vanilla and Toasted Oak character typical of the region. At $499.99, it's a genuine step up for a special occasion, with same-day delivery available in 33 U.S. states and 7 Canadian provinces.	https://caskworth.com/products/old-fitzgerald-19-year-bottled-in-bond	https://caskworth.com/assets/images/products/old-fitzgerald-19-year-bottled-in-bond.webp?v=20260915b	499.99 USD	in_stock	new	Heaven Hill Distillery	no	Food, Beverages & Tobacco > Beverages > Alcoholic Beverages > Liquor & Spirits	Bourbon
ur_b104	Old Fitzgerald 1954 Bottled-in-Bond Stitzel-Weller	Produced by Stitzel-Weller Distillery in Louisville, Kentucky, USA, Old Fitzgerald 1954 Bottled-in-Bond Stitzel-Weller is built around Wheat, Ancient Vanilla and Leather. At $98,000, this is a serious collector's bottle — allocated and rare, with delivery arranged directly where in stock.	https://caskworth.com/products/old-fitzgerald-1954-bottled-in-bond-stitzel-weller	https://caskworth.com/assets/images/products/old-fitzgerald-1954-bottled-in-bond-stitzel-weller.webp?v=20260915b	98000.0 USD	in_stock	new	Stitzel-Weller Distillery	no	Food, Beverages & Tobacco > Beverages > Alcoholic Beverages > Liquor & Spirits	Bourbon
CW-9081	Old Forester 1920 Prohibition Style	From Old Forester 1920 Prohibition Style Distillery in Kentucky, USA, Old Forester 1920 Prohibition Style layers Caramel and Vanilla into a distinctive character. At $59.99, it's an easy, versatile bottle for everyday drinking or gifting, with same-day delivery available in 33 U.S. states and 7 Canadian provinces.	https://caskworth.com/products/old-forester-1920-prohibition-style	https://caskworth.com/assets/images/products/old-forester-1920-prohibition-style.webp?v=20260915b	59.99 USD	in_stock	new	Old Forester 1920 Prohibition Style Distillery	no	Food, Beverages & Tobacco > Beverages > Alcoholic Beverages > Liquor & Spirits	Bourbon
910	Old Forester Birthday Bourbon 2024	Produced by Brown-Forman Distillery in Kentucky, USA, Old Forester Birthday Bourbon 2024 is built around Vanilla, Dark Caramel and Toasted Oak. At $249.99, it's a genuine step up for a special occasion, with same-day delivery available in 33 U.S. states and 7 Canadian provinces.	https://caskworth.com/products/old-forester-birthday-bourbon-2024	https://caskworth.com/assets/images/products/old-forester-birthday-bourbon-2024.webp?v=20260915b	249.99 USD	in_stock	new	Brown-Forman Distillery	no	Food, Beverages & Tobacco > Beverages > Alcoholic Beverages > Liquor & Spirits	Bourbon
CW-9129	Old Forester Rye	Produced by Old Forester Rye Distillery in Kentucky, USA, Old Forester Rye is built around Black Pepper, Rye Spice and Citrus. At $28.00, it's an easy, versatile bottle for everyday drinking or gifting, with same-day delivery available in 33 U.S. states and 7 Canadian provinces.	https://caskworth.com/products/old-forester-rye	https://caskworth.com/assets/images/products/old-forester-rye.webp?v=20260915b	28.00 USD	in_stock	new	Old Forester Rye Distillery	no	Food, Beverages & Tobacco > Beverages > Alcoholic Beverages > Liquor & Spirits	Bourbon
CW-9058	Old Grand-Dad	Old Grand-Dad Distillery's Old Grand-Dad draws on Kentucky, USA's classic profile — Caramel, Vanilla and a touch of Oak. At $34.99, it's an easy, versatile bottle for everyday drinking or gifting, with same-day delivery available in 33 U.S. states and 7 Canadian provinces.	https://caskworth.com/products/old-grand-dad-bourbon	https://caskworth.com/assets/images/products/old-grand-dad-bourbon.webp?v=20260915b	34.99 USD	in_stock	new	Old Grand-Dad Distillery	no	Food, Beverages & Tobacco > Beverages > Alcoholic Beverages > Liquor & Spirits	Bourbon
CW-9114	Old Overholt Extra Aged Cask Strength 11 Year	Produced by Old Overholt Extra Aged Distillery in Kentucky, USA, Old Overholt Extra Aged Cask Strength 11 Year is built around Black Pepper, Rye Spice and Citrus. At $109.99, it's a genuine step up for a special occasion, with same-day delivery available in 33 U.S. states and 7 Canadian provinces.	https://caskworth.com/products/old-overholt-rye-whiskey	https://caskworth.com/assets/images/products/old-overholt-rye-whiskey.webp?v=20260915b	109.99 USD	in_stock	new	Old Overholt Extra Aged Distillery	no	Food, Beverages & Tobacco > Beverages > Alcoholic Beverages > Liquor & Spirits	Bourbon
CW-9017	Old Pulteney	From Old Pulteney Distillery in Highland, Scotland, Old Pulteney layers Heather and Malt into a distinctive character. At $53.99, it's an easy, versatile bottle for everyday drinking or gifting, with same-day delivery available in 33 U.S. states and 7 Canadian provinces.	https://caskworth.com/products/old-pulteney-single-malt-scotch	https://caskworth.com/assets/images/products/old-pulteney-single-malt-scotch.webp?v=20260915b	53.99 USD	in_stock	new	Old Pulteney Distillery	no	Food, Beverages & Tobacco > Beverages > Alcoholic Beverages > Liquor & Spirits	Bourbon
CW-9106	Old Rip Van Winkle 10 Year	Old Rip Van Winkle Distillery's Old Rip Van Winkle 10 Year draws on Kentucky, USA's classic profile — Toffee, Oak and a touch of Dried Fruit. At $995.00, it's a genuine step up for a special occasion, with same-day delivery available in 33 U.S. states and 7 Canadian provinces.	https://caskworth.com/products/old-rip-van-winkle-10-year	https://caskworth.com/assets/images/products/old-rip-van-winkle-10-year.webp?v=20260915b	995.00 USD	in_stock	new	Old Rip Van Winkle Distillery	no	Food, Beverages & Tobacco > Beverages > Alcoholic Beverages > Liquor & Spirits	Bourbon
CW-9183	Orphan Barrel Entrapment 25 Year Old Canadian Whisky	Orphan Barrel Entrapment 25 Year Old Canadian Whisky comes from Orphan Barrel Distillery in Canada, showcasing Caramel and Vanilla character typical of the region. At $599.99, it's a genuine step up for a special occasion, with same-day delivery available in 33 U.S. states and 7 Canadian provinces.	https://caskworth.com/products/orphan-barrel-entrapment-25-year-old-canadian-whisky	https://caskworth.com/assets/images/products/orphan-barrel-entrapment-25-year-old-canadian-whisky.webp?v=20260915b	599.99 USD	in_stock	new	Orphan Barrel Distillery	no	Food, Beverages & Tobacco > Beverages > Alcoholic Beverages > Liquor & Spirits	Bourbon
CW-9101	Orphan Barrel Series	Orphan Barrel Series Distillery's Orphan Barrel Series draws on Kentucky, USA's classic profile — Toffee, Oak and a touch of Dried Fruit. At $555.00, it's a genuine step up for a special occasion, with same-day delivery available in 33 U.S. states and 7 Canadian provinces.	https://caskworth.com/products/orphan-barrel-whiskey	https://caskworth.com/assets/images/products/orphan-barrel-whiskey.webp?v=20260915b	555.00 USD	in_stock	new	Orphan Barrel Series Distillery	no	Food, Beverages & Tobacco > Beverages > Alcoholic Beverages > Liquor & Spirits	Bourbon
CW-9141	Otard	Otard comes from Otard in Cognac, France, showcasing Dried Fruit and Vanilla character typical of the region. Priced at $36.99, it's a reliable everyday pour, bottled at 40% ABV, with same-day delivery available in 33 U.S. states and 7 Canadian provinces.	https://caskworth.com/products/otard-cognac	https://caskworth.com/assets/images/products/otard-cognac.webp?v=20260915b	36.99 USD	in_stock	new	Otard	no	Food, Beverages & Tobacco > Beverages > Alcoholic Beverages > Liquor & Spirits	Bourbon
5304	Oude Meester Brandy	Distell's Oude Meester Brandy draws on Stellenbosch, South Africa's classic profile — Smooth Caramel, Vanilla and a touch of Light Fruit. At $22.99, it's an easy, versatile bottle for everyday drinking or gifting, with same-day delivery available in 33 U.S. states and 7 Canadian provinces.	https://caskworth.com/products/oude-meester-brandy	https://caskworth.com/assets/images/products/oude-meester-brandy.webp?v=20260915b	22.99 USD	in_stock	new	Distell	no	Food, Beverages & Tobacco > Beverages > Alcoholic Beverages > Liquor & Spirits	Bourbon
701	Pappy Van Winkle 15 Year	Pappy Van Winkle 15 Year comes from Buffalo Trace Distillery in Kentucky, USA, showcasing Caramel and Raisin character typical of the region. At $1,200, this is a serious collector's bottle — allocated and rare, with delivery arranged directly where in stock.	https://caskworth.com/products/pappy-van-winkle-15-year	https://caskworth.com/assets/images/products/pappy-van-winkle-15-year.webp?v=20260915b	1199.99 USD	in_stock	new	Buffalo Trace Distillery	no	Food, Beverages & Tobacco > Beverages > Alcoholic Beverages > Liquor & Spirits	Bourbon
901	Pappy Van Winkle 20 Year Family Reserve	Buffalo Trace Distillery's Pappy Van Winkle 20 Year Family Reserve draws on Kentucky, USA's classic profile — Caramel, Dried Fruit and a touch of Vanilla. At $3,000, this is a serious collector's bottle — allocated and rare, with delivery arranged directly where in stock.	https://caskworth.com/products/pappy-van-winkle-20-year-family-reserve	https://caskworth.com/assets/images/products/pappy-van-winkle-20-year-family-reserve.webp?v=20260915b	2999.99 USD	in_stock	new	Buffalo Trace Distillery	no	Food, Beverages & Tobacco > Beverages > Alcoholic Beverages > Liquor & Spirits	Bourbon
1024	Pappy Van Winkle 23 Year Collector Edition	Pappy Van Winkle 23 Year Collector Edition comes from Buffalo Trace Distillery in Kentucky, USA, showcasing Caramel and Ancient Oak character typical of the region. Priced at $9,000, it's aimed squarely at collectors rather than everyday drinking, with delivery arranged directly where in stock.	https://caskworth.com/products/pappy-van-winkle-23-year-collector-edition	https://caskworth.com/assets/images/products/pappy-van-winkle-23-year-collector-edition.webp?v=20260915b	8999.99 USD	in_stock	new	Buffalo Trace Distillery	no	Food, Beverages & Tobacco > Beverages > Alcoholic Beverages > Liquor & Spirits	Bourbon
902	Pappy Van Winkle 23 Year Family Reserve	Produced by Buffalo Trace Distillery in Kentucky, USA, Pappy Van Winkle 23 Year Family Reserve is built around Tobacco, Caramel and Dark Fruit. Priced at $4,500, it's aimed squarely at collectors rather than everyday drinking, with delivery arranged directly where in stock.	https://caskworth.com/products/pappy-van-winkle-23-year-family-reserve	https://caskworth.com/assets/images/products/pappy-van-winkle-23-year-family-reserve.webp?v=20260915b	4499.99 USD	in_stock	new	Buffalo Trace Distillery	no	Food, Beverages & Tobacco > Beverages > Alcoholic Beverages > Liquor & Spirits	Bourbon
ur_b101	Pappy Van Winkle 23 Year Pre-Fire Vintage 1990s	Buffalo Trace Distillery's Pappy Van Winkle 23 Year Pre-Fire Vintage 1990s draws on Kentucky, USA's classic profile — Ancient Caramel, Leather and a touch of Dried Fruit. At $185,000, this is a serious collector's bottle — allocated and rare, with delivery arranged directly where in stock.	https://caskworth.com/products/pappy-van-winkle-23-year-pre-fire-vintage-1990s	https://caskworth.com/assets/images/products/pappy-van-winkle-23-year-collector-edition.webp?v=20260915b	185000.0 USD	in_stock	new	Buffalo Trace Distillery	no	Food, Beverages & Tobacco > Beverages > Alcoholic Beverages > Liquor & Spirits	Bourbon
1027	Parker's Heritage 27 Year Promise of Hope	From Heaven Hill Distillery in Kentucky, USA, Parker's Heritage 27 Year Promise of Hope layers Vanilla and Toasted Nut into a distinctive character. At $7,000, this is a serious collector's bottle — allocated and rare, with delivery arranged directly where in stock.	https://caskworth.com/products/parkers-heritage-27-year-promise-of-hope	https://caskworth.com/assets/images/products/parkers-heritage-27-year-promise-of-hope.webp?v=20260915b	6999.99 USD	in_stock	new	Heaven Hill Distillery	no	Food, Beverages & Tobacco > Beverages > Alcoholic Beverages > Liquor & Spirits	Bourbon
ur_b105	Parker's Heritage Promise of Hope 27 Year Signed	Heaven Hill Distillery's Parker's Heritage Promise of Hope 27 Year Signed draws on Kentucky, USA's classic profile — Rich Caramel, Dried Fruit and a touch of Ancient Cedar. Priced at $72,000, it's aimed squarely at collectors rather than everyday drinking, with delivery arranged directly where in stock.	https://caskworth.com/products/parkers-heritage-promise-of-hope-27-year-signed	https://caskworth.com/assets/images/products/parkers-heritage-promise-of-hope-27-year-signed.webp?v=20260915b	72000.0 USD	in_stock	new	Heaven Hill Distillery	no	Food, Beverages & Tobacco > Beverages > Alcoholic Beverages > Liquor & Spirits	Bourbon
5204	Paul Masson Grande Amber V.S Brandy	Produced by Paul Masson in California, USA, Paul Masson Grande Amber V.S Brandy is built around Caramel, Light Oak and Smooth. At $14.99, it's an easy, versatile bottle for everyday drinking or gifting, with same-day delivery available in 33 U.S. states and 7 Canadian provinces.	https://caskworth.com/products/paul-masson-grande-amber-vs-brandy	https://caskworth.com/assets/images/products/paul-masson-grande-amber-vs-brandy.webp?v=20260915b	14.99 USD	in_stock	new	Paul Masson	no	Food, Beverages & Tobacco > Beverages > Alcoholic Beverages > Liquor & Spirits	Bourbon
CW-9130	Peerless Straight Rye	Produced by Peerless Distillery in Kentucky, USA, Peerless Straight Rye is built around Black Pepper, Rye Spice and Citrus. Priced at $99.99, it's a reliable everyday pour, bottled at 45% ABV, with same-day delivery available in 33 U.S. states and 7 Canadian provinces.	https://caskworth.com/products/peerless-straight-rye	https://caskworth.com/assets/images/products/peerless-straight-rye.webp?v=20260915b	99.99 USD	in_stock	new	Peerless Distillery	no	Food, Beverages & Tobacco > Beverages > Alcoholic Beverages > Liquor & Spirits	Bourbon
CW-9166	Pendleton	Produced by Pendleton Distillery in Alberta, Canada, Pendleton is built around Caramel, Vanilla and Toffee. Priced at $89.99, it's a reliable everyday pour, bottled at 40% ABV, with same-day delivery available in 33 U.S. states and 7 Canadian provinces.	https://caskworth.com/products/pendleton-canadian-whisky	https://caskworth.com/assets/images/products/pendleton-canadian-whisky.webp?v=20260915b	89.99 USD	in_stock	new	Pendleton Distillery	no	Food, Beverages & Tobacco > Beverages > Alcoholic Beverages > Liquor & Spirits	Bourbon
CW-9083	Penelope Bourbon Toasted Series	Produced by Penelope Bourbon Distillery in Kentucky, USA, Penelope Bourbon Toasted Series is built around Caramel, Vanilla and Oak. Priced at $67.99, it's a reliable everyday pour, bottled at 45% ABV, with same-day delivery available in 33 U.S. states and 7 Canadian provinces.	https://caskworth.com/products/penelope-bourbon-toasted-series	https://caskworth.com/assets/images/products/penelope-bourbon-toasted-series.webp?v=20260915b	67.99 USD	in_stock	new	Penelope Bourbon Distillery	no	Food, Beverages & Tobacco > Beverages > Alcoholic Beverages > Liquor & Spirits	Bourbon
4805	Pierre Ferrand 10 Générations	Pierre Ferrand's Pierre Ferrand 10 Generations draws on Cognac, France's classic profile — Candied Orange, Rich Spice and a touch of Ancient Oak. Bottled at 46% ABV and priced at $599.99, it rewards drinkers looking to move beyond entry-level bottles, with same-day delivery available where in stock.	https://caskworth.com/products/pierre-ferrand-10-generations	https://caskworth.com/assets/images/products/pierre-ferrand-10-generations.webp?v=20260915b	599.99 USD	in_stock	new	Pierre Ferrand	no	Food, Beverages & Tobacco > Beverages > Alcoholic Beverages > Liquor & Spirits	Bourbon
ca_can122	Pike Creek 21 Year Double Barrel	Produced by Various in Canada, Pike Creek 21 Year Double Barrel is built around Vanilla, Oak and Smooth. Priced at $1,300, it's aimed squarely at collectors rather than everyday drinking, with delivery arranged directly where in stock.	https://caskworth.com/products/pike-creek-21-year-double-barrel	https://caskworth.com/assets/images/products/pike-creek-21-year-double-barrel.webp?v=20260915b	1299.99 USD	in_stock	new	Hiram Walker Distillery	no	Food, Beverages & Tobacco > Beverages > Alcoholic Beverages > Liquor & Spirits	Bourbon
ca_can123	Pike Creek 30 Year Speyside Finish	Produced by Various in Canada, Pike Creek 30 Year Speyside Finish is built around Vanilla, Oak and Smooth. Priced at $3,500, it's aimed squarely at collectors rather than everyday drinking, with delivery arranged directly where in stock.	https://caskworth.com/products/pike-creek-30-year-speyside-finish	https://caskworth.com/assets/images/products/pike-creek-30-year-speyside-finish.webp?v=20260915b	3499.99 USD	in_stock	new	Hiram Walker Distillery	no	Food, Beverages & Tobacco > Beverages > Alcoholic Beverages > Liquor & Spirits	Bourbon
CW-9121	Pikesville Rye	Pikesville Rye Distillery's Pikesville Rye draws on Kentucky, USA's classic profile — Black Pepper, Rye Spice and a touch of Citrus. At $56.99, it's an easy, versatile bottle for everyday drinking or gifting, with same-day delivery available in 33 U.S. states and 7 Canadian provinces.	https://caskworth.com/products/pikesville-rye-whiskey	https://caskworth.com/assets/images/products/pikesville-rye-whiskey.webp?v=20260915b	56.99 USD	in_stock	new	Pikesville Rye Distillery	no	Food, Beverages & Tobacco > Beverages > Alcoholic Beverages > Liquor & Spirits	Bourbon
5501	Pisco Portón Mosto Verde	Produced by Destileria La Caravedo in Ica, Peru, Pisco Porton Mosto Verde is built around Floral, Fresh Grape and Delicate Spice. Priced at $44.99, it's a reliable everyday pour, bottled at 43% ABV, with same-day delivery available in 33 U.S. states and 7 Canadian provinces.	https://caskworth.com/products/pisco-porton-mosto-verde	https://caskworth.com/assets/images/products/pisco-porton-mosto-verde.webp?v=20260915b	44.99 USD	in_stock	new	Hacienda La Caravedo	no	Food, Beverages & Tobacco > Beverages > Alcoholic Beverages > Liquor & Spirits	Bourbon
ur_s104	Port Ellen 1979 First Fill Sherry 40 Year	From Port Ellen Distillery in Islay, Scotland, Port Ellen 1979 First Fill Sherry 40 Year layers Intense Peat and Ancient Sea Salt into a distinctive character. Priced at $135,000, it's aimed squarely at collectors rather than everyday drinking, with delivery arranged directly where in stock.	https://caskworth.com/products/port-ellen-1979-first-fill-sherry-40-year	https://caskworth.com/assets/images/products/port-ellen-1979-first-fill-sherry-40-year.webp?v=20260915b	135000.0 USD	in_stock	new	Port Ellen Distillery	no	Food, Beverages & Tobacco > Beverages > Alcoholic Beverages > Liquor & Spirits	Bourbon
1006	Port Ellen 32 Year 13th Release	Produced by Port Ellen Distillery in Islay, Scotland, Port Ellen 32 Year 13th Release is built around Coastal Peat, Beeswax and Dark Fruit. Priced at $8,000, it's aimed squarely at collectors rather than everyday drinking, with delivery arranged directly where in stock.	https://caskworth.com/products/port-ellen-32-year-13th-release	https://caskworth.com/assets/images/products/port-ellen-32-year-13th-release.webp?v=20260915b	7999.99 USD	in_stock	new	Port Ellen Distillery	no	Food, Beverages & Tobacco > Beverages > Alcoholic Beverages > Liquor & Spirits	Bourbon
1007	Port Ellen 38 Year Annual Release	Port Ellen 38 Year Annual Release comes from Port Ellen Distillery in Islay, Scotland, showcasing Medicinal Peat and Sea Salt character typical of the region. Priced at $12,000, it's aimed squarely at collectors rather than everyday drinking, with delivery arranged directly where in stock.	https://caskworth.com/products/port-ellen-38-year-annual-release	https://caskworth.com/assets/images/products/port-ellen-38-year-annual-release.webp?v=20260915b	11999.99 USD	in_stock	new	Port Ellen Distillery	no	Food, Beverages & Tobacco > Beverages > Alcoholic Beverages > Liquor & Spirits	Bourbon
CW-9251	Powers Gold Label	Powers Gold Label Distillery's Powers Gold Label draws on Ireland's classic profile — Spice, Malt and a touch of Orchard Fruit. Priced at $34.99, it's a reliable everyday pour, bottled at 40% ABV, with same-day delivery available in 33 U.S. states and 7 Canadian provinces.	https://caskworth.com/products/powers-gold-label	https://caskworth.com/assets/images/products/powers-gold-label.webp?v=20260915b	34.99 USD	in_stock	new	Powers Gold Label Distillery	no	Food, Beverages & Tobacco > Beverages > Alcoholic Beverages > Liquor & Spirits	Bourbon
ur_i104	Powers John's Lane 28 Year Single Cask 1993	Midleton Distillery's Powers John's Lane 28 Year Single Cask 1993 draws on Cork, Ireland's classic profile — Classic Pot Still, Orchard Fruit and a touch of Spice. At $69,000, this is a serious collector's bottle — allocated and rare, with delivery arranged directly where in stock.	https://caskworth.com/products/powers-johns-lane-28-year-single-cask-1993	https://caskworth.com/assets/images/products/powers-johns-lane-28-year-single-cask-1993.webp?v=20260915b	69000.0 USD	in_stock	new	Midleton Distillery	no	Food, Beverages & Tobacco > Beverages > Alcoholic Beverages > Liquor & Spirits	Bourbon
CW-9185	Presidente Brandy	Presidente Brandy's Presidente Brandy draws on Dominican Republic's classic profile — Dried Fruit, Toffee and a touch of Oak. At $34.99, it's an easy, versatile bottle for everyday drinking or gifting, with same-day delivery available in 33 U.S. states and 7 Canadian provinces.	https://caskworth.com/products/presidente-brandy	https://caskworth.com/assets/images/products/presidente-brandy.webp?v=20260915b	34.99 USD	in_stock	new	Presidente Brandy	no	Food, Beverages & Tobacco > Beverages > Alcoholic Beverages > Liquor & Spirits	Bourbon
CW-9248	Proper No. Twelve	Proper No. Twelve comes from Proper No. Twelve Distillery in Ireland, showcasing Honey and Malt character typical of the region. At $25.99, it's an easy, versatile bottle for everyday drinking or gifting, with same-day delivery available in 33 U.S. states and 7 Canadian provinces.	https://caskworth.com/products/proper-no-twelve	https://caskworth.com/assets/images/products/proper-no-twelve.webp?v=20260915b	25.99 USD	in_stock	new	Proper No. Twelve Distillery	no	Food, Beverages & Tobacco > Beverages > Alcoholic Beverages > Liquor & Spirits	Bourbon
CW-9151	Prunier VSOP Grande Champagne	Produced by Prunier in Cognac, France, Prunier VSOP Grande Champagne is built around Dried Fruit, Vanilla and Oak. Bottled at 40% ABV and priced at $169.99, it rewards drinkers looking to move beyond entry-level bottles, with same-day delivery available where in stock.	https://caskworth.com/products/prunier-vsop-grande-champagne	https://caskworth.com/assets/images/products/prunier-vsop-grande-champagne.webp?v=20260915b	169.99 USD	in_stock	new	Prunier	no	Food, Beverages & Tobacco > Beverages > Alcoholic Beverages > Liquor & Spirits	Bourbon
CW-9127	Rabbit Hole Boxergrail	From Rabbit Hole Boxergrail Distillery in Kentucky, USA, Rabbit Hole Boxergrail layers Black Pepper and Rye Spice into a distinctive character. At $54.99, it's an easy, versatile bottle for everyday drinking or gifting, with same-day delivery available in 33 U.S. states and 7 Canadian provinces.	https://caskworth.com/products/rabbit-hole-boxergrail	https://caskworth.com/assets/images/products/rabbit-hole-boxergrail.webp?v=20260915b	54.99 USD	in_stock	new	Rabbit Hole Boxergrail Distillery	no	Food, Beverages & Tobacco > Beverages > Alcoholic Beverages > Liquor & Spirits	Bourbon
CW-9072	Rabbit Hole Dareringer	From Rabbit Hole Dareringer Distillery in Kentucky, USA, Rabbit Hole Dareringer layers Caramel and Vanilla into a distinctive character. Priced at $81.99, it's a reliable everyday pour, bottled at 45% ABV, with same-day delivery available in 33 U.S. states and 7 Canadian provinces.	https://caskworth.com/products/rabbit-hole-dareringer	https://caskworth.com/assets/images/products/rabbit-hole-dareringer.webp?v=20260915b	81.99 USD	in_stock	new	Rabbit Hole Dareringer Distillery	no	Food, Beverages & Tobacco > Beverages > Alcoholic Beverages > Liquor & Spirits	Bourbon
CW-9111	Rabbit Hole Founder's Collection Mizunara Cask Strength	Rabbit Hole Founder's Collection Mizunara Cask Strength comes from Rabbit Hole Distillery in Kentucky, USA, showcasing Toffee and Oak character typical of the region. Priced at $1221.99, it's aimed squarely at collectors rather than everyday drinking, with delivery arranged directly where in stock.	https://caskworth.com/products/rabbit-hole-founders-collection-mizunara-cask-strength	https://caskworth.com/assets/images/products/rabbit-hole-founders-collection-mizunara-cask-strength.webp?v=20260915b	1221.99 USD	in_stock	new	Rabbit Hole Distillery	no	Food, Beverages & Tobacco > Beverages > Alcoholic Beverages > Liquor & Spirits	Bourbon
CW-9091	Rabbit Hole Founder's Collection Nevallier 16 Year	Rabbit Hole Founder's Collection Nevallier 16 Year comes from Rabbit Hole Distillery in Kentucky, USA, showcasing Caramel and Vanilla character typical of the region. Priced at $1444.00, it's aimed squarely at collectors rather than everyday drinking, with delivery arranged directly where in stock.	https://caskworth.com/products/rabbit-hole-founders-collection-nevallier-16-year	https://caskworth.com/assets/images/products/rabbit-hole-founders-collection-nevallier-16-year.webp?v=20260915b	1444.00 USD	in_stock	new	Rabbit Hole Distillery	no	Food, Beverages & Tobacco > Beverages > Alcoholic Beverages > Liquor & Spirits	Bourbon
CW-9140	Ragnaud-Sabourin	Ragnaud-Sabourin's Ragnaud-Sabourin draws on Cognac, France's classic profile — Dried Fruit, Vanilla and a touch of Oak. At $87.00, it's an easy, versatile bottle for everyday drinking or gifting, with same-day delivery available in 33 U.S. states and 7 Canadian provinces.	https://caskworth.com/products/ragnaud-sabourin-cognac	https://caskworth.com/assets/images/products/ragnaud-sabourin-cognac.webp?v=20260915b	87.00 USD	in_stock	new	Ragnaud-Sabourin	no	Food, Beverages & Tobacco > Beverages > Alcoholic Beverages > Liquor & Spirits	Bourbon
CW-9109	Rare Character Obliteration 14 Year Bourbon	From Rare Character Distillery in Kentucky, USA, Rare Character Obliteration 14 Year Bourbon layers Toffee and Oak into a distinctive character. Bottled at 45% ABV and priced at $599.00, it rewards drinkers looking to move beyond entry-level bottles, with same-day delivery available where in stock.	https://caskworth.com/products/rare-character-obliteration-14-year-bourbon	https://caskworth.com/assets/images/products/rare-character-obliteration-14-year-bourbon.webp?v=20260915b	599.00 USD	in_stock	new	Rare Character Distillery	no	Food, Beverages & Tobacco > Beverages > Alcoholic Beverages > Liquor & Spirits	Bourbon
CW-9179	Rare Hare Lucky Bastard 30 Year Canadian Whiskey	From Rare Hare Distillery in Canada, Rare Hare Lucky Bastard 30 Year Canadian Whiskey layers Caramel and Vanilla into a distinctive character. Bottled at 40% ABV and priced at $599.99, it rewards drinkers looking to move beyond entry-level bottles, with same-day delivery available where in stock.	https://caskworth.com/products/rare-hare-lucky-bastard-30-year-canadian-whiskey	https://caskworth.com/assets/images/products/rare-hare-lucky-bastard-30-year-canadian-whiskey.webp?v=20260915b	599.99 USD	in_stock	new	Rare Hare Distillery	no	Food, Beverages & Tobacco > Beverages > Alcoholic Beverages > Liquor & Spirits	Bourbon
CW-9056	Rebel Yell / Rebel 100	Produced by Rebel Yell Distillery in Kentucky, USA, Rebel Yell / Rebel 100 is built around Caramel, Soft Wheat and Honey. Priced at $19.99, it's a reliable everyday pour, bottled at 50% ABV, with same-day delivery available in 33 U.S. states and 7 Canadian provinces.	https://caskworth.com/products/rebel-yell-bourbon	https://caskworth.com/assets/images/products/rebel-yell-bourbon.webp?v=20260915b	19.99 USD	in_stock	new	Rebel Yell Distillery	no	Food, Beverages & Tobacco > Beverages > Alcoholic Beverages > Liquor & Spirits	Bourbon
303	Redbreast 12 Year	Midleton Distillery's Redbreast 12 Year draws on Cork, Ireland's classic profile — Dried Fruit, Spices and a touch of Creamy. At $64.99, it's an easy, versatile bottle for everyday drinking or gifting, with same-day delivery available in 33 U.S. states and 7 Canadian provinces.	https://caskworth.com/products/redbreast-12-year	https://caskworth.com/assets/images/products/redbreast-12-year.webp?v=20260915b	64.99 USD	in_stock	new	Midleton Distillery	no	Food, Beverages & Tobacco > Beverages > Alcoholic Beverages > Liquor & Spirits	Bourbon
930	Redbreast 21 Year	Redbreast 21 Year comes from Midleton Distillery in Cork, Ireland, showcasing Toasted Wood and Rich Fruit character typical of the region. Bottled at 46% ABV and priced at $349.99, it rewards drinkers looking to move beyond entry-level bottles, with same-day delivery available where in stock.	https://caskworth.com/products/redbreast-21-year	https://caskworth.com/assets/images/products/redbreast-21-year.webp?v=20260915b	349.99 USD	in_stock	new	Midleton Distillery	no	Food, Beverages & Tobacco > Beverages > Alcoholic Beverages > Liquor & Spirits	Bourbon
931	Redbreast 27 Year Cask Strength	Produced by Midleton Distillery in Cork, Ireland, Redbreast 27 Year Cask Strength is built around Dark Fruit, Rich Spice and Ancient Oak. At $999.99, it's a genuine step up for a special occasion, with same-day delivery available in 33 U.S. states and 7 Canadian provinces.	https://caskworth.com/products/redbreast-27-year-cask-strength	https://caskworth.com/assets/images/products/redbreast-27-year-cask-strength.webp?v=20260915b	999.99 USD	in_stock	new	Midleton Distillery	no	Food, Beverages & Tobacco > Beverages > Alcoholic Beverages > Liquor & Spirits	Bourbon
CW-9256	Redbreast 27 Year Old Single Pot Still	Redbreast 27 Year Old Single Pot Still comes from Redbreast Distillery in Ireland, showcasing Spice and Malt character typical of the region. At $629.99, it's a genuine step up for a special occasion, with same-day delivery available in 33 U.S. states and 7 Canadian provinces.	https://caskworth.com/products/redbreast-27-year-old-single-pot-still	https://caskworth.com/assets/images/products/redbreast-27-year-old-single-pot-still.webp?v=20260915b	629.99 USD	in_stock	new	Redbreast Distillery	no	Food, Beverages & Tobacco > Beverages > Alcoholic Beverages > Liquor & Spirits	Bourbon
1029	Redbreast 32 Year Cask Strength	From Midleton Distillery in Cork, Ireland, Redbreast 32 Year Cask Strength layers Profound Fruit and Ancient Spice into a distinctive character. Priced at $7,000, it's aimed squarely at collectors rather than everyday drinking, with delivery arranged directly where in stock.	https://caskworth.com/products/redbreast-32-year-cask-strength	https://caskworth.com/assets/images/products/redbreast-32-year-cask-strength.webp?v=20260915b	6999.99 USD	in_stock	new	Midleton Distillery	no	Food, Beverages & Tobacco > Beverages > Alcoholic Beverages > Liquor & Spirits	Bourbon
ur_i103	Redbreast 32 Year Dream Cask Tawny Port	Produced by Midleton Distillery in Cork, Ireland, Redbreast 32 Year Dream Cask Tawny Port is built around Port Wine, Ancient Pot Still and Rich Dried Fruit. Priced at $78,000, it's aimed squarely at collectors rather than everyday drinking, with delivery arranged directly where in stock.	https://caskworth.com/products/redbreast-32-year-dream-cask-tawny-port	https://caskworth.com/assets/images/products/redbreast-32-year-dream-cask-tawny-port.webp?v=20260915b	78000.0 USD	in_stock	new	Midleton Distillery	no	Food, Beverages & Tobacco > Beverages > Alcoholic Beverages > Liquor & Spirits	Bourbon
CW-9062	Redemption Bourbon / High-Rye	Produced by Redemption Bourbon Distillery in Kentucky, USA, Redemption Bourbon / High-Rye is built around Baking Spice, Caramel and Citrus Peel. Priced at $35.99, it's a reliable everyday pour, bottled at 45% ABV, with same-day delivery available in 33 U.S. states and 7 Canadian provinces.	https://caskworth.com/products/redemption-bourbon	https://caskworth.com/assets/images/products/redemption-bourbon.webp?v=20260915b	35.99 USD	in_stock	new	Redemption Bourbon Distillery	no	Food, Beverages & Tobacco > Beverages > Alcoholic Beverages > Liquor & Spirits	Bourbon
CW-9117	Redemption Rye	From Redemption Rye Distillery in Kentucky, USA, Redemption Rye layers Black Pepper and Rye Spice into a distinctive character. At $27.49, it's an easy, versatile bottle for everyday drinking or gifting, with same-day delivery available in 33 U.S. states and 7 Canadian provinces.	https://caskworth.com/products/redemption-rye-whiskey	https://caskworth.com/assets/images/products/redemption-rye-whiskey.webp?v=20260915b	27.49 USD	in_stock	new	Redemption Rye Distillery	no	Food, Beverages & Tobacco > Beverages > Alcoholic Beverages > Liquor & Spirits	Bourbon
rm102	Remy Martin 1738 Accord Royal	Remy Martin 1738 Accord Royal comes from Remy Martin in Cognac, France, showcasing Roasted Fig and Plum Jam character typical of the region. At $74.99, it's an easy, versatile bottle for everyday drinking or gifting, with same-day delivery available in 33 U.S. states and 7 Canadian provinces.	https://caskworth.com/products/remy-martin-1738-accord-royal	https://caskworth.com/assets/images/products/remy-martin-1738-accord-royal.webp?v=20260915b	74.99 USD	in_stock	new	Remy Martin	no	Food, Beverages & Tobacco > Beverages > Alcoholic Beverages > Liquor & Spirits	Bourbon
rm112	Remy Martin 300 Years Anniversary	From Remy Martin in Cognac, France, Remy Martin 300 Years Anniversary layers Celebration Bouquet and Rich Fruit into a distinctive character. At $999.99, it's a genuine step up for a special occasion, with same-day delivery available in 33 U.S. states and 7 Canadian provinces.	https://caskworth.com/products/remy-martin-300-years-anniversary	https://caskworth.com/assets/images/products/remy-martin-300-years-anniversary.webp?v=20260915b	999.99 USD	in_stock	new	Remy Martin	no	Food, Beverages & Tobacco > Beverages > Alcoholic Beverages > Liquor & Spirits	Bourbon
rm111	Remy Martin Centaure de Diamant	Remy Martin Centaure de Diamant comes from Remy Martin in Cognac, France, showcasing Rich Fruit and Jasmine character typical of the region. Bottled at 40% ABV and priced at $299.99, it rewards drinkers looking to move beyond entry-level bottles, with same-day delivery available where in stock.	https://caskworth.com/products/remy-martin-centaure-de-diamant	https://caskworth.com/assets/images/products/remy-martin-centaure-de-diamant.webp?v=20260915b	299.99 USD	in_stock	new	Remy Martin	no	Food, Beverages & Tobacco > Beverages > Alcoholic Beverages > Liquor & Spirits	Bourbon
rm105	Remy Martin Club	Remy Martin's Remy Martin Club draws on Cognac, France's classic profile — Peach, Vanilla and a touch of Warm Spice. At $149.99, it's a genuine step up for a special occasion, with same-day delivery available in 33 U.S. states and 7 Canadian provinces.	https://caskworth.com/products/remy-martin-club	https://caskworth.com/assets/images/products/remy-martin-club.webp?v=20260915b	149.99 USD	in_stock	new	Remy Martin	no	Food, Beverages & Tobacco > Beverages > Alcoholic Beverages > Liquor & Spirits	Bourbon
rm106	Remy Martin Coeur de Cognac	Remy Martin's Remy Martin Coeur de Cognac draws on Cognac, France's classic profile — Fresh Fruit, Floral and a touch of Light Vanilla. Priced at $89.99, it's a reliable everyday pour, bottled at 40% ABV, with same-day delivery available in 33 U.S. states and 7 Canadian provinces.	https://caskworth.com/products/remy-martin-coeur-de-cognac	https://caskworth.com/assets/images/products/remy-martin-coeur-de-cognac.webp?v=20260915b	89.99 USD	in_stock	new	Remy Martin	no	Food, Beverages & Tobacco > Beverages > Alcoholic Beverages > Liquor & Spirits	Bourbon
ur_c102	Remy Martin Louis XIII Black Pearl Grande Champagne	Remy Martin Louis XIII Black Pearl Grande Champagne comes from Remy Martin in Cognac, France, showcasing Jasmine and Ancient Eaux-de-Vie character typical of the region. Priced at $185,000, it's aimed squarely at collectors rather than everyday drinking, with delivery arranged directly where in stock.	https://caskworth.com/products/remy-martin-louis-xiii-black-pearl-grande-champagne	https://caskworth.com/assets/images/products/remy-martin-louis-xiii-black-pearl-grande-champagne.webp?v=20260915b	185000.0 USD	in_stock	new	Remy Martin	no	Food, Beverages & Tobacco > Beverages > Alcoholic Beverages > Liquor & Spirits	Bourbon
rm109	Remy Martin Louis XIII Black Pearl	Produced by Remy Martin in Cognac, France, Remy Martin Louis XIII Black Pearl is built around Ancient Eaux-de-Vie, Jasmine and Profound Complexity. At $25,000, this is a serious collector's bottle — allocated and rare, with delivery arranged directly where in stock.	https://caskworth.com/products/remy-martin-louis-xiii-black-pearl	https://caskworth.com/assets/images/products/remy-martin-louis-xiii-black-pearl-grande-champagne.webp?v=20260915b	24999.99 USD	in_stock	new	Remy Martin	no	Food, Beverages & Tobacco > Beverages > Alcoholic Beverages > Liquor & Spirits	Bourbon
rm110	Remy Martin Louis XIII Rare Cask	Remy Martin's Remy Martin Louis XIII Rare Cask draws on Cognac, France's classic profile — Profound Jasmine, Ancient Oak and a touch of Rare Complexity. At $35,000, this is a serious collector's bottle — allocated and rare, with delivery arranged directly where in stock.	https://caskworth.com/products/remy-martin-louis-xiii-rare-cask	https://caskworth.com/assets/images/products/remy-martin-louis-xiii-rare-cask.webp?v=20260915b	34999.99 USD	in_stock	new	Remy Martin	no	Food, Beverages & Tobacco > Beverages > Alcoholic Beverages > Liquor & Spirits	Bourbon
rm108	Remy Martin Louis XIII	Remy Martin's Remy Martin Louis XIII draws on Cognac, France's classic profile — Jasmine, Honey and a touch of Sandalwood. Priced at $4,300, it's aimed squarely at collectors rather than everyday drinking, with delivery arranged directly where in stock.	https://caskworth.com/products/remy-martin-louis-xiii	https://caskworth.com/assets/images/products/remy-martin-louis-xiii.webp?v=20260915b	4299.99 USD	in_stock	new	Remy Martin	no	Food, Beverages & Tobacco > Beverages > Alcoholic Beverages > Liquor & Spirits	Bourbon
rm107	Remy Martin Tercet	Produced by Remy Martin in Cognac, France, Remy Martin Tercet is built around Rich Fruit, Spice and Oak. Bottled at 42% ABV and priced at $129.99, it rewards drinkers looking to move beyond entry-level bottles, with same-day delivery available where in stock.	https://caskworth.com/products/remy-martin-tercet	https://caskworth.com/assets/images/products/remy-martin-tercet.webp?v=20260915b	129.99 USD	in_stock	new	Remy Martin	no	Food, Beverages & Tobacco > Beverages > Alcoholic Beverages > Liquor & Spirits	Bourbon
rm101	Remy Martin V.S.O.P	Remy Martin's Remy Martin V.S.O.P draws on Cognac, France's classic profile — Fresh Plum, Vanilla and a touch of Liquorice. At $54.99, it's an easy, versatile bottle for everyday drinking or gifting, with same-day delivery available in 33 U.S. states and 7 Canadian provinces.	https://caskworth.com/products/remy-martin-vsop	https://caskworth.com/assets/images/products/remy-martin-vsop.webp?v=20260915b	54.99 USD	in_stock	new	Remy Martin	no	Food, Beverages & Tobacco > Beverages > Alcoholic Beverages > Liquor & Spirits	Bourbon
rm103	Remy Martin X.O Excellence	Remy Martin's Remy Martin X.O Excellence draws on Cognac, France's classic profile — Jasmine, Dried Rose and a touch of Plum. At $199.99, it's a genuine step up for a special occasion, with same-day delivery available in 33 U.S. states and 7 Canadian provinces.	https://caskworth.com/products/remy-martin-xo-excellence	https://caskworth.com/assets/images/products/remy-martin-xo-excellence.webp?v=20260915b	199.99 USD	in_stock	new	Remy Martin	no	Food, Beverages & Tobacco > Beverages > Alcoholic Beverages > Liquor & Spirits	Bourbon
rm104	Remy Martin X.O Limited Edition	Produced by Remy Martin in Cognac, France, Remy Martin X.O Limited Edition is built around Jasmine, Dried Rose and Rich Plum. At $219.99, it's a genuine step up for a special occasion, with same-day delivery available in 33 U.S. states and 7 Canadian provinces.	https://caskworth.com/products/remy-martin-xo-limited-edition	https://caskworth.com/assets/images/products/remy-martin-xo-limited-edition.webp?v=20260915b	219.99 USD	in_stock	new	Remy Martin	no	Food, Beverages & Tobacco > Beverages > Alcoholic Beverages > Liquor & Spirits	Bourbon
CW-9155	Renault VSOP Carte Noire	Renault's Renault VSOP Carte Noire draws on Cognac, France's classic profile — Dried Fruit, Vanilla and a touch of Oak. At $209.99, it's a genuine step up for a special occasion, with same-day delivery available in 33 U.S. states and 7 Canadian provinces.	https://caskworth.com/products/renault-vsop-carte-noire	https://caskworth.com/assets/images/products/renault-vsop-carte-noire.webp?v=20260915b	209.99 USD	in_stock	new	Renault	no	Food, Beverages & Tobacco > Beverages > Alcoholic Beverages > Liquor & Spirits	Bourbon
504	Rittenhouse Rye BiB	From Heaven Hill in Kentucky, USA, Rittenhouse Rye BiB layers Mint and Vanilla into a distinctive character. Priced at $29.99, it's a reliable everyday pour, bottled at 50% ABV, with same-day delivery available in 33 U.S. states and 7 Canadian provinces.	https://caskworth.com/products/rittenhouse-rye-bib	https://caskworth.com/assets/images/products/rittenhouse-rye-bib.webp?v=20260915b	29.99 USD	in_stock	new	Heaven Hill	no	Food, Beverages & Tobacco > Beverages > Alcoholic Beverages > Liquor & Spirits	Bourbon
CW-9097	Rock Hill Farms	From Rock Hill Farms Distillery in Kentucky, USA, Rock Hill Farms layers Toffee and Oak into a distinctive character. At $399.99, it's a genuine step up for a special occasion, with same-day delivery available in 33 U.S. states and 7 Canadian provinces.	https://caskworth.com/products/rock-hill-farms-bourbon	https://caskworth.com/assets/images/products/rock-hill-farms-bourbon.webp?v=20260915b	399.99 USD	in_stock	new	Rock Hill Farms Distillery	no	Food, Beverages & Tobacco > Beverages > Alcoholic Beverages > Liquor & Spirits	Bourbon
CW-9242	Roe & Co	Roe & Co Distillery's Roe & Co draws on Ireland's classic profile — Honey, Malt and a touch of Orchard Fruit. Priced at $29.99, it's a reliable everyday pour, bottled at 40% ABV, with same-day delivery available in 33 U.S. states and 7 Canadian provinces.	https://caskworth.com/products/roe-and-co-irish-whiskey	https://caskworth.com/assets/images/products/roe-and-co-irish-whiskey.webp?v=20260915b	29.99 USD	in_stock	new	Roe & Co Distillery	no	Food, Beverages & Tobacco > Beverages > Alcoholic Beverages > Liquor & Spirits	Bourbon
CW-9200	Roger Groult Calvados	Produced by Roger Groult Calvados in Normandy, France, Roger Groult Calvados is built around Baked Apple, Orchard Fruit and Oak. Bottled at 40% ABV and priced at $139.99, it rewards drinkers looking to move beyond entry-level bottles, with same-day delivery available where in stock.	https://caskworth.com/products/roger-groult-calvados	https://caskworth.com/assets/images/products/roger-groult-calvados.webp?v=20260915b	139.99 USD	in_stock	new	Roger Groult Calvados	no	Food, Beverages & Tobacco > Beverages > Alcoholic Beverages > Liquor & Spirits	Bourbon
CW-9048	Rosebank Special Release 21 Year Old	Produced by Rosebank Special Release Distillery in Lowlands, Scotland, Rosebank Special Release 21 Year Old is built around Grass, Citrus and Honey. At $2438.00, this is a serious collector's bottle — allocated and rare, with delivery arranged directly where in stock.	https://caskworth.com/products/rosebank-special-release-21-year-old	https://caskworth.com/assets/images/products/rosebank-special-release-21-year-old.webp?v=20260915b	2438.00 USD	in_stock	new	Rosebank Special Release Distillery	no	Food, Beverages & Tobacco > Beverages > Alcoholic Beverages > Liquor & Spirits	Bourbon
CW-9036	Royal Brackla 12 Year	Royal Brackla 12 Year comes from Royal Brackla Distillery in Highland, Scotland, showcasing Heather and Malt character typical of the region. Priced at $73.99, it's a reliable everyday pour, bottled at 40% ABV, with same-day delivery available in 33 U.S. states and 7 Canadian provinces.	https://caskworth.com/products/royal-brackla-12-year	https://caskworth.com/assets/images/products/royal-brackla-12-year.webp?v=20260915b	73.99 USD	in_stock	new	Royal Brackla Distillery	no	Food, Beverages & Tobacco > Beverages > Alcoholic Beverages > Liquor & Spirits	Bourbon
2113	Royal Salute 21 Year	Royal Salute 21 Year comes from Chivas Brothers in Scotland, showcasing Dried Fruit and Orange Peel character typical of the region. Bottled at 40% ABV and priced at $149.99, it rewards drinkers looking to move beyond entry-level bottles, with same-day delivery available where in stock.	https://caskworth.com/products/royal-salute-21-year	https://caskworth.com/assets/images/products/royal-salute-21-year.webp?v=20260915b	149.99 USD	in_stock	new	Chivas Brothers	no	Food, Beverages & Tobacco > Beverages > Alcoholic Beverages > Liquor & Spirits	Bourbon
2114	Royal Salute 25 Year	Royal Salute 25 Year comes from Chivas Brothers in Scotland, showcasing Dark Chocolate and Ancient Fruit character typical of the region. At $499.99, it's a genuine step up for a special occasion, with same-day delivery available in 33 U.S. states and 7 Canadian provinces.	https://caskworth.com/products/royal-salute-25-year	https://caskworth.com/assets/images/products/royal-salute-25-year.webp?v=20260915b	499.99 USD	in_stock	new	Chivas Brothers	no	Food, Beverages & Tobacco > Beverages > Alcoholic Beverages > Liquor & Spirits	Bourbon
CW-9124	Russell's Reserve Rye	Russell's Reserve Rye comes from Russell's Reserve Rye Distillery in Kentucky, USA, showcasing Black Pepper and Rye Spice character typical of the region. At $42.99, it's an easy, versatile bottle for everyday drinking or gifting, with same-day delivery available in 33 U.S. states and 7 Canadian provinces.	https://caskworth.com/products/russells-reserve-rye-whiskey	https://caskworth.com/assets/images/products/russells-reserve-rye-whiskey.webp?v=20260915b	42.99 USD	in_stock	new	Russell's Reserve Rye Distillery	no	Food, Beverages & Tobacco > Beverages > Alcoholic Beverages > Liquor & Spirits	Bourbon
CW-9126	Sagamore Spirit Straight Rye	From Sagamore Spirit Distillery in Maryland, USA, Sagamore Spirit Straight Rye layers Black Pepper and Rye Spice into a distinctive character. Priced at $40.00, it's a reliable everyday pour, bottled at 45% ABV, with same-day delivery available in 33 U.S. states and 7 Canadian provinces.	https://caskworth.com/products/sagamore-spirit-straight-rye	https://caskworth.com/assets/images/products/sagamore-spirit-straight-rye.webp?v=20260915b	40.00 USD	in_stock	new	Sagamore Spirit Distillery	no	Food, Beverages & Tobacco > Beverages > Alcoholic Beverages > Liquor & Spirits	Bourbon
ur_r103	Sazerac 18 Year 1968 Heritage Bottling	Buffalo Trace Distillery's Sazerac 18 Year 1968 Heritage Bottling draws on Kentucky, USA's classic profile — Clove, Ancient Anise and a touch of Dried Fruit. At $72,000, this is a serious collector's bottle — allocated and rare, with delivery arranged directly where in stock.	https://caskworth.com/products/sazerac-18-year-1968-heritage-bottling	https://caskworth.com/assets/images/products/sazerac-18-year-1968-heritage-bottling.webp?v=20260915b	72000.0 USD	in_stock	new	Buffalo Trace Distillery	no	Food, Beverages & Tobacco > Beverages > Alcoholic Beverages > Liquor & Spirits	Bourbon
907	Sazerac 18 Year Rye	Buffalo Trace Distillery's Sazerac 18 Year Rye draws on Kentucky, USA's classic profile — Rye Spice, Oak and a touch of Dried Fruit. At $299.99, it's a genuine step up for a special occasion, with same-day delivery available in 33 U.S. states and 7 Canadian provinces.	https://caskworth.com/products/sazerac-18-year-rye	https://caskworth.com/assets/images/products/sazerac-18-year-rye.webp?v=20260915b	299.99 USD	in_stock	new	Buffalo Trace Distillery	no	Food, Beverages & Tobacco > Beverages > Alcoholic Beverages > Liquor & Spirits	Bourbon
CW-9160	Scotch Malt Whisky Society Cognac Nectar Céleste	Scotch Malt Whisky Society's Scotch Malt Whisky Society Cognac Nectar Céleste draws on Cognac, France's classic profile — Dried Fruit, Vanilla and a touch of Oak. At $999.97, it's a genuine step up for a special occasion, with same-day delivery available in 33 U.S. states and 7 Canadian provinces.	https://caskworth.com/products/scotch-malt-whisky-society-cognac-nectar-celeste	https://caskworth.com/assets/images/products/scotch-malt-whisky-society-cognac-nectar-celeste.webp?v=20260915b	999.97 USD	in_stock	new	Scotch Malt Whisky Society	no	Food, Beverages & Tobacco > Beverages > Alcoholic Beverages > Liquor & Spirits	Bourbon
CW-9169	Seagram's VO	From Seagram's VO Distillery in Canada, Seagram's VO layers Caramel and Vanilla into a distinctive character. Priced at $14.99, it's a reliable everyday pour, bottled at 40% ABV, with same-day delivery available in 33 U.S. states and 7 Canadian provinces.	https://caskworth.com/products/seagrams-vo-canadian-whisky	https://caskworth.com/assets/images/products/seagrams-vo-canadian-whisky.webp?v=20260915b	14.99 USD	in_stock	new	Seagram's VO Distillery	no	Food, Beverages & Tobacco > Beverages > Alcoholic Beverages > Liquor & Spirits	Bourbon
CW-9224	Sekk Sato Shiki Single Grain	Sekk Sato Shiki Single Grain Distillery's Sekk Sato Shiki Single Grain draws on Japan's classic profile — Honey, Light Smoke and a touch of Orchard Fruit. At $55.99, it's an easy, versatile bottle for everyday drinking or gifting, with same-day delivery available in 33 U.S. states and 7 Canadian provinces.	https://caskworth.com/products/sekk-sato-shiki-single-grain	https://caskworth.com/assets/images/products/sekk-sato-shiki-single-grain.webp?v=20260915b	55.99 USD	in_stock	new	Sekk Sato Shiki Single Grain Distillery	no	Food, Beverages & Tobacco > Beverages > Alcoholic Beverages > Liquor & Spirits	Bourbon
ca_can127	Shelter Point Single Malt 10 Year Cask Strength	Produced by Shelter Point Distillery in British Columbia, Shelter Point Single Malt 10 Year Cask Strength is built around Barley, Orchard Fruit and Oak. Bottled at 60.2% ABV and priced at $649.99, it rewards drinkers looking to move beyond entry-level bottles, with same-day delivery available where in stock.	https://caskworth.com/products/shelter-point-single-malt-10-year-cask-strength	https://caskworth.com/assets/images/products/shelter-point-single-malt-10-year-cask-strength.webp?v=20260915b	649.99 USD	in_stock	new	Shelter Point Distillery	no	Food, Beverages & Tobacco > Beverages > Alcoholic Beverages > Liquor & Spirits	Bourbon
3705	Singleton 12 Year	From Glen Ord Distillery in Speyside, Scotland, Singleton 12 Year layers Smooth Fruit and Vanilla into a distinctive character. Priced at $34.99, it's a reliable everyday pour, bottled at 40% ABV, with same-day delivery available in 33 U.S. states and 7 Canadian provinces.	https://caskworth.com/products/singleton-12-year	https://caskworth.com/assets/images/products/singleton-12-year.webp?v=20260915b	34.99 USD	in_stock	new	Glen Ord Distillery	no	Food, Beverages & Tobacco > Beverages > Alcoholic Beverages > Liquor & Spirits	Bourbon
3706	Singleton 15 Year	Singleton 15 Year comes from Glen Ord Distillery in Speyside, Scotland, showcasing Rich Fruit and Vanilla character typical of the region. Priced at $49.99, it's a reliable everyday pour, bottled at 40% ABV, with same-day delivery available in 33 U.S. states and 7 Canadian provinces.	https://caskworth.com/products/singleton-15-year	https://caskworth.com/assets/images/products/singleton-15-year.webp?v=20260915b	49.99 USD	in_stock	new	Glen Ord Distillery	no	Food, Beverages & Tobacco > Beverages > Alcoholic Beverages > Liquor & Spirits	Bourbon
3707	Singleton 18 Year	Produced by Glen Ord Distillery in Speyside, Scotland, Singleton 18 Year is built around Complex Fruit, Rich Vanilla and Deep Spice. At $74.99, it's an easy, versatile bottle for everyday drinking or gifting, with same-day delivery available in 33 U.S. states and 7 Canadian provinces.	https://caskworth.com/products/singleton-18-year	https://caskworth.com/assets/images/products/singleton-18-year.webp?v=20260915b	74.99 USD	in_stock	new	Glen Ord Distillery	no	Food, Beverages & Tobacco > Beverages > Alcoholic Beverages > Liquor & Spirits	Bourbon
CW-9238	Slane Irish Whiskey	Slane Irish Whiskey Distillery's Slane Irish Whiskey draws on Ireland's classic profile — Honey, Malt and a touch of Orchard Fruit. Priced at $24.99, it's a reliable everyday pour, bottled at 40% ABV, with same-day delivery available in 33 U.S. states and 7 Canadian provinces.	https://caskworth.com/products/slane-irish-whiskey	https://caskworth.com/assets/images/products/slane-irish-whiskey.webp?v=20260915b	24.99 USD	in_stock	new	Slane Irish Whiskey Distillery	no	Food, Beverages & Tobacco > Beverages > Alcoholic Beverages > Liquor & Spirits	Bourbon
CW-9066	Smooth Ambler	Smooth Ambler comes from Smooth Ambler Distillery in West Virginia, USA, showcasing Caramel and Vanilla character typical of the region. Priced at $71.99, it's a reliable everyday pour, bottled at 45% ABV, with same-day delivery available in 33 U.S. states and 7 Canadian provinces.	https://caskworth.com/products/smooth-ambler-bourbon	https://caskworth.com/assets/images/products/smooth-ambler-bourbon.webp?v=20260915b	71.99 USD	in_stock	new	Smooth Ambler Distillery	no	Food, Beverages & Tobacco > Beverages > Alcoholic Beverages > Liquor & Spirits	Bourbon
CW-9027	Speyburn 10 Year	Speyburn Distillery's Speyburn 10 Year draws on Speyside, Scotland's classic profile — Honey, Orchard Fruit and a touch of Vanilla. Priced at $34.99, it's a reliable everyday pour, bottled at 40% ABV, with same-day delivery available in 33 U.S. states and 7 Canadian provinces.	https://caskworth.com/products/speyburn-10-year	https://caskworth.com/assets/images/products/speyburn-10-year.webp?v=20260915b	34.99 USD	in_stock	new	Speyburn Distillery	no	Food, Beverages & Tobacco > Beverages > Alcoholic Beverages > Liquor & Spirits	Bourbon
ur_s105	Springbank 1919 100 Year	Springbank Distillery's Springbank 1919 100 Year draws on Campbeltown, Scotland's classic profile — Ancient Campbeltown, Wax and a touch of Tropical Fruit. At $78,000, this is a serious collector's bottle — allocated and rare, with delivery arranged directly where in stock.	https://caskworth.com/products/springbank-1919-100-year	https://caskworth.com/assets/images/products/springbank-1919-100-year.webp?v=20260915b	78000.0 USD	in_stock	new	Springbank Distillery	no	Food, Beverages & Tobacco > Beverages > Alcoholic Beverages > Liquor & Spirits	Bourbon
919	Springbank 21 Year	From Springbank Distillery in Campbeltown, Scotland, Springbank 21 Year layers Tropical Fruit and Vanilla into a distinctive character. Bottled at 46% ABV and priced at $399.99, it rewards drinkers looking to move beyond entry-level bottles, with same-day delivery available where in stock.	https://caskworth.com/products/springbank-21-year	https://caskworth.com/assets/images/products/springbank-21-year.webp?v=20260915b	399.99 USD	in_stock	new	Springbank Distillery	no	Food, Beverages & Tobacco > Beverages > Alcoholic Beverages > Liquor & Spirits	Bourbon
1012	Springbank 50 Year	From Springbank Distillery in Campbeltown, Scotland, Springbank 50 Year layers Tropical Fruit and Complex Oak into a distinctive character. At $35,000, this is a serious collector's bottle — allocated and rare, with delivery arranged directly where in stock.	https://caskworth.com/products/springbank-50-year	https://caskworth.com/assets/images/products/springbank-50-year.webp?v=20260915b	34999.99 USD	in_stock	new	Springbank Distillery	no	Food, Beverages & Tobacco > Beverages > Alcoholic Beverages > Liquor & Spirits	Bourbon
CW-9203	St. George Spirits Pear Brandy	St. George Spirits Pear Brandy comes from St. George Spirits in California, USA, showcasing Dried Fruit and Toffee character typical of the region. Bottled at 40% ABV and priced at $139.99, it rewards drinkers looking to move beyond entry-level bottles, with same-day delivery available where in stock.	https://caskworth.com/products/st-george-spirits-pear-brandy	https://caskworth.com/assets/images/products/st-george-spirits-pear-brandy.webp?v=20260915b	139.99 USD	in_stock	new	St. George Spirits	no	Food, Beverages & Tobacco > Beverages > Alcoholic Beverages > Liquor & Spirits	Bourbon
ca_can128	Stalk & Barrel Single Malt 18 Year	Various's Stalk & Barrel Single Malt 18 Year draws on Canada's classic profile — Vanilla, Oak and a touch of Smooth. Priced at $2,000, it's aimed squarely at collectors rather than everyday drinking, with delivery arranged directly where in stock.	https://caskworth.com/products/stalk-barrel-single-malt-18-year	https://caskworth.com/assets/images/products/stalk-barrel-single-malt-18-year.webp?v=20260915b	1999.99 USD	in_stock	new	Still Waters Distillery	no	Food, Beverages & Tobacco > Beverages > Alcoholic Beverages > Liquor & Spirits	Bourbon
CW-9071	Starlight Distillery Bourbon	Starlight Distillery Bourbon comes from Starlight Distillery Bourbon Distillery in Indiana, USA, showcasing Caramel and Vanilla character typical of the region. Priced at $45.00, it's a reliable everyday pour, bottled at 50% ABV, with same-day delivery available in 33 U.S. states and 7 Canadian provinces.	https://caskworth.com/products/starlight-distillery-bourbon	https://caskworth.com/assets/images/products/starlight-distillery-bourbon.webp?v=20260915b	45.00 USD	in_stock	new	Starlight Distillery Bourbon Distillery	no	Food, Beverages & Tobacco > Beverages > Alcoholic Beverages > Liquor & Spirits	Bourbon
CW-9075	Stellum Bourbon	Stellum Bourbon Distillery's Stellum Bourbon draws on Kentucky, USA's classic profile — Caramel, Vanilla and a touch of Oak. Priced at $49.99, it's a reliable everyday pour, bottled at 45% ABV, with same-day delivery available in 33 U.S. states and 7 Canadian provinces.	https://caskworth.com/products/stellum-bourbon	https://caskworth.com/assets/images/products/stellum-bourbon.webp?v=20260915b	49.99 USD	in_stock	new	Stellum Bourbon Distillery	no	Food, Beverages & Tobacco > Beverages > Alcoholic Beverages > Liquor & Spirits	Bourbon
5604	Stock 84 V.S.O.P Brandy	From Stock Spirits in Trieste, Italy, Stock 84 V.S.O.P Brandy layers Smooth Fruit and Vanilla into a distinctive character. Priced at $22.99, it's a reliable everyday pour, bottled at 38% ABV, with same-day delivery available in 33 U.S. states and 7 Canadian provinces.	https://caskworth.com/products/stock-84-vsop-brandy	https://caskworth.com/assets/images/products/stock-84-vsop-brandy.webp?v=20260915b	22.99 USD	in_stock	new	Stock Spirits	no	Food, Beverages & Tobacco > Beverages > Alcoholic Beverages > Liquor & Spirits	Bourbon
ur_j105	Suntory Royal 1960 Original Bottling	Produced by Suntory Distilleries in Japan, Suntory Royal 1960 Original Bottling is built around Aged Grain, Dried Fruit and Historic Japan. At $68,000, this is a serious collector's bottle — allocated and rare, with delivery arranged directly where in stock.	https://caskworth.com/products/suntory-royal-1960-original-bottling	https://caskworth.com/assets/images/products/suntory-royal-1960-original-bottling.webp?v=20260915b	68000.0 USD	in_stock	new	Suntory Distilleries	no	Food, Beverages & Tobacco > Beverages > Alcoholic Beverages > Liquor & Spirits	Bourbon
402	Suntory Toki	Suntory Toki comes from Suntory Distilleries in Japan, showcasing Green Apple and Honey character typical of the region. At $34.99, it's an easy, versatile bottle for everyday drinking or gifting, with same-day delivery available in 33 U.S. states and 7 Canadian provinces.	https://caskworth.com/products/suntory-toki	https://caskworth.com/assets/images/products/suntory-toki.webp?v=20260915b	34.99 USD	in_stock	new	Suntory Distilleries	no	Food, Beverages & Tobacco > Beverages > Alcoholic Beverages > Liquor & Spirits	Bourbon
ur_g104	Suntory Ultimate Collection Vault	Suntory Ultimate Collection Vault comes from Caskworth Curated in Japan, showcasing Yamazaki 50yr and Hibiki 35yr character typical of the region. At $175,000, this is a serious collector's bottle — allocated and rare, with delivery arranged directly where in stock.	https://caskworth.com/products/suntory-ultimate-collection-vault	https://caskworth.com/assets/images/products/suntory-ultimate-collection-vault.webp?v=20260915b	175000.0 USD	in_stock	new	Caskworth Curated	no	Food, Beverages & Tobacco > Beverages > Alcoholic Beverages > Liquor & Spirits	Bourbon
1023	Suntory Yamazaki 1984 Single Cask	From Yamazaki Distillery in Japan, Suntory Yamazaki 1984 Single Cask layers 1984 Vintage and Mizunara Incense into a distinctive character. Priced at $20,000, it's aimed squarely at collectors rather than everyday drinking, with delivery arranged directly where in stock.	https://caskworth.com/products/suntory-yamazaki-1984-single-cask	https://caskworth.com/assets/images/products/suntory-yamazaki-1984-single-cask.webp?v=20260915b	19999.99 USD	in_stock	new	Yamazaki Distillery	no	Food, Beverages & Tobacco > Beverages > Alcoholic Beverages > Liquor & Spirits	Bourbon
3401	Talisker 10 Year	Produced by Talisker Distillery in Skye, Scotland, Talisker 10 Year is built around Peppery Peat, Sea Spray and Warm Fruit. Priced at $54.99, it's a reliable everyday pour, bottled at 45.8% ABV, with same-day delivery available in 33 U.S. states and 7 Canadian provinces.	https://caskworth.com/products/talisker-10-year	https://caskworth.com/assets/images/products/talisker-10-year.webp?v=20260915b	54.99 USD	in_stock	new	Talisker Distillery	no	Food, Beverages & Tobacco > Beverages > Alcoholic Beverages > Liquor & Spirits	Bourbon
3403	Talisker 18 Year	Produced by Talisker Distillery in Skye, Scotland, Talisker 18 Year is built around Complex Smoke, Sea Salt and Dark Fruit. Bottled at 45.8% ABV and priced at $149.99, it rewards drinkers looking to move beyond entry-level bottles, with same-day delivery available where in stock.	https://caskworth.com/products/talisker-18-year	https://caskworth.com/assets/images/products/talisker-18-year.webp?v=20260915b	149.99 USD	in_stock	new	Talisker Distillery	no	Food, Beverages & Tobacco > Beverages > Alcoholic Beverages > Liquor & Spirits	Bourbon
3404	Talisker 25 Year	Produced by Talisker Distillery in Skye, Scotland, Talisker 25 Year is built around Ancient Peat, Profound Fruit and Old Sea Salt. At $499.99, it's a genuine step up for a special occasion, with same-day delivery available in 33 U.S. states and 7 Canadian provinces.	https://caskworth.com/products/talisker-25-year	https://caskworth.com/assets/images/products/talisker-25-year.webp?v=20260915b	499.99 USD	in_stock	new	Talisker Distillery	no	Food, Beverages & Tobacco > Beverages > Alcoholic Beverages > Liquor & Spirits	Bourbon
3405	Talisker 30 Year	From Talisker Distillery in Skye, Scotland, Talisker 30 Year layers Timeless Smoke and Ancient Brine into a distinctive character. Bottled at 45.8% ABV and priced at $999.99, it rewards drinkers looking to move beyond entry-level bottles, with same-day delivery available where in stock.	https://caskworth.com/products/talisker-30-year	https://caskworth.com/assets/images/products/talisker-30-year.webp?v=20260915b	999.99 USD	in_stock	new	Talisker Distillery	no	Food, Beverages & Tobacco > Beverages > Alcoholic Beverages > Liquor & Spirits	Bourbon
3402	Talisker Storm	From Talisker Distillery in Skye, Scotland, Talisker Storm layers Brine and Smoke into a distinctive character. At $54.99, it's an easy, versatile bottle for everyday drinking or gifting, with same-day delivery available in 33 U.S. states and 7 Canadian provinces.	https://caskworth.com/products/talisker-storm	https://caskworth.com/assets/images/products/talisker-storm.webp?v=20260915b	54.99 USD	in_stock	new	Talisker Distillery	no	Food, Beverages & Tobacco > Beverages > Alcoholic Beverages > Liquor & Spirits	Bourbon
CW-9024	Tamdhu	Tamdhu Distillery's Tamdhu draws on Speyside, Scotland's classic profile — Honey, Orchard Fruit and a touch of Vanilla. At $58.00, it's an easy, versatile bottle for everyday drinking or gifting, with same-day delivery available in 33 U.S. states and 7 Canadian provinces.	https://caskworth.com/products/tamdhu-single-malt-scotch	https://caskworth.com/assets/images/products/tamdhu-single-malt-scotch.webp?v=20260915b	58.00 USD	in_stock	new	Tamdhu Distillery	no	Food, Beverages & Tobacco > Beverages > Alcoholic Beverages > Liquor & Spirits	Bourbon
5007	Tariquet V.S.O.P Armagnac	From Domaine Tariquet in Bas-Armagnac, France, Tariquet V.S.O.P Armagnac layers Vanilla and Dried Fruit into a distinctive character. Priced at $54.99, it's a reliable everyday pour, bottled at 41% ABV, with same-day delivery available in 33 U.S. states and 7 Canadian provinces.	https://caskworth.com/products/tariquet-vsop-armagnac	https://caskworth.com/assets/images/products/tariquet-vsop-armagnac.webp?v=20260915b	54.99 USD	in_stock	new	Domaine Tariquet	no	Food, Beverages & Tobacco > Beverages > Alcoholic Beverages > Liquor & Spirits	Bourbon
5008	Tariquet X.O Armagnac	Domaine Tariquet's Tariquet X.O Armagnac draws on Bas-Armagnac, France's classic profile — Rich Prune, Complex Vanilla and a touch of Warm Spice. Bottled at 43% ABV and priced at $149.99, it rewards drinkers looking to move beyond entry-level bottles, with same-day delivery available where in stock.	https://caskworth.com/products/tariquet-xo-armagnac	https://caskworth.com/assets/images/products/tariquet-xo-armagnac.webp?v=20260915b	149.99 USD	in_stock	new	Domaine Tariquet	no	Food, Beverages & Tobacco > Beverages > Alcoholic Beverages > Liquor & Spirits	Bourbon
CW-9005	Teacher's Highland Cream	Produced by Teacher's Highland Cream Distillery in Scotland, Teacher's Highland Cream is built around Honey, Malt and Soft Smoke. At $23.96, it's an easy, versatile bottle for everyday drinking or gifting, with same-day delivery available in 33 U.S. states and 7 Canadian provinces.	https://caskworth.com/products/teachers-highland-cream-scotch	https://caskworth.com/assets/images/products/teachers-highland-cream-scotch.webp?v=20260915b	23.96 USD	in_stock	new	Teacher's Highland Cream Distillery	no	Food, Beverages & Tobacco > Beverages > Alcoholic Beverages > Liquor & Spirits	Bourbon
CW-9234	Teeling Whiskey	Produced by Teeling Whiskey Distillery in Ireland, Teeling Whiskey is built around Honey, Malt and Orchard Fruit. At $31.99, it's an easy, versatile bottle for everyday drinking or gifting, with same-day delivery available in 33 U.S. states and 7 Canadian provinces.	https://caskworth.com/products/teeling-irish-whiskey	https://caskworth.com/assets/images/products/teeling-irish-whiskey.webp?v=20260915b	31.99 USD	in_stock	new	Teeling Whiskey Distillery	no	Food, Beverages & Tobacco > Beverages > Alcoholic Beverages > Liquor & Spirits	Bourbon
CW-9116	Templeton Rye	Templeton Rye Distillery's Templeton Rye draws on Kentucky, USA's classic profile — Black Pepper, Rye Spice and a touch of Citrus. Priced at $33.99, it's a reliable everyday pour, bottled at 45% ABV, with same-day delivery available in 33 U.S. states and 7 Canadian provinces.	https://caskworth.com/products/templeton-rye-whiskey	https://caskworth.com/assets/images/products/templeton-rye-whiskey.webp?v=20260915b	33.99 USD	in_stock	new	Templeton Rye Distillery	no	Food, Beverages & Tobacco > Beverages > Alcoholic Beverages > Liquor & Spirits	Bourbon
CW-9221	Tenjaku Pure Malt	Tenjaku Distillery's Tenjaku Pure Malt draws on Japan's classic profile — Honey, Light Smoke and a touch of Orchard Fruit. At $78.99, it's an easy, versatile bottle for everyday drinking or gifting, with same-day delivery available in 33 U.S. states and 7 Canadian provinces.	https://caskworth.com/products/tenjaku-pure-malt	https://caskworth.com/assets/images/products/tenjaku-pure-malt.webp?v=20260915b	78.99 USD	in_stock	new	Tenjaku Distillery	no	Food, Beverages & Tobacco > Beverages > Alcoholic Beverages > Liquor & Spirits	Bourbon
CW-9138	Tesseron Cognac	Produced by Tesseron Cognac in Cognac, France, Tesseron Cognac is built around Dried Fruit, Vanilla and Oak. Bottled at 40% ABV and priced at $139.99, it rewards drinkers looking to move beyond entry-level bottles, with same-day delivery available where in stock.	https://caskworth.com/products/tesseron-cognac	https://caskworth.com/assets/images/products/tesseron-cognac.webp?v=20260915b	139.99 USD	in_stock	new	Tesseron Cognac	no	Food, Beverages & Tobacco > Beverages > Alcoholic Beverages > Liquor & Spirits	Bourbon
1110	The Allocated Rarities Trio	Caskworth Curated's The Allocated Rarities Trio draws on USA's classic profile — Rare Allocated, Premium Box and a touch of Collector. Priced at $1,300, it's aimed squarely at collectors rather than everyday drinking, with delivery arranged directly where in stock.	https://caskworth.com/products/the-allocated-rarities-trio	https://caskworth.com/assets/images/products/the-allocated-rarities-trio.webp?v=20260915b	1299.99 USD	in_stock	new	Caskworth Curated	no	Food, Beverages & Tobacco > Beverages > Alcoholic Beverages > Liquor & Spirits	Bourbon
1104	The American Rye Masters Set	Caskworth Curated's The American Rye Masters Set draws on USA's classic profile — Bold Spice, Variety and a touch of Glassware. Priced at $399.99, it rewards drinkers looking to move beyond entry-level bottles, with same-day delivery available where in stock.	https://caskworth.com/products/the-american-rye-masters-set	https://caskworth.com/assets/images/products/the-american-rye-masters-set.webp?v=20260915b	399.99 USD	in_stock	new	Caskworth Curated	no	Food, Beverages & Tobacco > Beverages > Alcoholic Beverages > Liquor & Spirits	Bourbon
1106	The Bourbon Collector's Vault	Produced by Caskworth Curated in USA, The Bourbon Collector's Vault is built around Premium, Variety and Luxury Box. Priced at $799.99, it rewards drinkers looking to move beyond entry-level bottles, with same-day delivery available where in stock.	https://caskworth.com/products/the-bourbon-collectors-vault	https://caskworth.com/assets/images/products/the-bourbon-collectors-vault.webp?v=20260915b	799.99 USD	in_stock	new	Caskworth Curated	no	Food, Beverages & Tobacco > Beverages > Alcoholic Beverages > Liquor & Spirits	Bourbon
1101	The Bourbon Foundations Set	From Caskworth Curated in USA, The Bourbon Foundations Set layers Variety and Glassware into a distinctive character. At $349.99, it's a genuine step up for a special occasion, with same-day delivery available in 33 U.S. states and 7 Canadian provinces.	https://caskworth.com/products/the-bourbon-foundations-set	https://caskworth.com/assets/images/products/the-bourbon-foundations-set.webp?v=20260915b	349.99 USD	in_stock	new	Caskworth Curated	no	Food, Beverages & Tobacco > Beverages > Alcoholic Beverages > Liquor & Spirits	Bourbon
1112	The Buffalo Trace Antique Collection	The Buffalo Trace Antique Collection comes from Caskworth Curated in Kentucky, USA, showcasing BTAC Complete and Collector character typical of the region. Priced at $2,500, it's aimed squarely at collectors rather than everyday drinking, with delivery arranged directly where in stock.	https://caskworth.com/products/the-buffalo-trace-antique-collection	https://caskworth.com/assets/images/products/the-buffalo-trace-antique-collection.webp?v=20260915b	2499.99 USD	in_stock	new	Caskworth Curated	no	Food, Beverages & Tobacco > Beverages > Alcoholic Beverages > Liquor & Spirits	Bourbon
CW-9250	The Busker Single Malt	The Busker Single Malt comes from The Busker Single Malt Distillery in Ireland, showcasing Honey and Malt character typical of the region. At $23.99, it's an easy, versatile bottle for everyday drinking or gifting, with same-day delivery available in 33 U.S. states and 7 Canadian provinces.	https://caskworth.com/products/the-busker-single-malt	https://caskworth.com/assets/images/products/the-busker-single-malt.webp?v=20260915b	23.99 USD	in_stock	new	The Busker Single Malt Distillery	no	Food, Beverages & Tobacco > Beverages > Alcoholic Beverages > Liquor & Spirits	Bourbon
1120	The Collector's Ultimate Cellar	The Collector's Ultimate Cellar comes from Caskworth Curated in International, showcasing 50-Year Aged and Bespoke Vault character typical of the region. Priced at $50,000, it's aimed squarely at collectors rather than everyday drinking, with delivery arranged directly where in stock.	https://caskworth.com/products/the-collectors-ultimate-cellar	https://caskworth.com/assets/images/products/the-collectors-ultimate-cellar.webp?v=20260915b	49999.99 USD	in_stock	new	Caskworth Curated	no	Food, Beverages & Tobacco > Beverages > Alcoholic Beverages > Liquor & Spirits	Bourbon
CW-9254	The Craft Irish Whiskey Co The Taoscán 15 Year	Produced by The Craft Irish Whiskey Co. Distillery in Ireland, The Craft Irish Whiskey Co The Taoscán 15 Year is built around Honey, Malt and Orchard Fruit. Priced at $1720.00, it's aimed squarely at collectors rather than everyday drinking, with delivery arranged directly where in stock.	https://caskworth.com/products/the-craft-irish-whiskey-co-the-taoscan-15-year	https://caskworth.com/assets/images/products/the-craft-irish-whiskey-co-the-taoscan-15-year.webp?v=20260915b	1720.00 USD	in_stock	new	The Craft Irish Whiskey Co. Distillery	no	Food, Beverages & Tobacco > Beverages > Alcoholic Beverages > Liquor & Spirits	Bourbon
ur_g101	The Dalmore 64 Year Trinitas Presentation Set	Caskworth Curated's The Dalmore 64 Year Trinitas Presentation Set draws on Highland, Scotland's classic profile — Dalmore 64yr Trinitas, Ultra Rare Casks and a touch of Historic Collection. Priced at $320,000, it's aimed squarely at collectors rather than everyday drinking, with delivery arranged directly where in stock.	https://caskworth.com/products/the-dalmore-64-year-trinitas-presentation-set	https://caskworth.com/assets/images/products/the-dalmore-64-year-trinitas-presentation-set.webp?v=20260915b	320000.0 USD	in_stock	new	Caskworth Curated	no	Food, Beverages & Tobacco > Beverages > Alcoholic Beverages > Liquor & Spirits	Bourbon
CW-9038	The Famous Grouse	Produced by The Famous Grouse Distillery in Scotland, The Famous Grouse is built around Honey, Malt and Soft Smoke. At $24.99, it's an easy, versatile bottle for everyday drinking or gifting, with same-day delivery available in 33 U.S. states and 7 Canadian provinces.	https://caskworth.com/products/the-famous-grouse	https://caskworth.com/assets/images/products/the-famous-grouse.webp?v=20260915b	24.99 USD	in_stock	new	The Famous Grouse Distillery	no	Food, Beverages & Tobacco > Beverages > Alcoholic Beverages > Liquor & Spirits	Bourbon
1115	The Glenfiddich Century Vault	Produced by Caskworth Curated in Speyside, Scotland, The Glenfiddich Century Vault is built around Glenfiddich Complete, Oak Case and Century Collection. Priced at $4,500, it's aimed squarely at collectors rather than everyday drinking, with delivery arranged directly where in stock.	https://caskworth.com/products/the-glenfiddich-century-vault	https://caskworth.com/assets/images/products/the-glenfiddich-century-vault.webp?v=20260915b	4499.99 USD	in_stock	new	Caskworth Curated	no	Food, Beverages & Tobacco > Beverages > Alcoholic Beverages > Liquor & Spirits	Bourbon
ur_g102	The Glenfiddich Janet Sheed Roberts Reserve 1955 Set	From Caskworth Curated in Speyside, Scotland, The Glenfiddich Janet Sheed Roberts Reserve 1955 Set layers Glenfiddich 1955 and Vintage Crystal into a distinctive character. At $285,000, this is a serious collector's bottle — allocated and rare, with delivery arranged directly where in stock.	https://caskworth.com/products/the-glenfiddich-janet-sheed-roberts-reserve-1955-set	https://caskworth.com/assets/images/products/the-glenfiddich-janet-sheed-roberts-reserve-1955-set.webp?v=20260915b	285000.0 USD	in_stock	new	Caskworth Curated	no	Food, Beverages & Tobacco > Beverages > Alcoholic Beverages > Liquor & Spirits	Bourbon
1103	The Irish Whiskey Trio	Produced by Caskworth Curated in Ireland, The Irish Whiskey Trio is built around Variety, Smooth and Perfect Gift. At $349.99, it's a genuine step up for a special occasion, with same-day delivery available in 33 U.S. states and 7 Canadian provinces.	https://caskworth.com/products/the-irish-whiskey-trio	https://caskworth.com/assets/images/products/the-irish-whiskey-trio.webp?v=20260915b	349.99 USD	in_stock	new	Caskworth Curated	no	Food, Beverages & Tobacco > Beverages > Alcoholic Beverages > Liquor & Spirits	Bourbon
1108	The Islay Smoke Collection	From Caskworth Curated in Islay, Scotland, The Islay Smoke Collection layers Peat and Smoke into a distinctive character. At $749.99, it's a genuine step up for a special occasion, with same-day delivery available in 33 U.S. states and 7 Canadian provinces.	https://caskworth.com/products/the-islay-smoke-collection	https://caskworth.com/assets/images/products/the-islay-smoke-collection.webp?v=20260915b	749.99 USD	in_stock	new	Caskworth Curated	no	Food, Beverages & Tobacco > Beverages > Alcoholic Beverages > Liquor & Spirits	Bourbon
1118	The Japanese Century Collection	From Caskworth Curated in Japan, The Japanese Century Collection layers Japanese Elite and Handcrafted Chest into a distinctive character. Priced at $10,000, it's aimed squarely at collectors rather than everyday drinking, with delivery arranged directly where in stock.	https://caskworth.com/products/the-japanese-century-collection	https://caskworth.com/assets/images/products/the-rare-japanese-masters-set.webp?v=20260915b	9999.99 USD	in_stock	new	Caskworth Curated	no	Food, Beverages & Tobacco > Beverages > Alcoholic Beverages > Liquor & Spirits	Bourbon
1105	The Japanese Whisky Journey	The Japanese Whisky Journey comes from Caskworth Curated in Japan, showcasing Delicate and Variety character typical of the region. Priced at $499.99, it rewards drinkers looking to move beyond entry-level bottles, with same-day delivery available where in stock.	https://caskworth.com/products/the-japanese-whisky-journey	https://caskworth.com/assets/images/products/the-japanese-whisky-journey.webp?v=20260915b	499.99 USD	in_stock	new	Caskworth Curated	no	Food, Beverages & Tobacco > Beverages > Alcoholic Beverages > Liquor & Spirits	Bourbon
1117	The Legendary Islay Vault	Produced by Caskworth Curated in Islay, Scotland, The Legendary Islay Vault is built around Islay Legends, Rare Allocated and Ultra Premium. At $7,000, this is a serious collector's bottle — allocated and rare, with delivery arranged directly where in stock.	https://caskworth.com/products/the-legendary-islay-vault	https://caskworth.com/assets/images/products/the-legendary-islay-vault.webp?v=20260915b	6999.99 USD	in_stock	new	Caskworth Curated	no	Food, Beverages & Tobacco > Beverages > Alcoholic Beverages > Liquor & Spirits	Bourbon
ur_g103	The Macallan Masters of Photography Ansel Adams Edition	Produced by Caskworth Curated in Speyside, Scotland, The Macallan Masters of Photography Ansel Adams Edition is built around Macallan 52yr, Limited Edition Crystal and Signed Photography. Priced at $220,000, it's aimed squarely at collectors rather than everyday drinking, with delivery arranged directly where in stock.	https://caskworth.com/products/the-macallan-masters-of-photography-ansel-adams-edition	https://caskworth.com/assets/images/products/the-macallan-masters-of-photography-ansel-adams-edition.webp?v=20260915b	220000.0 USD	in_stock	new	Caskworth Curated	no	Food, Beverages & Tobacco > Beverages > Alcoholic Beverages > Liquor & Spirits	Bourbon
1116	The Macallan Pinnacle Collection	Produced by Caskworth Curated in Speyside, Scotland, The Macallan Pinnacle Collection is built around Macallan Ultimate, Lalique Crystal and Pinnacle. Priced at $8,000, it's aimed squarely at collectors rather than everyday drinking, with delivery arranged directly where in stock.	https://caskworth.com/products/the-macallan-pinnacle-collection	https://caskworth.com/assets/images/products/the-macallan-pinnacle-collection.webp?v=20260915b	7999.99 USD	in_stock	new	Caskworth Curated	no	Food, Beverages & Tobacco > Beverages > Alcoholic Beverages > Liquor & Spirits	Bourbon
1111	The Macallan Sherry Cask Journey	From Caskworth Curated in Speyside, Scotland, The Macallan Sherry Cask Journey layers Macallan Range and Luxury Case into a distinctive character. At $2,000, this is a serious collector's bottle — allocated and rare, with delivery arranged directly where in stock.	https://caskworth.com/products/the-macallan-sherry-cask-journey	https://caskworth.com/assets/images/products/macallan-30-year-double-cask.webp?v=20260915b	1999.99 USD	in_stock	new	Caskworth Curated	no	Food, Beverages & Tobacco > Beverages > Alcoholic Beverages > Liquor & Spirits	Bourbon
ur_g105	The Pappy Family Legacy Collection	Caskworth Curated's The Pappy Family Legacy Collection draws on Kentucky, USA's classic profile — Pappy 15yr, Pappy 20yr and a touch of Pappy 23yr Collector. At $98,000, this is a serious collector's bottle — allocated and rare, with delivery arranged directly where in stock.	https://caskworth.com/products/the-pappy-family-legacy-collection	https://caskworth.com/assets/images/products/the-pappy-family-legacy-collection.webp?v=20260915b	98000.0 USD	in_stock	new	Caskworth Curated	no	Food, Beverages & Tobacco > Beverages > Alcoholic Beverages > Liquor & Spirits	Bourbon
1114	The Pappy Van Winkle Experience	The Pappy Van Winkle Experience comes from Caskworth Curated in Kentucky, USA, showcasing Pappy Range and Collector Trunk character typical of the region. Priced at $4,000, it's aimed squarely at collectors rather than everyday drinking, with delivery arranged directly where in stock.	https://caskworth.com/products/the-pappy-van-winkle-experience	https://caskworth.com/assets/images/products/the-pappy-van-winkle-experience.webp?v=20260915b	3999.99 USD	in_stock	new	Caskworth Curated	no	Food, Beverages & Tobacco > Beverages > Alcoholic Beverages > Liquor & Spirits	Bourbon
1113	The Rare Japanese Masters Set	Produced by Caskworth Curated in Japan, The Rare Japanese Masters Set is built around Japanese Premium, Paulownia Box and Collector. At $3,000, this is a serious collector's bottle — allocated and rare, with delivery arranged directly where in stock.	https://caskworth.com/products/the-rare-japanese-masters-set	https://caskworth.com/assets/images/products/the-rare-japanese-masters-set.webp?v=20260915b	2999.99 USD	in_stock	new	Caskworth Curated	no	Food, Beverages & Tobacco > Beverages > Alcoholic Beverages > Liquor & Spirits	Bourbon
CW-9043	The Sassenach Blended Scotch	Produced by The Sassenach Distillery in Scotland, The Sassenach Blended Scotch is built around Honey, Malt and Soft Smoke. At $123.99, it's a genuine step up for a special occasion, with same-day delivery available in 33 U.S. states and 7 Canadian provinces.	https://caskworth.com/products/the-sassenach-blended-scotch	https://caskworth.com/assets/images/products/the-sassenach-blended-scotch.webp?v=20260915b	123.99 USD	in_stock	new	The Sassenach Distillery	no	Food, Beverages & Tobacco > Beverages > Alcoholic Beverages > Liquor & Spirits	Bourbon
1102	The Scotch Explorer Set	From Caskworth Curated in Scotland, The Scotch Explorer Set layers Variety and Glassware into a distinctive character. At $399.99, it's a genuine step up for a special occasion, with same-day delivery available in 33 U.S. states and 7 Canadian provinces.	https://caskworth.com/products/the-scotch-explorer-set	https://caskworth.com/assets/images/products/the-scotch-explorer-set.webp?v=20260915b	399.99 USD	in_stock	new	Caskworth Curated	no	Food, Beverages & Tobacco > Beverages > Alcoholic Beverages > Liquor & Spirits	Bourbon
CW-9241	The Sexton	The Sexton comes from The Sexton Distillery in Ireland, showcasing Honey and Malt character typical of the region. At $27.99, it's an easy, versatile bottle for everyday drinking or gifting, with same-day delivery available in 33 U.S. states and 7 Canadian provinces.	https://caskworth.com/products/the-sexton-irish-whiskey	https://caskworth.com/assets/images/products/the-sexton-irish-whiskey.webp?v=20260915b	27.99 USD	in_stock	new	The Sexton Distillery	no	Food, Beverages & Tobacco > Beverages > Alcoholic Beverages > Liquor & Spirits	Bourbon
1107	The Speyside Masters Collection	From Caskworth Curated in Speyside, Scotland, The Speyside Masters Collection layers Premium Scotch and Crystal Decanter into a distinctive character. At $899.99, it's a genuine step up for a special occasion, with same-day delivery available in 33 U.S. states and 7 Canadian provinces.	https://caskworth.com/products/the-speyside-masters-collection	https://caskworth.com/assets/images/products/the-speyside-masters-collection.webp?v=20260915b	899.99 USD	in_stock	new	Caskworth Curated	no	Food, Beverages & Tobacco > Beverages > Alcoholic Beverages > Liquor & Spirits	Bourbon
1119	The World's Finest Whisky Box	Produced by Caskworth Curated in International, The World's Finest Whisky Box is built around World Elite, Armored Case and Ultimate Gift. At $25,000, this is a serious collector's bottle — allocated and rare, with delivery arranged directly where in stock.	https://caskworth.com/products/the-worlds-finest-whisky-box	https://caskworth.com/assets/images/products/the-worlds-finest-whisky-box.webp?v=20260915b	24999.99 USD	in_stock	new	Caskworth Curated	no	Food, Beverages & Tobacco > Beverages > Alcoholic Beverages > Liquor & Spirits	Bourbon
ur_r104	Thomas H. Handy Sazerac Rye 2003 First Release	Thomas H. Handy Sazerac Rye 2003 First Release comes from Buffalo Trace Distillery in Kentucky, USA, showcasing Bold Rye and Clove character typical of the region. At $68,000, this is a serious collector's bottle — allocated and rare, with delivery arranged directly where in stock.	https://caskworth.com/products/thomas-h-handy-sazerac-rye-2003-first-release	https://caskworth.com/assets/images/products/thomas-h-handy-sazerac-rye-2003-first-release.webp?v=20260915b	68000.0 USD	in_stock	new	Buffalo Trace Distillery	no	Food, Beverages & Tobacco > Beverages > Alcoholic Beverages > Liquor & Spirits	Bourbon
CW-9136	Thomas H. Handy Sazerac Rye	From Thomas H. Handy Distillery in Kentucky, USA, Thomas H. Handy Sazerac Rye layers Black Pepper and Rye Spice into a distinctive character. At $549.99, it's a genuine step up for a special occasion, with same-day delivery available in 33 U.S. states and 7 Canadian provinces.	https://caskworth.com/products/thomas-h-handy-sazerac-rye	https://caskworth.com/assets/images/products/thomas-h-handy-sazerac-rye.webp?v=20260915b	549.99 USD	in_stock	new	Thomas H. Handy Distillery	no	Food, Beverages & Tobacco > Beverages > Alcoholic Beverages > Liquor & Spirits	Bourbon
CW-9016	Tobermory / Ledaig	Tobermory Distillery's Tobermory / Ledaig draws on Scottish Islands's classic profile — Sea Spray, Peat and a touch of Citrus. Priced at $89.99, it's a reliable everyday pour, bottled at 40% ABV, with same-day delivery available in 33 U.S. states and 7 Canadian provinces.	https://caskworth.com/products/tobermory-single-malt-scotch	https://caskworth.com/assets/images/products/tobermory-single-malt-scotch.webp?v=20260915b	89.99 USD	in_stock	new	Tobermory Distillery	no	Food, Beverages & Tobacco > Beverages > Alcoholic Beverages > Liquor & Spirits	Bourbon
CW-9215	Togouchi	Togouchi comes from Togouchi Distillery in Japan, showcasing Honey and Light Smoke character typical of the region. Priced at $54.99, it's a reliable everyday pour, bottled at 40% ABV, with same-day delivery available in 33 U.S. states and 7 Canadian provinces.	https://caskworth.com/products/togouchi-whisky	https://caskworth.com/assets/images/products/togouchi-whisky.webp?v=20260915b	54.99 USD	in_stock	new	Togouchi Distillery	no	Food, Beverages & Tobacco > Beverages > Alcoholic Beverages > Liquor & Spirits	Bourbon
3701	Tomatin 12 Year	Tomatin Distillery's Tomatin 12 Year draws on Highland, Scotland's classic profile — Fruit, Vanilla and a touch of Light Toffee. Priced at $34.99, it's a reliable everyday pour, bottled at 43% ABV, with same-day delivery available in 33 U.S. states and 7 Canadian provinces.	https://caskworth.com/products/tomatin-12-year	https://caskworth.com/assets/images/products/tomatin-12-year.webp?v=20260915b	34.99 USD	in_stock	new	Tomatin Distillery	no	Food, Beverages & Tobacco > Beverages > Alcoholic Beverages > Liquor & Spirits	Bourbon
3702	Tomatin 18 Year	Tomatin 18 Year comes from Tomatin Distillery in Highland, Scotland, showcasing Sherry and Rich Fruit character typical of the region. At $79.99, it's an easy, versatile bottle for everyday drinking or gifting, with same-day delivery available in 33 U.S. states and 7 Canadian provinces.	https://caskworth.com/products/tomatin-18-year	https://caskworth.com/assets/images/products/tomatin-18-year.webp?v=20260915b	79.99 USD	in_stock	new	Tomatin Distillery	no	Food, Beverages & Tobacco > Beverages > Alcoholic Beverages > Liquor & Spirits	Bourbon
CW-9026	Tomintoul 10 Year	From Tomintoul Distillery in Speyside, Scotland, Tomintoul 10 Year layers Honey and Orchard Fruit into a distinctive character. Priced at $44.99, it's a reliable everyday pour, bottled at 40% ABV, with same-day delivery available in 33 U.S. states and 7 Canadian provinces.	https://caskworth.com/products/tomintoul-10-year	https://caskworth.com/assets/images/products/tomintoul-10-year.webp?v=20260915b	44.99 USD	in_stock	new	Tomintoul Distillery	no	Food, Beverages & Tobacco > Beverages > Alcoholic Beverages > Liquor & Spirits	Bourbon
5101	Torres 10 Year Brandy	Torres 10 Year Brandy comes from Torres in Penedès, Spain, showcasing Caramel and Vanilla character typical of the region. At $24.99, it's an easy, versatile bottle for everyday drinking or gifting, with same-day delivery available in 33 U.S. states and 7 Canadian provinces.	https://caskworth.com/products/torres-10-year-brandy	https://caskworth.com/assets/images/products/torres-10-year-brandy.webp?v=20260915b	24.99 USD	in_stock	new	Torres	no	Food, Beverages & Tobacco > Beverages > Alcoholic Beverages > Liquor & Spirits	Bourbon
5102	Torres 15 Year Brandy	Produced by Torres in Penedès, Spain, Torres 15 Year Brandy is built around Rich Caramel, Dried Fruit and Warm Spice. Priced at $34.99, it's a reliable everyday pour, bottled at 40% ABV, with same-day delivery available in 33 U.S. states and 7 Canadian provinces.	https://caskworth.com/products/torres-15-year-brandy	https://caskworth.com/assets/images/products/torres-15-year-brandy.webp?v=20260915b	34.99 USD	in_stock	new	Torres	no	Food, Beverages & Tobacco > Beverages > Alcoholic Beverages > Liquor & Spirits	Bourbon
5103	Torres 20 Year Brandy	From Torres in Penedès, Spain, Torres 20 Year Brandy layers Deep Caramel and Complex Fruit into a distinctive character. Priced at $44.99, it's a reliable everyday pour, bottled at 40% ABV, with same-day delivery available in 33 U.S. states and 7 Canadian provinces.	https://caskworth.com/products/torres-20-year-brandy	https://caskworth.com/assets/images/products/torres-20-year-brandy.webp?v=20260915b	44.99 USD	in_stock	new	Torres	no	Food, Beverages & Tobacco > Beverages > Alcoholic Beverages > Liquor & Spirits	Bourbon
ur_br104	Torres Reserva Privada 1922 Gran Reserva	Produced by Miguel Torres in Catalonia, Spain, Torres Reserva Privada 1922 Gran Reserva is built around Ancient Spanish Oak, Rich Dried Fruit and Historic Complexity. At $68,000, this is a serious collector's bottle — allocated and rare, with delivery arranged directly where in stock.	https://caskworth.com/products/torres-reserva-privada-1922-gran-reserva	https://caskworth.com/assets/images/products/torres-reserva-privada-1922-gran-reserva.webp?v=20260915b	68000.0 USD	in_stock	new	Miguel Torres	no	Food, Beverages & Tobacco > Beverages > Alcoholic Beverages > Liquor & Spirits	Bourbon
CW-9233	Tullamore D.E.W.	Produced by Tullamore D.E.W. Distillery in Ireland, Tullamore D.E.W. is built around Honey, Malt and Orchard Fruit. Priced at $31.99, it's a reliable everyday pour, bottled at 40% ABV, with same-day delivery available in 33 U.S. states and 7 Canadian provinces.	https://caskworth.com/products/tullamore-dew-irish-whiskey	https://caskworth.com/assets/images/products/tullamore-dew-irish-whiskey.webp?v=20260915b	31.99 USD	in_stock	new	Tullamore D.E.W. Distillery	no	Food, Beverages & Tobacco > Beverages > Alcoholic Beverages > Liquor & Spirits	Bourbon
CW-9021	Tullibardine	Tullibardine comes from Tullibardine Distillery in Highland, Scotland, showcasing Heather and Malt character typical of the region. Priced at $48.00, it's a reliable everyday pour, bottled at 40% ABV, with same-day delivery available in 33 U.S. states and 7 Canadian provinces.	https://caskworth.com/products/tullibardine-single-malt-scotch	https://caskworth.com/assets/images/products/tullibardine-single-malt-scotch.webp?v=20260915b	48.00 USD	in_stock	new	Tullibardine Distillery	no	Food, Beverages & Tobacco > Beverages > Alcoholic Beverages > Liquor & Spirits	Bourbon
CW-9171	Two Brewers	From Two Brewers Distillery in Yukon, Canada, Two Brewers layers Caramel and Vanilla into a distinctive character. At $119.99, it's a genuine step up for a special occasion, with same-day delivery available in 33 U.S. states and 7 Canadian provinces.	https://caskworth.com/products/two-brewers-whisky	https://caskworth.com/assets/images/products/two-brewers-whisky.webp?v=20260915b	119.99 USD	in_stock	new	Two Brewers Distillery	no	Food, Beverages & Tobacco > Beverages > Alcoholic Beverages > Liquor & Spirits	Bourbon
CW-9149	Vallein Tercinier	Produced by Vallein Tercinier in Cognac, France, Vallein Tercinier is built around Dried Fruit, Vanilla and Oak. At $149.99, it's a genuine step up for a special occasion, with same-day delivery available in 33 U.S. states and 7 Canadian provinces.	https://caskworth.com/products/vallein-tercinier-cognac	https://caskworth.com/assets/images/products/vallein-tercinier-cognac.webp?v=20260915b	149.99 USD	in_stock	new	Vallein Tercinier	no	Food, Beverages & Tobacco > Beverages > Alcoholic Beverages > Liquor & Spirits	Bourbon
CW-9060	Very Old Barton	From Very Old Barton Distillery in Kentucky, USA, Very Old Barton layers Caramel and Vanilla into a distinctive character. Priced at $35.00, it's a reliable everyday pour, bottled at 45% ABV, with same-day delivery available in 33 U.S. states and 7 Canadian provinces.	https://caskworth.com/products/very-old-barton-bourbon	https://caskworth.com/assets/images/products/very-old-barton-bourbon.webp?v=20260915b	35.00 USD	in_stock	new	Very Old Barton Distillery	no	Food, Beverages & Tobacco > Beverages > Alcoholic Beverages > Liquor & Spirits	Bourbon
CW-9104	Very Olde St. Nick 15 Year Ancient Cask	Very Olde St. Nick 15 Year Ancient Cask comes from Very Olde St. Nick Distillery in Kentucky, USA, showcasing Toffee and Oak character typical of the region. At $1500.00, this is a serious collector's bottle — allocated and rare, with delivery arranged directly where in stock.	https://caskworth.com/products/very-olde-st-nick-15-year-ancient-cask	https://caskworth.com/assets/images/products/very-olde-st-nick-15-year-ancient-cask.webp?v=20260915b	1500.00 USD	in_stock	new	Very Olde St. Nick Distillery	no	Food, Beverages & Tobacco > Beverages > Alcoholic Beverages > Liquor & Spirits	Bourbon
CW-9243	Waterford Whisky	Waterford Whisky comes from Waterford Whisky Distillery in Ireland, showcasing Honey and Malt character typical of the region. Priced at $61.99, it's a reliable everyday pour, bottled at 40% ABV, with same-day delivery available in 33 U.S. states and 7 Canadian provinces.	https://caskworth.com/products/waterford-irish-whisky	https://caskworth.com/assets/images/products/waterford-irish-whisky.webp?v=20260915b	61.99 USD	in_stock	new	Waterford Whisky Distillery	no	Food, Beverages & Tobacco > Beverages > Alcoholic Beverages > Liquor & Spirits	Bourbon
CW-9085	Wathen's Single Barrel	Wathen's Distillery's Wathen's Single Barrel draws on Kentucky, USA's classic profile — Caramel, Vanilla and a touch of Oak. At $52.00, it's an easy, versatile bottle for everyday drinking or gifting, with same-day delivery available in 33 U.S. states and 7 Canadian provinces.	https://caskworth.com/products/wathens-single-barrel	https://caskworth.com/assets/images/products/wathens-single-barrel.webp?v=20260915b	52.00 USD	in_stock	new	Wathen's Distillery	no	Food, Beverages & Tobacco > Beverages > Alcoholic Beverages > Liquor & Spirits	Bourbon
CW-9173	Wayne Gretzky No.99 Red Cask	Wayne Gretzky No.99 Red Cask comes from Wayne Gretzky No.99 Red Cask Distillery in Canada, showcasing Caramel and Vanilla character typical of the region. At $29.99, it's an easy, versatile bottle for everyday drinking or gifting, with same-day delivery available in 33 U.S. states and 7 Canadian provinces.	https://caskworth.com/products/wayne-gretzky-no99-red-cask	https://caskworth.com/assets/images/products/wayne-gretzky-no99-red-cask.webp?v=20260915b	29.99 USD	in_stock	new	Wayne Gretzky No.99 Red Cask Distillery	no	Food, Beverages & Tobacco > Beverages > Alcoholic Beverages > Liquor & Spirits	Bourbon
CW-9098	W.L. Weller 12 Year	Produced by W.L. Weller Distillery in Kentucky, USA, W.L. Weller 12 Year is built around Toffee, Oak and Dried Fruit. At $209.00, it's a genuine step up for a special occasion, with same-day delivery available in 33 U.S. states and 7 Canadian provinces.	https://caskworth.com/products/weller-12-year-bourbon	https://caskworth.com/assets/images/products/weller-12-year-bourbon.webp?v=20260915b	209.00 USD	in_stock	new	W.L. Weller Distillery	no	Food, Beverages & Tobacco > Beverages > Alcoholic Beverages > Liquor & Spirits	Bourbon
CW-9099	Weller Antique 107	Weller Antique 107 comes from Weller Antique 107 Distillery in Kentucky, USA, showcasing Toffee and Oak character typical of the region. At $84.99, it's an easy, versatile bottle for everyday drinking or gifting, with same-day delivery available in 33 U.S. states and 7 Canadian provinces.	https://caskworth.com/products/weller-antique-107	https://caskworth.com/assets/images/products/weller-antique-107.webp?v=20260915b	84.99 USD	in_stock	new	Weller Antique 107 Distillery	no	Food, Beverages & Tobacco > Beverages > Alcoholic Beverages > Liquor & Spirits	Bourbon
909	Weller Full Proof Bourbon	Buffalo Trace Distillery's Weller Full Proof Bourbon draws on Kentucky, USA's classic profile — Honey, Vanilla and a touch of Caramel. At $219.99, it's a genuine step up for a special occasion, with same-day delivery available in 33 U.S. states and 7 Canadian provinces.	https://caskworth.com/products/weller-full-proof-bourbon	https://caskworth.com/assets/images/products/weller-full-proof-bourbon.webp?v=20260915b	219.99 USD	in_stock	new	Buffalo Trace Distillery	no	Food, Beverages & Tobacco > Beverages > Alcoholic Beverages > Liquor & Spirits	Bourbon
CW-9041	Wemyss Spice King 8 Year	Wemyss Spice King Distillery's Wemyss Spice King 8 Year draws on Scotland's classic profile — Sherry, Dried Fruit and a touch of Spice. Priced at $51.99, it's a reliable everyday pour, bottled at 40% ABV, with same-day delivery available in 33 U.S. states and 7 Canadian provinces.	https://caskworth.com/products/wemyss-spice-king-8-year	https://caskworth.com/assets/images/products/wemyss-spice-king-8-year.webp?v=20260915b	51.99 USD	in_stock	new	Wemyss Spice King Distillery	no	Food, Beverages & Tobacco > Beverages > Alcoholic Beverages > Liquor & Spirits	Bourbon
CW-9245	West Cork Bourbon Cask	West Cork Bourbon Cask Distillery's West Cork Bourbon Cask draws on Ireland's classic profile — Honey, Malt and a touch of Orchard Fruit. Priced at $30.99, it's a reliable everyday pour, bottled at 40% ABV, with same-day delivery available in 33 U.S. states and 7 Canadian provinces.	https://caskworth.com/products/west-cork-bourbon-cask	https://caskworth.com/assets/images/products/west-cork-bourbon-cask.webp?v=20260915b	30.99 USD	in_stock	new	West Cork Bourbon Cask Distillery	no	Food, Beverages & Tobacco > Beverages > Alcoholic Beverages > Liquor & Spirits	Bourbon
503	WhistlePig 10 Year	WhistlePig Farm's WhistlePig 10 Year draws on Vermont, USA's classic profile — Clove, Black Pepper and a touch of Dried Fruit. At $79.99, it's an easy, versatile bottle for everyday drinking or gifting, with same-day delivery available in 33 U.S. states and 7 Canadian provinces.	https://caskworth.com/products/whistlepig-10-year	https://caskworth.com/assets/images/products/whistlepig-10-year.webp?v=20260915b	79.99 USD	in_stock	new	WhistlePig Farm	no	Food, Beverages & Tobacco > Beverages > Alcoholic Beverages > Liquor & Spirits	Bourbon
935	WhistlePig 15 Year Vermont Estate Oak	WhistlePig Farm's WhistlePig 15 Year Vermont Estate Oak draws on Vermont, USA's classic profile — Vermont Oak, Clove and a touch of Dried Fruit. At $249.99, it's a genuine step up for a special occasion, with same-day delivery available in 33 U.S. states and 7 Canadian provinces.	https://caskworth.com/products/whistlepig-15-year-vermont-estate-oak	https://caskworth.com/assets/images/products/whistlepig-15-year-vermont-estate-oak.webp?v=20260915b	249.99 USD	in_stock	new	WhistlePig Farm	no	Food, Beverages & Tobacco > Beverages > Alcoholic Beverages > Liquor & Spirits	Bourbon
936	WhistlePig 18 Year Double Malt Rye	WhistlePig Farm's WhistlePig 18 Year Double Malt Rye draws on Vermont, USA's classic profile — Baked Apple, Cinnamon and a touch of Rich Rye. Bottled at 46% ABV and priced at $449.99, it rewards drinkers looking to move beyond entry-level bottles, with same-day delivery available where in stock.	https://caskworth.com/products/whistlepig-18-year-double-malt-rye	https://caskworth.com/assets/images/products/whistlepig-18-year-double-malt-rye.webp?v=20260915b	449.99 USD	in_stock	new	WhistlePig Farm	no	Food, Beverages & Tobacco > Beverages > Alcoholic Beverages > Liquor & Spirits	Bourbon
ur_r102	WhistlePig Boss Hog Spirit of Mauve Special Edition	From WhistlePig Farm in Vermont, USA, WhistlePig Boss Hog Spirit of Mauve Special Edition layers Complex Rye and Dark Spice into a distinctive character. Priced at $89,000, it's aimed squarely at collectors rather than everyday drinking, with delivery arranged directly where in stock.	https://caskworth.com/products/whistlepig-boss-hog-spirit-of-mauve-special-edition	https://caskworth.com/assets/images/products/whistlepig-boss-hog-spirit-of-mauve-special-edition.webp?v=20260915b	89000.0 USD	in_stock	new	WhistlePig Farm	no	Food, Beverages & Tobacco > Beverages > Alcoholic Beverages > Liquor & Spirits	Bourbon
ca_can121	WhistlePig FarmStock Rye Crop No.003	Various's WhistlePig FarmStock Rye Crop No.003 draws on Canada's classic profile — Vanilla, Oak and a touch of Smooth. At $649.99, it's a genuine step up for a special occasion, with same-day delivery available in 33 U.S. states and 7 Canadian provinces.	https://caskworth.com/products/whistlepig-farmstock-rye-crop-no003	https://caskworth.com/assets/images/products/whistlepig-farmstock-rye-crop-no003.webp?v=20260915b	649.99 USD	in_stock	new	WhistlePig Farm	no	Food, Beverages & Tobacco > Beverages > Alcoholic Beverages > Liquor & Spirits	Bourbon
937	WhistlePig The Boss Hog IX	From WhistlePig Farm in Vermont, USA, WhistlePig The Boss Hog IX layers Bold Spice and Dark Fruit into a distinctive character. Bottled at 51.4% ABV and priced at $499.99, it rewards drinkers looking to move beyond entry-level bottles, with same-day delivery available where in stock.	https://caskworth.com/products/whistlepig-the-boss-hog-ix	https://caskworth.com/assets/images/products/whistlepig-the-boss-hog-ix.webp?v=20260915b	499.99 USD	in_stock	new	WhistlePig Farm	no	Food, Beverages & Tobacco > Beverages > Alcoholic Beverages > Liquor & Spirits	Bourbon
1030	WhistlePig The Boss Hog: Magellan's Atlantic	Produced by WhistlePig Farm in Vermont, USA, WhistlePig The Boss Hog: Magellan's Atlantic is built around Atlantic Sea Spray, Tropical Rye and Dark Fruit. At $9,000, this is a serious collector's bottle — allocated and rare, with delivery arranged directly where in stock.	https://caskworth.com/products/whistlepig-the-boss-hog-magellans-atlantic	https://caskworth.com/assets/images/products/whistlepig-the-boss-hog-magellans-atlantic.webp?v=20260915b	8999.99 USD	in_stock	new	WhistlePig Farm	no	Food, Beverages & Tobacco > Beverages > Alcoholic Beverages > Liquor & Spirits	Bourbon
CW-9004	White Horse	White Horse comes from White Horse Distillery in Scotland, showcasing Honey and Malt character typical of the region. At $33.49, it's an easy, versatile bottle for everyday drinking or gifting, with same-day delivery available in 33 U.S. states and 7 Canadian provinces.	https://caskworth.com/products/white-horse-scotch-whisky	https://caskworth.com/assets/images/products/white-horse-scotch-whisky.webp?v=20260915b	33.49 USD	in_stock	new	White Horse Distillery	no	Food, Beverages & Tobacco > Beverages > Alcoholic Beverages > Liquor & Spirits	Bourbon
CW-9006	Whyte & Mackay	Produced by Whyte & Mackay Distillery in Scotland, Whyte & Mackay is built around Honey, Malt and Soft Smoke. Priced at $89.99, it's a reliable everyday pour, bottled at 40% ABV, with same-day delivery available in 33 U.S. states and 7 Canadian provinces.	https://caskworth.com/products/whyte-and-mackay-scotch-whisky	https://caskworth.com/assets/images/products/whyte-and-mackay-scotch-whisky.webp?v=20260915b	89.99 USD	in_stock	new	Whyte & Mackay Distillery	no	Food, Beverages & Tobacco > Beverages > Alcoholic Beverages > Liquor & Spirits	Bourbon
CW-9054	Widow Jane	From Widow Jane Distillery in New York, USA, Widow Jane layers Caramel and Vanilla into a distinctive character. At $75.00, it's an easy, versatile bottle for everyday drinking or gifting, with same-day delivery available in 33 U.S. states and 7 Canadian provinces.	https://caskworth.com/products/widow-jane-bourbon	https://caskworth.com/assets/images/products/widow-jane-bourbon.webp?v=20260915b	75.00 USD	in_stock	new	Widow Jane Distillery	no	Food, Beverages & Tobacco > Beverages > Alcoholic Beverages > Liquor & Spirits	Bourbon
107	Wild Turkey 101	Wild Turkey Distillery's Wild Turkey 101 draws on Kentucky, USA's classic profile — Vanilla, Bold Spice and a touch of Oak. Priced at $24.99, it's a reliable everyday pour, bottled at 50.5% ABV, with same-day delivery available in 33 U.S. states and 7 Canadian provinces.	https://caskworth.com/products/wild-turkey-101	https://caskworth.com/assets/images/products/wild-turkey-101.webp?v=20260915b	24.99 USD	in_stock	new	Wild Turkey Distillery	no	Food, Beverages & Tobacco > Beverages > Alcoholic Beverages > Liquor & Spirits	Bourbon
108	Wild Turkey Rare Breed	Produced by Wild Turkey Distillery in Kentucky, USA, Wild Turkey Rare Breed is built around Caramel, Tobacco and Dark Spice. Priced at $39.99, it's a reliable everyday pour, bottled at 58.4% ABV, with same-day delivery available in 33 U.S. states and 7 Canadian provinces.	https://caskworth.com/products/wild-turkey-rare-breed	https://caskworth.com/assets/images/products/wild-turkey-101.webp?v=20260915b	39.99 USD	in_stock	new	Wild Turkey Distillery	no	Food, Beverages & Tobacco > Beverages > Alcoholic Beverages > Liquor & Spirits	Bourbon
CW-9123	Wild Turkey Rye 101	From Wild Turkey Rye 101 Distillery in Kentucky, USA, Wild Turkey Rye 101 layers Black Pepper and Rye Spice into a distinctive character. Priced at $41.99, it's a reliable everyday pour, bottled at 50.5% ABV, with same-day delivery available in 33 U.S. states and 7 Canadian provinces.	https://caskworth.com/products/wild-turkey-rye-101	https://caskworth.com/assets/images/products/wild-turkey-rye-101.webp?v=20260915b	41.99 USD	in_stock	new	Wild Turkey Rye 101 Distillery	no	Food, Beverages & Tobacco > Beverages > Alcoholic Beverages > Liquor & Spirits	Bourbon
CW-9053	Wilderness Trail	Produced by Wilderness Trail Distillery in Kentucky, USA, Wilderness Trail is built around Caramel, Vanilla and Oak. At $56.99, it's an easy, versatile bottle for everyday drinking or gifting, with same-day delivery available in 33 U.S. states and 7 Canadian provinces.	https://caskworth.com/products/wilderness-trail-bourbon	https://caskworth.com/assets/images/products/wilderness-trail-bourbon.webp?v=20260915b	56.99 USD	in_stock	new	Wilderness Trail Distillery	no	Food, Beverages & Tobacco > Beverages > Alcoholic Beverages > Liquor & Spirits	Bourbon
CW-9049	Willett Family Estate / Pot Still	Produced by Willett Distillery in Kentucky, USA, Willett Family Estate / Pot Still is built around Caramel, Vanilla and Oak. Priced at $40.99, it's a reliable everyday pour, bottled at 45% ABV, with same-day delivery available in 33 U.S. states and 7 Canadian provinces.	https://caskworth.com/products/willett-bourbon	https://caskworth.com/assets/images/products/willett-bourbon.webp?v=20260915b	40.99 USD	in_stock	new	Willett Distillery	no	Food, Beverages & Tobacco > Beverages > Alcoholic Beverages > Liquor & Spirits	Bourbon
CW-9095	Willett Family Estate Single Barrel	Produced by Willett Distillery in Kentucky, USA, Willett Family Estate Single Barrel is built around Toffee, Oak and Dried Fruit. At $941.00, it's a genuine step up for a special occasion, with same-day delivery available in 33 U.S. states and 7 Canadian provinces.	https://caskworth.com/products/willett-family-estate-single-barrel	https://caskworth.com/assets/images/products/willett-family-estate-single-barrel.webp?v=20260915b	941.00 USD	in_stock	new	Willett Distillery	no	Food, Beverages & Tobacco > Beverages > Alcoholic Beverages > Liquor & Spirits	Bourbon
904	William Larue Weller Barrel Proof	Produced by Buffalo Trace Distillery in Kentucky, USA, William Larue Weller Barrel Proof is built around Honey, Caramel and Vanilla. Bottled at 62.4% ABV and priced at $499.99, it rewards drinkers looking to move beyond entry-level bottles, with same-day delivery available where in stock.	https://caskworth.com/products/william-larue-weller-barrel-proof	https://caskworth.com/assets/images/products/william-larue-weller-barrel-proof.webp?v=20260915b	499.99 USD	in_stock	new	Buffalo Trace Distillery	no	Food, Beverages & Tobacco > Beverages > Alcoholic Beverages > Liquor & Spirits	Bourbon
CW-9018	Wolfburn	Wolfburn Distillery's Wolfburn draws on Highland, Scotland's classic profile — Heather, Malt and a touch of Gentle Spice. At $71.99, it's an easy, versatile bottle for everyday drinking or gifting, with same-day delivery available in 33 U.S. states and 7 Canadian provinces.	https://caskworth.com/products/wolfburn-single-malt-scotch	https://caskworth.com/assets/images/products/wolfburn-single-malt-scotch.webp?v=20260915b	71.99 USD	in_stock	new	Wolfburn Distillery	no	Food, Beverages & Tobacco > Beverages > Alcoholic Beverages > Liquor & Spirits	Bourbon
103	Woodford Reserve Distiller's Select	Woodford Reserve Distiller's Select comes from Woodford Reserve in Kentucky, USA, showcasing Dried Fruit and Vanilla character typical of the region. At $34.99, it's an easy, versatile bottle for everyday drinking or gifting, with same-day delivery available in 33 U.S. states and 7 Canadian provinces.	https://caskworth.com/products/woodford-reserve-distillers-select	https://caskworth.com/assets/images/products/woodford-reserve-distillers-select.webp?v=20260915b	34.99 USD	in_stock	new	Woodford Reserve	no	Food, Beverages & Tobacco > Beverages > Alcoholic Beverages > Liquor & Spirits	Bourbon
104	Woodford Reserve Double Oaked	Woodford Reserve's Woodford Reserve Double Oaked draws on Kentucky, USA's classic profile — Dark Chocolate, Honey and a touch of Toasted Oak. At $49.99, it's an easy, versatile bottle for everyday drinking or gifting, with same-day delivery available in 33 U.S. states and 7 Canadian provinces.	https://caskworth.com/products/woodford-reserve-double-oaked	https://caskworth.com/assets/images/products/woodford-reserve-double-oaked.webp?v=20260915b	49.99 USD	in_stock	new	Woodford Reserve	no	Food, Beverages & Tobacco > Beverages > Alcoholic Beverages > Liquor & Spirits	Bourbon
801	Woodford Reserve Gift Set with Glasses	Produced by Woodford Reserve in Kentucky, USA, Woodford Reserve Gift Set with Glasses is built around Dried Fruit, Vanilla and Spice. Priced at $59.99, it's a reliable everyday pour, bottled at 45.2% ABV, with same-day delivery available in 33 U.S. states and 7 Canadian provinces.	https://caskworth.com/products/woodford-reserve-gift-set-with-glasses	https://caskworth.com/assets/images/products/woodford-reserve-gift-set-with-glasses.webp?v=20260915b	59.99 USD	in_stock	new	Woodford Reserve	no	Food, Beverages & Tobacco > Beverages > Alcoholic Beverages > Liquor & Spirits	Bourbon
CW-9120	Woodford Reserve Rye	Woodford Reserve Rye comes from Woodford Reserve Rye Distillery in Kentucky, USA, showcasing Black Pepper and Rye Spice character typical of the region. At $41.99, it's an easy, versatile bottle for everyday drinking or gifting, with same-day delivery available in 33 U.S. states and 7 Canadian provinces.	https://caskworth.com/products/woodford-reserve-rye	https://caskworth.com/assets/images/products/woodford-reserve-rye.webp?v=20260915b	41.99 USD	in_stock	new	Woodford Reserve Rye Distillery	no	Food, Beverages & Tobacco > Beverages > Alcoholic Beverages > Liquor & Spirits	Bourbon
CW-9235	Writers' Tears	From Writers' Tears Distillery in Ireland, Writers' Tears layers Honey and Malt into a distinctive character. At $45.99, it's an easy, versatile bottle for everyday drinking or gifting, with same-day delivery available in 33 U.S. states and 7 Canadian provinces.	https://caskworth.com/products/writers-tears-irish-whiskey	https://caskworth.com/assets/images/products/writers-tears-irish-whiskey.webp?v=20260915b	45.99 USD	in_stock	new	Writers' Tears Distillery	no	Food, Beverages & Tobacco > Beverages > Alcoholic Beverages > Liquor & Spirits	Bourbon
CW-9073	Wyoming Whiskey Small Batch	Wyoming Whiskey Small Batch comes from Wyoming Whiskey Distillery in Wyoming, USA, showcasing Caramel and Vanilla character typical of the region. At $39.99, it's an easy, versatile bottle for everyday drinking or gifting, with same-day delivery available in 33 U.S. states and 7 Canadian provinces.	https://caskworth.com/products/wyoming-whiskey-small-batch	https://caskworth.com/assets/images/products/wyoming-whiskey-small-batch.webp?v=20260915b	39.99 USD	in_stock	new	Wyoming Whiskey Distillery	no	Food, Beverages & Tobacco > Beverages > Alcoholic Beverages > Liquor & Spirits	Bourbon
CW-9225	Yamato Takeda Shingen Edition	Yamato Takeda Shingen Edition comes from Yamato Takeda Shingen Edition Distillery in Japan, showcasing Honey and Light Smoke character typical of the region. Bottled at 40% ABV and priced at $161.99, it rewards drinkers looking to move beyond entry-level bottles, with same-day delivery available where in stock.	https://caskworth.com/products/yamato-takeda-shingen-edition	https://caskworth.com/assets/images/products/yamato-takeda-shingen-edition.webp?v=20260915b	161.99 USD	in_stock	new	Yamato Takeda Shingen Edition Distillery	no	Food, Beverages & Tobacco > Beverages > Alcoholic Beverages > Liquor & Spirits	Bourbon
403	Yamazaki 12 Year	Produced by Yamazaki Distillery in Japan, Yamazaki 12 Year is built around Peach, Pineapple and Clove. Bottled at 43% ABV and priced at $149.99, it rewards drinkers looking to move beyond entry-level bottles, with same-day delivery available where in stock.	https://caskworth.com/products/yamazaki-12-year	https://caskworth.com/assets/images/products/yamazaki-12-year.webp?v=20260915b	149.99 USD	in_stock	new	Yamazaki Distillery	no	Food, Beverages & Tobacco > Beverages > Alcoholic Beverages > Liquor & Spirits	Bourbon
923	Yamazaki 18 Year	From Yamazaki Distillery in Japan, Yamazaki 18 Year layers Plum and Peach into a distinctive character. Bottled at 43% ABV and priced at $499.99, it rewards drinkers looking to move beyond entry-level bottles, with same-day delivery available where in stock.	https://caskworth.com/products/yamazaki-18-year	https://caskworth.com/assets/images/products/yamazaki-18-year.webp?v=20260915b	499.99 USD	in_stock	new	Yamazaki Distillery	no	Food, Beverages & Tobacco > Beverages > Alcoholic Beverages > Liquor & Spirits	Bourbon
924	Yamazaki 25 Year	From Yamazaki Distillery in Japan, Yamazaki 25 Year layers Sandalwood and Dark Fruit into a distinctive character. At $4,500, this is a serious collector's bottle — allocated and rare, with delivery arranged directly where in stock.	https://caskworth.com/products/yamazaki-25-year	https://caskworth.com/assets/images/products/yamazaki-25-year.webp?v=20260915b	4499.99 USD	in_stock	new	Yamazaki Distillery	no	Food, Beverages & Tobacco > Beverages > Alcoholic Beverages > Liquor & Spirits	Bourbon
1016	Yamazaki 35 Year	Yamazaki 35 Year comes from Yamazaki Distillery in Japan, showcasing Deep Sandalwood and Ancient Fruit character typical of the region. Priced at $15,000, it's aimed squarely at collectors rather than everyday drinking, with delivery arranged directly where in stock.	https://caskworth.com/products/yamazaki-35-year	https://caskworth.com/assets/images/products/yamazaki-35-year.webp?v=20260915b	14999.99 USD	in_stock	new	Yamazaki Distillery	no	Food, Beverages & Tobacco > Beverages > Alcoholic Beverages > Liquor & Spirits	Bourbon
1017	Yamazaki 50 Year	From Yamazaki Distillery in Japan, Yamazaki 50 Year layers Timeless Sandalwood and Ancient Fruit into a distinctive character. At $50,000, this is a serious collector's bottle — allocated and rare, with delivery arranged directly where in stock.	https://caskworth.com/products/yamazaki-50-year	https://caskworth.com/assets/images/products/yamazaki-50-year.webp?v=20260915b	49999.99 USD	in_stock	new	Yamazaki Distillery	no	Food, Beverages & Tobacco > Beverages > Alcoholic Beverages > Liquor & Spirits	Bourbon
ur_j101	Yamazaki 55 Year 2021 Release	Yamazaki Distillery's Yamazaki 55 Year 2021 Release draws on Japan's classic profile — Ancient Mizunara, Sandalwood and a touch of Profound Complexity. Priced at $600,000, it's aimed squarely at collectors rather than everyday drinking, with delivery arranged directly where in stock.	https://caskworth.com/products/yamazaki-55-year-2021-release	https://caskworth.com/assets/images/products/yamazaki-55-year-2021-release.webp?v=20260915b	600000.0 USD	in_stock	new	Yamazaki Distillery	no	Food, Beverages & Tobacco > Beverages > Alcoholic Beverages > Liquor & Spirits	Bourbon
CW-9236	Yellow Spot	Yellow Spot Distillery's Yellow Spot draws on Ireland's classic profile — Honey, Malt and a touch of Orchard Fruit. At $89.99, it's an easy, versatile bottle for everyday drinking or gifting, with same-day delivery available in 33 U.S. states and 7 Canadian provinces.	https://caskworth.com/products/yellow-spot-irish-whiskey	https://caskworth.com/assets/images/products/yellow-spot-irish-whiskey.webp?v=20260915b	89.99 USD	in_stock	new	Yellow Spot Distillery	no	Food, Beverages & Tobacco > Beverages > Alcoholic Beverages > Liquor & Spirits	Bourbon
CW-9070	Yellowstone Bourbon	From Yellowstone Bourbon Distillery in Kentucky, USA, Yellowstone Bourbon layers Caramel and Vanilla into a distinctive character. At $29.99, it's an easy, versatile bottle for everyday drinking or gifting, with same-day delivery available in 33 U.S. states and 7 Canadian provinces.	https://caskworth.com/products/yellowstone-bourbon	https://caskworth.com/assets/images/products/yellowstone-bourbon.webp?v=20260915b	29.99 USD	in_stock	new	Yellowstone Bourbon Distillery	no	Food, Beverages & Tobacco > Beverages > Alcoholic Beverages > Liquor & Spirits	Bourbon
